evidence_record_id,study_reference_id,within_study_evidence_no,author_year,title,evidence_location,evidence_source_original,evidence_source_category,pathway_level_1_original,pathway_level_1_category,pathway_level_2_original,pathway_level_2_corrected_original,climate_factor_original,pathogen,amr_outcome_original,mechanism_chain_original,original_quote,evidence_type_original,evidence_type_category,mechanism_support_original,mechanism_support_category,effect_direction_original,effect_direction_category,time_scale_original,time_scale_category,spatial_context_original,spatial_context_category,extraction_date
EVID_002-M1,2,1,Eber (2011),Seasonal and Temperature-Associated Increases in Gram-Negative Bacterial Bloodstream Infections among Hospitalized Patients,Discussion-p.4-para.3,1-Results实验数据,Results,3-生态社会介导,Socio-ecological mediation,3a-疾病负担,3b-人用抗生素（感染增加）,温度-季节平均温度变化,Acinetobacter spp; P.aeruginosa ;K. pneumoniae,临床感染率上升,夏季温度升高 →  耐药革兰阴性菌血流感染频率↑（耐药表型相关临床感染率上升）,"Table 3 also shows adjusted associations of temperature and
bacterial BSI frequencies separately within each season. In winter,
spring, and fall, higher temperature was positively and significantly
associated with infections caused by each Gram-negative organism
examined and by S. aureus. In summer, higher temperature was
positively and significantly associated with infections caused by
each Gram-negative pathogen except E. coli.",2-观察性数据,Observational,2-间接数据支持,Indirect empirical support,1-促进AMR,Promoting AMR,2-观察累积,Observational cumulative/seasonal,4-宿主体内,Within host / clinical,2025-12-25
EVID_002-M1,2,1,Eber (2011),Seasonal and Temperature-Associated Increases in Gram-Negative Bacterial Bloodstream Infections among Hospitalized Patients,Discussion-p.4-para.3,3-Discussion数据解释,Discussion interpretation,1-直接生物学效应,Direct biological mechanisms,1a-生长代谢,1a-生长代谢,温度-季节平均温度变化,Acinetobacter spp; P.aeruginosa ;K. pneumoniae,临床感染率上升,温度升高 → 环境中革兰阴性菌生长↑、人群定植/暴露机会↑ → 耐药革兰阴性菌血流感染频率↑（耐药表型相关临床感染率上升）,"There are several potential explanations for the observed
association of Gram-negative BSI frequency with outdoor
temperature levels. First, higher temperatures may facilitate
increased growth of bacteria in the environment, which may, in
turn, increase colonization of humans [3,14]. ",5-理论推测,Theoretical/projection,3-理论推测,Theoretical support,1-促进AMR,Promoting AMR,2-观察累积,Observational cumulative/seasonal,5-未明确,Mixed or unspecified,2025-12-25
EVID_002-M2,2,2,Eber (2011),Seasonal and Temperature-Associated Increases in Gram-Negative Bacterial Bloodstream Infections among Hospitalized Patients,Discussion-p.4-para.3,3-Discussion数据解释,Discussion interpretation,1-直接生物学效应,Direct biological mechanisms,1a-生长代谢,1a-生长代谢,温度-季节平均温度变化,Acinetobacter spp; P.aeruginosa ;K. pneumoniae,临床感染率上升,温度升高 →革兰阴性菌毒力↑ → 温暖时期耐药革兰阴性菌血流相关临床感染率上升↑," Second, evidence
suggests that elevated temperatures may be associated with
increased virulence of Gram-negative bacteria [17,18]. The lipid
A moiety of lipopolysaccharide, which forms the outer monolayer
of the outermost membrane of most Gram-negative bacteria, is
regulated by environmental conditions and is known to modulate
virulence in Gram-negative organisms [17,18]. Thus, it is possible
that temperature may modulate the virulence of Gram-negative
bacteria, contributing to increases in infection incidence in warmer
periods.",5-理论推测,Theoretical/projection,3-理论推测,Theoretical support,1-促进AMR,Promoting AMR,2-观察累积,Observational cumulative/seasonal,5-未明确,Mixed or unspecified,2025-12-25
EVID_004-M1,4,1,Sahoo (2014),Climatic Factors and Community—Associated Methicillin-Resistant Staphylococcus aureus Skin and Soft-Tissue Infections—A Time-Series Analysis Study,Results-p.7-para.2,1-Results实验数据,Results,4-宿主易感性,Host susceptibility pathways,1a-生长代谢,4a-免疫与屏障功能,综合-多因子,MRSA,临床感染率上升,周均最高温>33°C且相对湿度55%–78% →  社区相关MRSA皮肤软组织感染病例数↑（临床感染率上升）,"…MRSA… significantly increased together with the weekly average maximum temperature when above 33 °C (coef. 0.57, p = 0.044)… (p.8)；""…maximum temperature above 33 °C… coinciding with a relative humidity between 55% and 78% is a favorable condition for… MRSA infections."" (p.10)",2-观察性数据,Observational,2-间接数据支持,Indirect empirical support,1-促进AMR,Promoting AMR,2-观察累积,Observational cumulative/seasonal,4-宿主体内,Within host / clinical,2025-12-25
EVID_004-M1,4,1,Sahoo (2014),Climatic Factors and Community—Associated Methicillin-Resistant Staphylococcus aureus Skin and Soft-Tissue Infections—A Time-Series Analysis Study,Discussion-p.8-para.3,2-Results+Discussion整合,Results and discussion integration,1-直接生物学效应,Direct biological mechanisms,4c-并发症,4a-免疫与屏障功能,综合-多因子,MRSA,临床感染率上升,周均最高温>33°C且相对湿度55%–78%是有利组合 → 出汗/皮肤角质层水合↑、有利于S.aureus在皮肤生长定植并促进人际传播 → 社区相关MRSA皮肤软组织感染病例数↑（临床感染率上升）,"The colonization of S. aureus increases with
hydration of the stratum corneum of the skin [27]. The process of hydration peaks when both
environmental temperature and relative humidity are high, which promote sweat production [8,9].",5-理论推测,Theoretical/projection,3-理论推测,Theoretical support,1-促进AMR,Promoting AMR,4-未明确,Conceptual or unclear,4-宿主体内,Within host / clinical,2025-12-25
EVID_004-M2,4,2,Sahoo (2014),Climatic Factors and Community—Associated Methicillin-Resistant Staphylococcus aureus Skin and Soft-Tissue Infections—A Time-Series Analysis Study,Discussion-p.9-para.3,4-Discussion理论推测,Discussion theoretical interpretation,4-宿主易感性,Host susceptibility pathways,2f-其他环境介导,4a-免疫与屏障功能,综合-多因子,MRSA,临床感染率上升,高温和高湿度 → 过度拥挤的地方（人群密度高） → 大量汗水，耐药细菌繁殖增加 ,"In countries like India, socio-behavioral environmental factors accentuate the effect of climatic factors on bacterial survival and colonization contributing to increased risk of infections at increased temperatures. These factors, amongst others, can be for example, (a) places of overcrowding, which accentuate the effect of high temperature and humidity resulting in profuse sweating creating favorable condition for proliferation of bacteria;",5-理论推测,Theoretical/projection,3-理论推测,Theoretical support,1-促进AMR,Promoting AMR,4-未明确,Conceptual or unclear,5-未明确,Mixed or unspecified,2025-12-25
EVID_004-M2,4,2,Sahoo (2014),Climatic Factors and Community—Associated Methicillin-Resistant Staphylococcus aureus Skin and Soft-Tissue Infections—A Time-Series Analysis Study,Discussion-p.9-para.3,4-Discussion理论推测,Discussion theoretical interpretation,3-生态社会介导,Socio-ecological mediation,2c-基础设施破坏,3g-其他社会介导-社会经济脆弱性,综合-多因子,MRSA,临床感染率上升,高温和高湿度 → 基础设施条件差 → 感染风险增加,"; (b) limited water availability that results in poor hygiene,
a consequence of which is perpetuation of infections and also transmission of them to others and;",5-理论推测,Theoretical/projection,3-理论推测,Theoretical support,1-促进AMR,Promoting AMR,4-未明确,Conceptual or unclear,5-未明确,Mixed or unspecified,2025-12-25
EVID_004-M2,4,2,Sahoo (2014),Climatic Factors and Community—Associated Methicillin-Resistant Staphylococcus aureus Skin and Soft-Tissue Infections—A Time-Series Analysis Study,Discussion-p.9-para.3,4-Discussion理论推测,Discussion theoretical interpretation,3-生态社会介导,Socio-ecological mediation,3c-兽用抗生素,3c-兽用抗生素,综合-多因子,MRSA,临床感染率上升,高温和高湿度 → 牲畜相关的MRSA在人类接触中发生 → 人群中的耐药细菌繁殖可能增加（但机制尚不完全明确）,"To this can also be added a fact that livestock are an integral part of the household environment in rural India. Livestock associated MRSA occurring in human contacts, is a potential public health problem, the magnitude and implications of which have not been fully understood in India [34]. ",5-理论推测,Theoretical/projection,3-理论推测,Theoretical support,1-促进AMR,Promoting AMR,4-未明确,Conceptual or unclear,5-未明确,Mixed or unspecified,2025-12-25
EVID_005-M1,5,1,Blancoet al. (2017),Effect of meteorological factors and geographic location on methicillin-resistant Staphylococcus aureus and vancomycin-resistant enterococci colonization in the US,Results-p.9-para.5,1-Results实验数据,Results,3-生态社会介导,Socio-ecological mediation,4c-并发症,3b-人用抗生素（感染增加）,湿度-升高,MRSA；VRE,耐药菌定植率上升,相对湿度升高→MRSA定植率上升,"For MRSA, only relative humidity remained significant in this multivariate model (Table 3). For every 1% increase ofrelative humidity, there was approximately a 0.9% increase in MRSA colonization when controlling for the other meteorological variables (p = 0.010). For VRE, only relative humidity approached significance in this multivariate model
(Table 4). For every 1% increase ofrelative humidity, there was approximately a 0.8% increase in VRE colonization when controlling for the other meteorological variables (p = 0.064).",2-观察性数据,Observational,2-间接数据支持,Indirect empirical support,1-促进AMR,Promoting AMR,2-观察累积,Observational cumulative/seasonal,4-宿主体内,Within host / clinical,2025-12-25
EVID_005-M2,5,2,Blancoet al. (2017),Effect of meteorological factors and geographic location on methicillin-resistant Staphylococcus aureus and vancomycin-resistant enterococci colonization in the US,Discussion-p.10-para.1,1-Results实验数据,Results,1-直接生物学效应,Direct biological mechanisms,1a-生长代谢,可删除,其他-纬度,MRSA；VRE,耐药菌定植率上升,纬度降低（更偏南）→MRSA定植增加→MRSA定植率上升,"For MRSA and VRE, a 10% increase in relative humidity led to an 8–9% increase in prevalence rate. Furthermore, we observed a stronger effect ofgeographical location on colonization. Interestingly, the direction ofthis association varied by pathogen. The closer to the equator, the higher the observed MRSA colonization but the lower the observed VRE colonization.",2-观察性数据,Observational,2-间接数据支持,Indirect empirical support,3-双向作用,Bidirectional or mixed,2-观察累积,Observational cumulative/seasonal,4-宿主体内,Within host / clinical,2025-12-25
EVID_006-M1,6,1,Di Cesareet al. (2017),Rainfall increases the abundance of antibiotic resistance genes within a riverine microbial community,Discussion-p.5-para.7,2-Results+Discussion整合,Results and discussion integration,2-环境介导,Environment-mediated pathways,2d-水土理化性质,2d-水土理化性质,其他-中等降雨事件,"ARGs (tetA, ermB,
blaCTXM, sulII, and qnrS)",耐药基因丰度增加,降雨增强→径流携带/沉积物再悬浮与营养盐输入增加→河流微生物群ARG丰度上升,"“We found an increase of N-NH4 and TP concentrations during
the rain event, as a result of runoff entering the river and of soil
resuspension, with a consequent release of previously bounded P
and N. In particular, stormwater originating during the event may
have delivered nutrients deriving from residential or agricultural
areas to the river (Hathaway et al., 2012). Altogether, our results
support the hypothesis that the ARGs, nutrients, and aggregates
found in the Toce water during the rain event derive from the
catchment.”",2-观察性数据,Observational,2-间接数据支持,Indirect empirical support,1-促进AMR,Promoting AMR,2-观察累积,Observational cumulative/seasonal,2-自然环境,Natural environment,2025-12-26
EVID_7-M1,7,1,Garner et al. (2017),Stormwater loadings of antibiotic resistance genes in an urban stream,Introduction-p.2-para.3,6 综述整合,Review synthesis,2 环境介导,Environment-mediated pathways,2b-抗生素残留,2c-水文条件；2b-抗生素残留,降水-极端降雨,环境细菌群落（stormwater/urban stream microbes）,耐药基因丰度增加,极端降水/暴雨径流（stormwater）→携带抗生素/重金属等污染物进入径流并形成亚抑制浓度选择压力→携带ARG的细菌被选择与扩增→ARG丰度增加,"“Stormwater in particular possesses many characteristics that may lead to the selection and amplification of these genes… It also frequently contains substantial quantities of heavy metals… and antibiotics… which are both well-known to select bacteria that possess ARGs, even at sub-inhibitory concentrations…”",4-文献综述,Review-based,文献综述总结,Review-based support,促进AMR,Promoting AMR,4-未明确,Conceptual or unclear,3-人造环境,Built or engineered environment,2025-12-26
EVID_7-M2,7,2,Garner et al. (2017),Stormwater loadings of antibiotic resistance genes in an urban stream,Introduction-p.2-para.3,6 综述整合,Review synthesis,1 直接生物学效应,Direct biological mechanisms,1c-HGT质粒接合,1c-水平基因转移,降水-极端降雨,环境细菌群落（stormwater/urban stream microbes）,HGT频率增加,极端降水/暴雨径流（stormwater）→径流中低浓度重金属/抗生素（亚抑制浓度）→刺激水平基因转移（HGT）→ARG在群落中扩散增强→ARG丰度/多样性增加,"“At low levels, heavy metals and antibiotics have also been observed to stimulate horizontal gene transfer”",4-文献综述,Review-based,文献综述总结,Review-based support,促进AMR,Promoting AMR,4-未明确,Conceptual or unclear,3-人造环境,Built or engineered environment,2025-12-26
EVID_7-M3,7,3,Garner et al. (2017),Stormwater loadings of antibiotic resistance genes in an urban stream,Results-p.3-para.3,2-Results+Discussion整合,Results and discussion integration,1-直接生物学效应,Direct biological mechanisms,1f-基因表达,2c-水文条件；1f-基因表达,降水-极端降雨,"sul1,
sul2, tet(W), erm(F) and 16S genes,",耐药基因丰度增加,极端降水/暴雨事件→暴雨径流输入与总菌量(16S rRNA)在暴雨不同阶段变化→ARG绝对丰度与相对丰度在涨水/峰值/落水阶段呈非均匀变化→ARG负荷与（对群落的）富集模式随暴雨阶段改变,"“ARG concentrations were also compared among defined portions of each storm: rising limb, peak flow, falling limb, and established baseline… both absolute (gene copies/L) and relative (gene copies/16S rRNA gene copies) abundances are considered. During storm 1, the ab-
solute concentration (gene copies per L) of sul1, sul2, tet(W), and
16S rRNA genes all trended higher during the peak and rising limb
of the storm compared to the baseline, but were only significantly
greater during the rising limb (p ¼ 0.0119; 0.0138; 0.0138; 0.0119).
In terms ofrelative abundance, only tet(W) and erm(F) were greater
during the rising limb (p ¼ 0.0138; 0.0138), while sul2 fell below the
baseline (p ¼ 0.0138) (Fig. 2).”",2-观察性数据,Observational,2-间接数据支持,Indirect empirical support,促进AMR,Promoting AMR,2-观察累积,Observational cumulative/seasonal,2-自然环境,Natural environment,2025-12-26
EVID_7-M4,7,4,Garner et al. (2017),Stormwater loadings of antibiotic resistance genes in an urban stream,Results-p.3-para.4,3-Discussion数据解释,Discussion interpretation,1 直接生物学效应,Direct biological mechanisms,1c HGT质粒接合,1c-水平基因转移,降水-极端降雨,"five ARGs (sul1, sul2, tet(O), tet(W), and erm(F))",耐药基因丰度增加,极端降水/暴雨事件（流域暴雨输入与非暴雨期持续存在）→sul1 由于与质粒/转座子及class 1 integron邻近而易发生HGT并携带多ARG→在多种抗生素选择/共选择下更易被维持与扩散→sul1在流域中呈“ubiquity/非仅降雨输入”且丰度维持较高,"“The apparent ubiquity of sul1… suggests that it is not introduced to the watershed exclusively during times of rainfall… sul1 is widely associated with plasmids and transposons, making it prone to horizontal gene transfer… Additionally, sul1 tends to reside adjacent to the class 1 integron and a variable number of additional antibiotic ARGs, enabling selection not only by sulfonamide antibiotics, but other antibiotics as well.”",5-理论推测,Theoretical/projection,3-理论推测,Theoretical support,促进AMR,Promoting AMR,4-未明确,Conceptual or unclear,2-自然环境,Natural environment,2025-12-26
EVID_008-M1,8,1,MacFadden (2018),Antibiotic resistance increases with local temperature,page2-para.2,1-Results实验数据,Results,2-环境介导,Environment-mediated pathways,2f-其他环境介导,可删除,其他-年度平均最低温,E.coli; K.pneumoniae; S.aureus,耐药率上升,区域最低温度更高（跨地区相差10°C）→（临床分离株耐药率（%non-susceptible）上升（E.coli +4.2%；K.pneumoniae +2.2%；S.aureus +2.7%）,"“a 10 °C increase in minimum temperature…was associated with an increase in antibiotic resistance of 4.2%, 2.2% and 2.7% for E. coli, K. pneumoniae and S. aureus, respectively.”",2-观察性数据,Observational,2-间接数据支持,Indirect empirical support,1-促进AMR,Promoting AMR,2-观察累积,Observational cumulative/seasonal,4-宿主体内,Within host / clinical,2025-12-25
EVID_008-M2,8,2,MacFadden (2018),Antibiotic resistance increases with local temperature,page3-para.2,2-Results+Discussion整合,Results and discussion integration,4-宿主易感性,Host susceptibility pathways,4d-行为改变,4d-行为改变,其他-年度平均最低温,K. pneumoniae; E. coli,耐药率上升,区域最低温度更高→人口密度高的地区耐药菌传播可能更高→临床分离株耐药率更高,"“we found that
an increase in population density ...from Bismarck, North Dakota, to
Boston, Massachusetts, was associated with a 6% increase in anti-
biotic resistance for K. pneumoniae (P < 0.0001) and 3% for E. coli
(P = 0.086). This may reflect increased transmission rates within
dense populations20
. """,2-观察性数据,Observational,2-间接数据支持,Indirect empirical support,1-促进AMR,Promoting AMR,2-观察累积,Observational cumulative/seasonal,4-宿主体内,Within host / clinical,2025-12-25
EVID_008-M3,8,3,MacFadden (2018),Antibiotic resistance increases with local temperature,page3-para.3,2-Results+Discussion整合,Results and discussion integration,1 直接生物学效应,Direct biological mechanisms,1c HGT质粒接合,1c-水平基因转移,其他-年度平均最低温,E.coli; K.pneumoniae; S.aureus,耐药率上升,温度更高 →促进水平基因转移（耐药基因交换：如质粒携带ESBL；及/或摄取游离遗传物质）→耐药基因在宿主定植部位或环境中扩散→群体层面耐药传播增强→耐药率上升,"“temperature may facilitate horizontal gene transfer…(for example, plasmid-borne…ESBLs) or the uptake of free genetic material… Increased gene transfer…might then be expected to facilitate population transmission.”",5-理论推测,Theoretical/projection,3-理论推测,Theoretical support,1-促进AMR,Promoting AMR,4-未明确,Conceptual or unclear,5-未明确,Mixed or unspecified,2025-12-25
EVID_008-M4,8,4,MacFadden (2018),Antibiotic resistance increases with local temperature,page3-para.3,2-Results+Discussion整合,Results and discussion integration,1 直接生物学效应,Direct biological mechanisms,1a-生长代谢,1a-生长代谢,其他-年度平均最低温,E.coli; K.pneumoniae; S.aureus,耐药率上升,区域最低温度更高/气温更高 →提高细菌生长率→增加携带/定植与人畜间传播；并可能支持环境中耐药菌生长→来自食物/农业/环境的传播增强→群体层面传播增加促使耐药菌株被选择/扩增→耐药率上升,“temperature is…a potent modifier of bacterial growth rates…may drive increased carriage and transmission… temperature may support the environmental growth of resistant strains… Increased population-level transmission may thus facilitate…selection of resistant strains.”,5-理论推测,Theoretical/projection,3-理论推测,Theoretical support,1-促进AMR,Promoting AMR,4-未明确,Conceptual or unclear,5-未明确,Mixed or unspecified,2025-12-25
EVID_9-M1,9,1,Ahmed et al. (2018),Precipitation influences pathogenic bacteria and antibiotic resistance gene abundance in storm drain outfalls in coastal sub-tropical waters,Discussion-p.9.-para.8,2-Results+Discussion整合,Results and discussion integration,2 环境介导,Environment-mediated pathways,2c 基础设施破坏,2c-水文条件,降水-极端降雨,雨水排口（SDO）微生物群落,耐药基因丰度增加,降雨期（wet weather）→促进污水/管网交叉连接等点源+非点源输入增强和扩散→ARG检出率/浓度升高→ARG丰度增加,"“Several ARGs were equally prevalent in both dry and wet weather periods also
suggesting point and nonpoint sources of pollution may be contributing
factors. This is also supported by the fact that some of the sites had high
FIB counts but were negative for the crAssphage and the HF183 mar-
kers. This suggested that fecal contamination of stormwater was diffuse
and included other potential point and nonpoint sources such as sani-
tary cross connections. During the sample collection, we observed shore
birds and dogs around the vicinity of SDO sites.”",2-观察性数据,Observational,2-间接数据支持,Indirect empirical support,促进AMR,Promoting AMR,2-观察累积,Observational cumulative/seasonal,2-自然环境,Natural environment,2025-12-29
EVID_9-M2,9,2,Ahmed et al. (2018),Precipitation influences pathogenic bacteria and antibiotic resistance gene abundance in storm drain outfalls in coastal sub-tropical waters,Discussion-p.9.-para.8,3 Discussion数据解释,Discussion interpretation,2 环境介导,Environment-mediated pathways,2d 水土理化性质,2d 水土理化性质,降水-极端降雨,雨水排口水体/沉积物-土壤相关微生物群落,耐药基因丰度增加,暴雨事件→扰动并混合沉积物/土壤、释放携带ARG的细菌进入水体（沉积物/土壤作为ARG库，且可保留抗生素化合物）→ARG进入水体并增加→ARG丰度增加,"“These animals may have also contributed high FIB counts. Sediments and soils also can be
important reservoirs for ARGs due to their ability to retain antibiotic
compounds as well as representing important environmental matrix
within which horizontal gene transfer can take place (Taylor et al.,
2011). LaPara et al. (2011) detected ARGs encoding resistance to tet-
racycline in water and sediment samples affected by sewage. Storm
events can agitate and mix sediments and stimulate processes leading to
release of bacteria and associated ARGs into water. The abundance of
aminoglycosides, integrons, heavy metals, sulfonamides, tetracycline,
and β-lactam resistance genes in SDOs is alarming.”",5-理论推测,Theoretical/projection,3-理论推测,Theoretical support,促进AMR,Promoting AMR,4-未明确,Conceptual or unclear,2-自然环境,Natural environment,2025-12-29
EVID_9-M3,9,3,Ahmed et al. (2018),Precipitation influences pathogenic bacteria and antibiotic resistance gene abundance in storm drain outfalls in coastal sub-tropical waters,Discussion-p.9.-para.8,3 Discussion数据解释,Discussion interpretation,1 直接生物学效应,Direct biological mechanisms,1c HGT质粒接合,1c-水平基因转移,降水-极端降雨,stormwater样品中的多样细菌（含潜在病原体）,HGT频率增加,暴雨径流携带高负荷ARG/耐药菌→ARG可在细菌间转移（包括向病原体转移）→耐药性扩散潜力增强（HGT潜力/频率增加）,"“This is because ARGs carried by bacteria can be transferred to other bacteria including di-
verse pathogens found in stormwater samples (Williams et al., 2016).
Stormwater contaminated with such clinically significant bacteria can
then be transferred to humans via direct or indirect exposures.”",5-理论推测,Theoretical/projection,3-理论推测,Theoretical support,促进AMR,Promoting AMR,4-未明确,Conceptual or unclear,5-未明确,Mixed or unspecified,2025-12-29
EVID_10-M1,10,1,Collignon et al. (2018),Anthropological and socioeconomic factors contributing to global antimicrobial resistance: a univariate and multivariable analysis,Results-p.e400-e401; Discussion-p.e402-e403,2-Results+Discussion整合,Results and discussion integration,3-生态社会介导,Socio-ecological mediation,2d-环境条件 (基础设施:卫生、清洁水); 3-生态社会介导 (间接),3d-2-基础设施与卫生系统；3g-其他社会介导-社会经济脆弱性；3b-人用抗生素；1a-生长代谢,温度-升高 (平均温度); 降水-变化 (平均降水量); 其他-多因子 (基础设施、治理、医疗支出、教育、GDP、气候),全球103个国家大肠杆菌(E. coli)、肺炎克雷伯菌(Klebsiella spp)、金黄色葡萄球菌(S. aureus)(2008-2014年数据),"单变量分析:基础设施指数(卫生、清洁水、电力、互联网、城市化)与两个AMR指数强烈负相关; 治理指数(腐败、政治稳定、法治)与两个AMR指数强烈负相关; 公共医疗支出与两个AMR指数强烈负相关; 私立与公立医疗支出比率与两个AMR指数强烈正相关; 教育指数与两个AMR指数正相关; GDP人均与两个AMR指数负相关(单变量)但正相关(多变量); 平均温度与两个AMR指数强烈正相关; 多变量回归分析(73个国家):基础设施指数改善1SD → E. coli耐药率下降16.84%(P=0.014, R²=0.54), 综合耐药率下降13.24%(P=0.0052, R²=0.75); 治理指数改善1SD → E. coli耐药率下降7.89%(P=0.025), 综合耐药率下降11.18%(P<0.0001); 医疗支出指数改善1SD → E. coli耐药率下降5.54%(P=0.093, 边缘显著), 综合耐药率下降6.34%(P=0.0065); 抗生素消费与两个AMR指数无显著关联(E. coli: P=0.64, 综合: P=0.070)","较差基础设施(卫生、清洁水缺乏) → 粪便污染水源(E. coli是粪便细菌,其在水中存在表明人类或动物粪便污染) → 耐药菌株和耐药基因通过水传播(contagion,传染) → 全球AMR流行率升高(基础设施指数改善1SD → E. coli耐药率下降16.84%, P=0.014; 综合耐药率下降13.24%, P=0.0052)(Table 2, Table 3; Discussion-p.e402)。较差治理(腐败、法治缺失) → 抗生素监管不严、私立医疗机构遵守公共卫生规则较少 → 抗生素滥用和耐药菌株传播 → 全球AMR流行率升高(治理指数改善1SD → E. coli耐药率下降7.89%, P=0.025; 综合耐药率下降11.18%, P<0.0001)(Table 2, Table 3; Discussion-p.e402-e403)。较高公共医疗支出 → 更好的感染控制和预防、更严格的抗生素监管 → 降低耐药菌株传播 → 全球AMR流行率降低(医疗支出指数改善1SD → 综合耐药率下降6.34%, P=0.0065)(Table 3; Discussion-p.e403)。较高私立与公立医疗支出比率 → 私立医疗机构监管较少、抗生素滥用 → 全球AMR流行率升高(单变量强正相关)(Results-p.e400-e401; Discussion-p.e403)。较高教育和GDP人均 → 低收入和中等收入国家(LMICs)更好获取抗生素、更多使用抗生素 → 抗生素消费增加 → 全球AMR流行率升高(教育指数增加1SD → E. coli耐药率升高7.93%, P=0.058; 综合耐药率升高8.59%, P=0.0035)(Table 2, Table 3; Discussion-p.e403-e404)。较高平均温度 → 水中细菌繁殖和耐药基因高频转移增加、昆虫种群增加传播耐药菌 → 全球AMR流行率升高(单变量强正相关,但多变量分析无显著关联,P=0.33和P=0.86)(Results-p.e401; Discussion-p.e404)。抗生素消费 → 全球层面与AMR无显著关联(多变量分析:E. coli P=0.64, 综合P=0.070),但欧洲等高收入国家存在强正相关(E. coli r=49%, 综合r=62%) → 提示传染(contagion,耐药菌株和基因传播)是全球AMR的主导因素,而非抗生素消费本身(Figure 2; Discussion-p.e404)。","Multivariable regression analysis showed that an increase of 1 SD in the infrastructure index, governance index, and health expenditure resulted in significant decreases in E coli resistance and aggregate resistance (tables 2, 3)... We found no significant association between the climate index and antimicrobial resistance indices. Antibiotic consumption was also not significantly associated with either antimicrobial resistance index (figure 2). (Results-p.e401-e402); ""Our results indicated that poorer infrastructure (eg, poor sanitation) and poorer governance (eg, corruption) were consistently associated with higher levels of antimicrobial resistance. Low health expenditure was also associated with higher levels of antimicrobial resistance. Surprisingly, after adjusting for these three measures, high GDP per person and high education levels were also associated with higher antimicrobial resistance levels. Also surprising was that antibiotic consumption was not strongly associated with antimicrobial resistance levels."" (Discussion-p.e402); ""Our data suggest that globally, a high prevalence of antimicrobial resistance can be more likely attributed to the dissemination of antimicrobial resistance, especially via poor sanitation and contaminated potable water. This expectation is supported by the strong association between the infrastructure index and E coli resistance because E coli are faecal bacteria and their presence in water indicates human or animal faecal contamination."" (Discussion-p.e402); ""For example, we would see E coli resistance levels fall by 18.6% for every 1 SD improvement in the infrastructure index. Additionally, we would see a 5.5% decrease in E coli resistance levels if the governance index were improved by 1 SD."" (Discussion-p.e402)",2-观察性数据,Observational,2-间接数据支持,Indirect empirical support,1-促进AMR (较差基础设施、较差治理、较低公共医疗支出、较高教育GDP促进AMR),Promoting AMR,2-观察/累积,Observational cumulative/seasonal,"5-未明确/理论 (全球103个国家生态学研究,多变量回归分析)",Mixed or unspecified,2025-12-23
EVID_10-M2,10,2,Collignon et al. (2018),Anthropological and socioeconomic factors contributing to global antimicrobial resistance: a univariate and multivariable analysis,Results-p.e400-e401; Discussion-p.e403,2-Results+Discussion整合,Results and discussion integration,3-生态社会介导,Socio-ecological mediation,3b-人用抗生素; 3d-医疗系统压力,3b-人用抗生素; 3d-医疗系统压力,温度-变化 (平均温度); 其他-多因子 (基础设施、治理、医疗支出、教育、GDP),全球103个国家大肠杆菌(E. coli)、肺炎克雷伯菌(Klebsiella spp)、金黄色葡萄球菌(S. aureus)(2008-2014年数据),"单变量分析:抗生素消费与综合耐药率弱负相关(r=-11%), 与E. coli耐药率中等负相关(r=-28%); 欧洲等高收入国家:抗生素消费与E. coli耐药率强正相关(r=49%), 与综合耐药率强正相关(r=62%); 多变量回归分析(73个国家):抗生素消费与两个AMR指数无显著关联(E. coli: P=0.64, 综合: P=0.070); 私立与公立医疗支出比率与两个AMR指数强烈正相关(单变量); 较高公共医疗支出与较低AMR相关(多变量:综合耐药率P=0.0065); 较高教育和GDP人均与较高AMR相关(多变量:教育对综合耐药率P=0.0035)","抗生素消费 → 全球层面与AMR无显著关联(多变量分析:E. coli P=0.64, 综合P=0.070),但欧洲等高收入国家存在强正相关(E. coli r=49%, 综合r=62%) → 提示传染(contagion,耐药菌株和基因传播)在全球AMR中占主导地位,而抗生素消费本身的影响有限;抗生素消费与AMR的关系在不同收入水平国家存在差异:低收入和中等收入国家(LMICs)人均抗生素消费远低于高收入国家,但AMR率更高 → 提示LMICs中传染比抗生素消费更重要(Introduction-p.e398; Results-p.e401-e402; Discussion-p.e404)。较高私立与公立医疗支出比率 → 私立医疗机构遵守公共卫生规则和指南较少、监管机构监督不力、抗生素使用类型和数量不受限制 → 抗生素滥用增加 → 耐药菌株传播增加 → 全球AMR流行率升高(单变量强正相关;巴西私立医疗诊所密度与抗生素消费相关)(Results-p.e400-e401; Discussion-p.e403)。较高公共医疗支出 → 更好的感染控制和预防、更严格的抗生素监管、遵守公共卫生规则 → 降低耐药菌株传播 → 全球AMR流行率降低(多变量:综合耐药率下降6.34%, P=0.0065)(Table 3; Discussion-p.e403)。较高教育和GDP人均(LMICs) → 更好获取抗生素、更多使用抗生素 → 抗生素消费增加 → 全球AMR流行率升高(多变量:教育对综合耐药率P=0.0035, GDP对E. coli耐药率P=0.030)(Table 2, Table 3; Discussion-p.e403-e404)。作者强调:""Surprisingly, we found that antibiotic consumption was poorly correlated with antimicrobial resistance levels... A possible explanation is that antibiotic volumes are not a factor until a country reaches a medium or high level of social and economic development. More importantly, other factors such as water quality and sanitation levels are likely to have a greater effect than antibiotic consumption volumes.""(Discussion-p.e404)。","Surprisingly, we found that antibiotic consumption was poorly correlated with antimicrobial resistance levels. This was also true when we analysed our resistance indices against older published consumption data. Whereas developed regions, such as Europe, showed a correlation between antimicrobial resistance levels and antibiotic usage, this was not evident from the global data. A possible explanation is that antibiotic volumes are not a factor until a country reaches a medium or high level of social and economic development. More importantly, other factors such as water quality and sanitation levels are likely to have a greater effect than antibiotic consumption volumes. This is an important issue for countries where large groups of people have trouble accessing antibiotics. Our data suggest that the relationship between antibiotic consumption and population resistance levels varies across the world. (Discussion-p.e404); ""Total health-care expenditure was strongly and inversely correlated with both antimicrobial resistance indices; by contrast, the ratio of private to public health expenditure was strongly and positively correlated... These data have substantial ramifications for public health spending in regions like Africa and south Asia."" (Discussion-p.e403); ""In Brazil, the density of private health clinics was associated with higher antibiotic consumption, an effect that might reflect the regulatory environment—ie, private clinics might follow public health rules and guidelines less often, or regulators with oversight might not restrict the types and quantities of antibiotics used in these clinics."" (Discussion-p.e403)",2-观察性数据,Observational,2-间接数据支持,Indirect empirical support,1-促进AMR (较高私立医疗支出、较高教育GDP促进AMR; 抗生素消费全球层面无显著关联),Promoting AMR,2-观察/累积,Observational cumulative/seasonal,"5-未明确/理论 (全球103个国家生态学研究,多变量回归分析)",Mixed or unspecified,2025-12-23
EVID_10-M3,10,3,Collignon et al. (2018),Anthropological and socioeconomic factors contributing to global antimicrobial resistance: a univariate and multivariable analysis,Results-p.e401; Discussion-p.e404,2-Results+Discussion整合,Results and discussion integration,3-生态社会介导,Socio-ecological mediation,2d-环境条件 (温度、降水),1a-生长代谢；1c-水平基因转移;3g-其他社会介导-社会经济脆弱性,温度-升高 (平均温度); 降水-变化 (平均降水量),全球103个国家大肠杆菌(E. coli)、肺炎克雷伯菌(Klebsiella spp)、金黄色葡萄球菌(S. aureus)(2008-2014年数据),"单变量分析:平均温度与两个AMR指数强烈正相关; 降水与两个AMR指数弱相关; 多变量回归分析(73个国家):气候指数(平均温度和降水)与两个AMR指数无显著关联(E. coli: P=0.33, 综合: P=0.86); 气候指数增加1SD → E. coli耐药率非显著增加2.01%(P=0.33), 综合耐药率非显著减少0.25%(P=0.86)","较高平均温度 → 水中细菌繁殖增加、耐药基因高频转移增加(温暖温度为细菌在水等环境中繁殖和高频转移耐药基因提供更多潜力) → 昆虫种群增加(温暖温度与较高昆虫种群相关,昆虫在传播耐药菌方面发挥作用) → 耐药菌株传播增加 → 全球AMR流行率升高(单变量强正相关)(Results-p.e401; Discussion-p.e404)。但多变量分析中,气候指数与两个AMR指数无显著关联(E. coli: P=0.33, 综合: P=0.86)(Table 2, Table 3)。可能原因:温度与AMR的关联存在偏倚,一些寒冷国家(如斯堪的纳维亚国家、加拿大)治理和社会支持良好,AMR率低;而俄罗斯同样寒冷,但AMR率高于大多数国家(可能与较差治理和腐败相关);温度与AMR的关联可能是社会经济因素(较热地区基础设施较差)而非温度本身(Discussion-p.e404)。降水与AMR的关联较弱,但降水可能不是洪水的可靠指标,而洪水可以将耐药菌传播到整个社区(Discussion-p.e404)。气候数据(国家平均温度和降水)可能未捕获国家内部的气候变化(Discussion-p.e404)。","Among measures of climate, average temperature was strongly and positively correlated with both antimicrobial resistance indices, whereas there was a poor correlation with precipitation (appendix)... We found no significant association between the climate index and antimicrobial resistance indices. An increase of 1 SD in the climate index resulted in a non-significant increase in E coli resistance but a non-significant decrease in aggregate resistance (table 3). (Results-p.e401-e402); ""There was a univariate correlation with temperature and antimicrobial resistance: the warmer the country, the higher its antimicrobial resistance levels. This correlation might, however, be biased; some cold countries with very good governance and social support (eg, Scandinavian countries and Canada) have low antimicrobial resistance levels, whereas Russia is similarly cold but has antimicrobial resistance levels higher than most other countries (perhaps correlating with poor governance and corruption). The correlation with temperature is an interesting finding, but whether this is a socioeconomic factor (poorer infrastructure in hotter areas) or has to do with temperature per se remains unclear. However, in some environments (eg, waterways), warm temperatures offer more potential for bacteria to multiply and transfer antimicrobial resistance genes at high frequencies. Warmer temperatures are also associated with higher insect populations, which have played a part in disseminating resistant bacteria. Data on national climate (average temperature and rainfall) did not have a significant correlation with antimicrobial resistance but might not capture climatic variations that occur within even some reasonably small countries. More detailed analysis examining the effect of climate will require subnational data. Precipitation had a weaker correlation than did temperature; however, precipitation might not be a reliable indicator of flooding, which can spread antimicrobial resistance bacteria throughout communities."" (Discussion-p.e404)",2-观察性数据,Observational,2-间接数据支持,Indirect empirical support,"4-不确定 (单变量正相关,但多变量无显著关联)",Uncertain,2-观察/累积,Observational cumulative/seasonal,5-未明确/理论 (全球103个国家生态学研究),Mixed or unspecified,2025-12-23
EVID_10-M4,10,4,Collignon et al. (2018),Anthropological and socioeconomic factors contributing to global antimicrobial resistance: a univariate and multivariable analysis,Introduction-p.e398; Discussion-p.e402-e404; Interpretation-p.e399,1-Introduction+3-Discussion理论推测+Interpretation,Discussion theoretical interpretation,3-生态社会介导,Socio-ecological mediation,2c-传播途径,3b-人用抗生素；3d-2-基础设施与卫生系统；3g-其他社会介导-社会经济脆弱性,温度-变化 (平均温度); 降水-变化 (平均降水量); 其他-多因子 (基础设施、治理),全球103个国家大肠杆菌(E. coli)、肺炎克雷伯菌(Klebsiella spp)、金黄色葡萄球菌(S. aureus)(2008-2014年数据),"AMR传播可描述为两步过程:1)通过突变或获得耐药基因(如通过质粒等移动遗传元件)产生耐药表型;2)通过多种媒介(人类、昆虫、鸟类、农业、水)传播耐药菌株(contagion,传染)(Introduction-p.e398)。抗生素消费是AMR产生和选择性增殖的重要初级因素,但耐药菌或编码耐药的基因传播可能在AMR传播和流行中更重要(Introduction-p.e398; Discussion-p.e402-e404)。环境(包括通过水、昆虫、动物、鸟类传播)在耐药菌发展和传播中发挥被低估的作用(Introduction-p.e398)。较差基础设施(卫生、清洁水缺乏) → 粪便污染水源 → 耐药菌株和耐药基因通过水传播 → 全球AMR流行率升高(Discussion-p.e402)。本研究结果表明减少抗生素消费不足以控制AMR,因为传染(耐药菌株传播)似乎是主导因素(Interpretation-p.e399)","AMR传播为两步过程:1)通过突变或获得耐药基因(如通过质粒等移动遗传元件)产生耐药表型;2)通过多种媒介(人类、昆虫、鸟类、农业、水)传播耐药菌株(contagion,传染)(Introduction-p.e398)。抗生素消费 → 对AMR产生和选择性增殖的重要初级选择压力 → 但全球层面,抗生素消费与AMR无显著关联(多变量分析:E. coli P=0.64, 综合P=0.070) → 提示传染(耐药菌株和基因传播)在全球AMR传播和流行中更重要(Introduction-p.e398; Discussion-p.e402-e404; Interpretation-p.e399)。较差基础设施(卫生、清洁水缺乏) → 粪便污染水源(E. coli是粪便细菌,其在水中存在表明人类或动物粪便污染) → 耐药菌株和耐药基因通过水传播(contagion) → 全球AMR流行率升高(基础设施指数改善1SD → E. coli耐药率下降16.84%, P=0.014; 综合耐药率下降13.24%, P=0.0052)(Discussion-p.e402)。环境(包括通过水、昆虫、动物、鸟类传播) → 在耐药菌发展和传播中发挥被低估的作用 → 较差基础设施和卫生条件促进环境传播 → 全球AMR流行率升高(Introduction-p.e398)。作者强调:""Our data suggest that globally, a high prevalence of antimicrobial resistance can be more likely attributed to the dissemination of antimicrobial resistance, especially via poor sanitation and contaminated potable water.""(Discussion-p.e402)。""Reduction of antibiotic consumption will not be sufficient to control antimicrobial resistance because contagion—the spread of resistant strains and resistance genes—seems to be the dominant contributing factor.""(Interpretation-p.e399)。","The dissemination of antimicrobial resistance can be described as a two-step process. First, de-novo mutations or acquisition of resistance genes, or both, occurs via mobile genetic elements, such as plasmids mediating an antimicrobial-resistance phenotype. Second, antimicrobial resistance contagion—the spread of resistant strains—proceeds via several vectors (eg, human beings, insects, birds, agriculture, and water). Selection pressure caused by antibiotic consumption is an important primary factor not only for the de-novo emergence of antimicrobial resistance but also for the selective multiplication of resistant bacteria. Reducing inappropriate antibiotic consumption is a recognised policy priority, and substantial efforts are focused on controlling antibiotic usage volumes in hospitals, the community, and the agricultural sector. Although antibiotic usage has been shown to be an important driver for increasing antimicrobial resistance levels, the spread of resistant bacteria or the genes that encode for resistance are likely to be much more important in the dissemination and prevalence of antimicrobial resistance. The environment (including transmission via water, insects, animals, and birds) plays an underappreciated part in the development and spread of resistant bacteria. (Introduction-p.e398); ""Reduction of antibiotic consumption will not be sufficient to control antimicrobial resistance because contagion—the spread of resistant strains and resistance genes—seems to be the dominant contributing factor. Improving sanitation, increasing access to clean water, and ensuring good governance, as well as increasing public health-care expenditure and better regulating the private health sector are all necessary to reduce global antimicrobial resistance."" (Interpretation-p.e399); ""Our data suggest that globally, a high prevalence of antimicrobial resistance can be more likely attributed to the dissemination of antimicrobial resistance, especially via poor sanitation and contaminated potable water. This expectation is supported by the strong association between the infrastructure index and E coli resistance because E coli are faecal bacteria and their presence in water indicates human or animal faecal contamination."" (Discussion-p.e402)",2-观察性数据,Observational,2-间接数据支持,Indirect empirical support,1-促进AMR,Promoting AMR,2-观察/累积,Observational cumulative/seasonal,5-未明确/理论 (全球103个国家生态学研究),Mixed or unspecified,2025-12-23
EVID_11-M1,11,1,Zheng (2018),High-throughput profiling of seasonal variations of antibiotic resistance gene transport in a peri-urban river,Results-p.4-para.3 ,1 Results实验数据,Results,2 环境介导,Environment-mediated pathways,2a 微生物群落,2a-微生物群落,温度-季节平均温度变化,河流水体微生物群落,耐药基因丰度增加,温度升高（夏季气温最高）→细菌生物量/群落结构随温度变化（16S与ARG谱关联）→ARG绝对丰度升高（夏季最高，2.81×10^9 copies/L）,"“Results showed that the absolute abundance of ARGs in the spring was
signiﬁcantly (Kruskal–Wallis tests, P < 0.05 or P < 0.01) lower
(0.12–0.36 times) than that of samples from other seasons (Fig. 3a).
Besides, the absolute abundance of ARGs in the summer was the highest
(2.81×109 copies/L on average) for the whole year. Notably, the same
trend was observed for local air temperature in 2016: June
(21–26 °C) > September (18–21 °C) > December (6–13 °C) > March
(2–5 °C). The water temperature proved to be an important factor
driving the bacterial community dynamics (Kim et al. 2014). Further-
more, the bacterial community shift contributed the most to the ARG
variation (Jia et al. 2015; Su et al. 2015; Zhou et al. 2017)”",2-观察性数据,Observational,2-间接数据支持,Indirect empirical support,促进AMR,Promoting AMR,季节尺度（2016年3/6/9/12采样）,Observational cumulative/seasonal,围城河流/水体环境,Other/unclear,2025-12-29
EVID_12-M1,12,1,Chen (2019),High-throughput profiling of antibiotic resistance gene dynamic in a drinking water river-reservoir system,Discussion-p.7-para.2,2-Results+Discussion整合,Results and discussion integration,2 环境介导,Environment-mediated pathways,2f 其他环境介导,2c-水文条件,降水-季节性降水变化,河流-水库水体微生物群落（非特定病原体）,耐药基因丰度增加,降雨增多（季节降水差异）→季节性径流/暴雨驱动输运增强→ARG与MGEs绝对丰度升高（春季更高）,"“However, the absolute abundance of 16S rRNA, ARGs and MGEs
varied with the seasonal variations and their higher abundance
were all in the spring (Fig. 3A""C). Considering the fact that rainfall
in the spring (rainfall ¼316.0 mm) was far greater than summer
(rainfall ¼217.8 mm) and autumn (rainfall ¼ 28.5 mm) (Table S2),”",2-观察性数据,Observational,2-间接数据支持,Indirect empirical support,促进AMR,Promoting AMR,季节尺度（夏/秋/春；2015–2016）,Observational cumulative/seasonal,饮用水河流-水库系统（水源地）,Other/unclear,2025-12-29
EVID_12-M2,12,2,Chen (2019),High-throughput profiling of antibiotic resistance gene dynamic in a drinking water river-reservoir system,Discussion-p.7-para.2,3 Discussion数据解释,Discussion interpretation,2 环境介导,Environment-mediated pathways,2f 其他环境介导,2c-水文条件,降水-季节性降水变化,河流-水库水体微生物群落（非特定病原体）,耐药基因丰度增加,降雨增多→暴雨驱动输运（生活污水/农业径流外源输入、细菌生物量↑）→ARG与MGEs绝对丰度升高,"“these suggested that more rainfall could increase the absolute
abundance of ARGs and MGEs in the river-reservoir system
attributed to storm-driven transport, which probably contributed
to the entry of ARGs and MGEs from domestic wastewater and
agricultural runoff into aquatic environment (Marti et al., 2014).
Also, this finding was consistent with previous studies in other
catchments”",5-理论推测,Theoretical/projection,3-理论推测,Theoretical support,促进AMR,Promoting AMR,季节尺度（夏/秋/春）+事件性输运解释,Event-based,饮用水河流-水库系统（水源地）,Other/unclear,2025-12-29
EVID_13-M1,13,1,Duff_2019,Land Use and Environmental Variables Influence Tetracycline-Resistant Bacteria Occurrence in Southeastern Coastal Plain Streams,Introduction-p.2-para.4,6-综述整合,Review synthesis,2-环境介导,Environment-mediated pathways,2f-其他环境介导,2c-水文条件,降水-季节模式改变,Escherichia coli (E. coli),耐药菌分离率上升,降水-季节模式改变→地表径流/非点源输入增强→耐药菌分离率上升," Precipitation also displays
relationships with antibiotic-resistant E. coli in streams, likely
due to intrusion of nonpoint sources of AMR in surface runoff
(Maal-Bared et al., 2013).",4-文献综述,Review-based,4-文献综述总结,Review-based support,1-促进AMR,Promoting AMR,2-观察累积,Observational cumulative/seasonal,3-人造环境,Built or engineered environment,2025-12-29
EVID_13-M2,13,2,Duff_2019,Land Use and Environmental Variables Influence Tetracycline-Resistant Bacteria Occurrence in Southeastern Coastal Plain Streams,Discussion-p.5-para.1,2-Results+Discussion整合,Results and discussion integration,1-直接生物学效应,Direct biological mechanisms,1a-生长代谢,1a-生长代谢,温度-季节性变化,Escherichia coli (E. coli),耐药率上升,温度-季节性变化→耐药菌生长/存活优势（生长代谢增强、持留性更强）→耐药率上升,"The WWTP discharges could have contributed to increased tetracy-
cline-resistant E. coli indirectly by creating conditions conducive to
tetracycline-resistant E. coli growth and persistence in the receiv-
ing streams. For example, temperature, conductivity, and nutrient
concentration (phosphate and sulfate) correlated with percentage
tetracycline-resistant E. coli in the present study. These environ-
mental variables are generally associated with WWTP effluent
(Daniel et al., 2002; Kinouchi et al., 2007; Carey and Migliaccio,",2-观察性数据,Observational,2-间接数据支持,Indirect empirical support,1-促进AMR,Promoting AMR,2-观察累积,Observational cumulative/seasonal,3-人造环境,Built or engineered environment,2025-12-29
EVID_13-M3,13,3,Duff_2019,Land Use and Environmental Variables Influence Tetracycline-Resistant Bacteria Occurrence in Southeastern Coastal Plain Streams,Discussion-p.6-para.4,4-Discussion理论推测,Discussion theoretical interpretation,2-环境介导,Environment-mediated pathways,2f-其他环境介导,2c-水文条件,极端事件-飓风台风,Escherichia coli (E. coli),耐药菌分离率上升,极端事件-飓风台风→暴雨致陆源径流增强/远距离输送（及可能沉积物再悬浮）→耐药菌分离率上升（参考点位升高）,"""One possible reason is that environmental variables, such as precipitation, may have had a disproportionately larger effect on presence of tetracycline-resistant E. coli and percent-
age tetracycline-resistant E. coli than land use. Prior to the October
sampling, a hurricane dramatically increased precipitation and ter-
restrial runoff, likely transporting bacteria from greater distances
than typically occurs in drier months (Hyland et al., 2003; Sanders
et al., 2013; Keen et al., 2018)""",5-理论推测,Theoretical/projection,3-理论推测,Theoretical support,1-促进AMR,Promoting AMR,2-观察累积,Observational cumulative/seasonal,3-人造环境,Built or engineered environment,2025-12-29
EVID_14-M1,14,1,Fang_2019,Decoupling the Dynamics of Bacterial Taxonomy and Antibiotic Resistance Function in a Subtropical Urban Reservoir as Revealed by High-Frequency Sampling,Discussion-p.9-para.6,2-Results+Discussion整合,Results and discussion integration,2-环境介导,Environment-mediated pathways,2d-水土理化性质,2d-水土理化性质,降水-季节模式改变,未限定（bacterioplankton群落）,耐药基因多样性增加,降水-季节模式改变→浊度/悬浮颗粒上升（雨致污染与沉积物扰动）→耐药基因多样性增加,"In addition, rainfall significantly influenced pathogenic bacterial abundance because stormwater was able to significantly contribute to the occurrence and elevated concentration of pathogenic bacteria in subtropical waters (Ahmed et al., 2018). Our results further showed that turbidity was strongly correlated to richness and diversity of bacteria and ARGs. A turbidity increase is normally associated with rainfall-induced contamination, suspended particulate matter and sediment disturbance. This
may further drive changes in bacterial community and ARG profiles. It has been demonstrated that turbidity was significantly correlated to bacterial diversity, reiterating the influence ofruno� on the bacterial community (Peter and Sommaruga, 2016).
Taken together, our results indicated that precipitation had both direct and indirect e�ects on bacterial taxonomic communities and resistomes, supporting the idea that stormwater with agriculture/urban runo�, with contaminants from the urban region could increase loadings of bacterial ARGs thereby increasing the risk of ARGs dissemination (Garner et al.,
2017)",2-观察性数据,Observational,2-间接数据支持,Indirect empirical support,1-促进AMR,Promoting AMR,2-观察累积,Observational cumulative/seasonal,3-人造环境,Built or engineered environment,2025-12-29
EVID_14-M2,14,2,Fang_2019,Decoupling the Dynamics of Bacterial Taxonomy and Antibiotic Resistance Function in a Subtropical Urban Reservoir as Revealed by High-Frequency Sampling,Discussion-p.9-para.6,2-Results+Discussion整合,Results and discussion integration,2-环境介导,Environment-mediated pathways,2f-其他环境介导,2c-水文条件,降水-季节模式改变,未限定（环境细菌群落/潜在外源菌）,耐药基因丰度增加,降水-季节模式改变→雨致暴雨径流/土壤再悬浮（外源ARG/MGE输入）→耐药基因丰度增加," Environmental factors including salinity, total carbon, nitrate nitrogen, total phosphorus and precipitation influenced the temporal variation of ARGs, while precipitation was
the strongest factor. A recent study reported that nutrients explained a large part of ARGs variation and that the nutrients combined with other factors could drive the distribution of
ARGs (Zhao et al., 2017). The seasonal stormwater runo induced by rainfall can increase the absolute abundance of ARGs and MGEs in an aquatic environment (Chen et al.,
2019) and could influence the ARGs load through increased input from runo� and soil resuspension (Di Cesare et al.,2017). In",5-理论推测,Theoretical/projection,3-理论推测,Theoretical support,1-促进AMR,Promoting AMR,2-观察累积,Observational cumulative/seasonal,3-人造环境,Built or engineered environment,2025-12-29
EVID_015-M1,15,1,Pärnänen (2019),Antibiotic resistance in European wastewater treatment plants mirrors the pattern of clinical antibiotic resistance prevalence,"Abstract-p.1,",2-Results+Discussion整合,Results and discussion integration,1-直接生物学效应,Direct biological mechanisms,1h-其他直接生物学,可删除,温度（环境温度）,污水处理厂进出水微生物群落（未特定病原体）,耐药性在环境中的持久与扩散,温度（环境温度）→（未明确具体中介过程）→耐药性持久/扩散↑,"Antibiotic use, environmental temperature, and UWTP size were important factors related with resistance persistence and spread in the environment. (p.1, Abstract)",2-观察性数据,Observational,2-间接数据支持,Indirect empirical support,正向（相关性）,Promoting AMR,横断面（跨国空间比较）,Other/unclear,欧洲市政污水处理厂（7国12厂；进水/出水）,Built or engineered environment,2025-12-29
EVID_015-M2,15,2,Pärnänen (2019),Antibiotic resistance in European wastewater treatment plants mirrors the pattern of clinical antibiotic resistance prevalence,Discussion-p.8-para.3,4-Discussion理论推测,Discussion theoretical interpretation,1-直接生物学效应,Direct biological mechanisms,1a-生长代谢,1a-生长代谢,温度（较高环境温度/变暖）,未特定（讨论举例：P. aeruginosa、Acinetobacter spp.）,耐药率上升,温度升高→耐药菌环境存活/增殖能力↑→耐药性持久与增殖↑,"Hence, it is not surprising that these bacteria survive better in the environment in regions with warmer temperatures. In a recent study, MacFadden et al. (23) demonstrated that an increase of 10°C across regions coincided with higher antibiotic resistance percentage of 4.2% for E. coli, 2.2% for K. pneumoniae, and 2.7% for S. aureus. Together with antibiotic use, and eventually with higher impact than that of antibiotic use, temperature may be a major driver of antibiotic resistance persistence and proliferation in the environment. (p.8, Discussion)",5-理论推测,Theoretical/projection,3-理论推测,Theoretical support,正向（推测）,Promoting AMR,横断面（跨区域比较；结合外部证据）,Other/unclear,欧洲区域环境/污水排放受纳环境（讨论）,Built or engineered environment,2025-12-29
EVID_015-M3,15,3,Pärnänen (2019),Antibiotic resistance in European wastewater treatment plants mirrors the pattern of clinical antibiotic resistance prevalence,Discussion-p.8-para.1,4-Discussion理论推测,Discussion theoretical interpretation,2-环境介导,Environment-mediated pathways,2a-微生物群落,2a-微生物群落,温度（运行/环境温度）,污水处理过程中的ARG宿主细菌群落,污水处理过程中ARG降低幅度/出水ARG水平差异,温度（运行条件）→影响ARG宿主动态/菌群组成→处理过程中ARG降低幅度/出水ARG水平差异,"This observation may be related to the dynamics of the ARG bacterial hosts during treatment (13, 14), influenced by operational conditions (e.g., temperature) and microbiota composition. (p.7, Discussion)",5-理论推测,Theoretical/projection,3-理论推测,Theoretical support,不确定（影响方向未定）,Uncertain,横断面（跨国空间比较）,Other/unclear,欧洲污水处理厂处理过程（讨论）,Built or engineered environment,2025-12-29
EVID_016-M1,16,1,Yang (2019),Bacterial community and climate change implication affected the diversity and abundance of antibiotic resistance genes in wetlands on the Qinghai-Tibetan Plateau,Results-p.6-para.8,1-Results实验数据,Results,2-环境介导,Environment-mediated pathways,2a-微生物群落,2a-微生物群落,湿度（土壤水分）；温度（平均温度/土壤温度）,湿地沉积物/土壤细菌群落（ARG潜在宿主）,ARG丰度（多类耐药基因）↑,土壤水分↑/温度↑→微生物群落/细菌丰度与结构变化→ARG丰度↑,"Soil moisture and soil total carbon were positively correlated (p < 0.05) with five classes of ARGs conferring resistance to sulfonamide, vancomycin, MLSB, others, and FCA. Average temperature, soil ammonium, and soil temperature were positively correlated (p < 0.05) with 2–3 class of ARGs. The environmental variables in group II had no significant correlations with any class of ARGs. The 32 ARGs conferring resistance to all major kinds of antibiotics were found to have a positive correlation with soil moisture (p < 0.05). (p.6, Results)",2-观察性数据,Observational,2-间接数据支持,Indirect empirical support,正向（相关性）,Promoting AMR,横断面（单次采样；空间梯度/多湿地比较）,Other/unclear,青藏高原自然湿地（土壤/沉积物；32个湿地）,Other/unclear,2025-12-29
EVID_016-M2,16,2,Yang (2019),Bacterial community and climate change implication affected the diversity and abundance of antibiotic resistance genes in wetlands on the Qinghai-Tibetan Plateau,Discussion-p.9-para.6,2-Results+Discussion整合,Results and discussion integration,1-直接生物学效应,Direct biological mechanisms,1c-HGT质粒接合,1c-水平基因转移,湿度（土壤水分动态/升高）,湿地土壤细菌群落,ARG丰度↑/潜在传播增强,土壤水分变化/升高→促进ARG在细菌群落间转移（理解的应该算是水平基因转移）→ARG丰度↑,"Dynamic moisture changes in soils have been shown to accelerate the susceptibility of the soil microbial community to antibiotics [68]. Soil moisture in the studied wetlands was also positively correlated with ARG abundance, which may indicate that soil moisture is not only a factor for microbial communities but also accelerate the transfer of ARGs among the bacteria community. (p.9, Discussion)",5-理论推测,Theoretical/projection,3-理论推测,Theoretical support,正向（推测）,Promoting AMR,横断面（结合文献与本研究相关结果解释）,Other/unclear,青藏高原自然湿地（土壤/沉积物）,Other/unclear,2025-12-29
EVID_016-M3,16,3,Yang (2019),Bacterial community and climate change implication affected the diversity and abundance of antibiotic resistance genes in wetlands on the Qinghai-Tibetan Plateau,Discussion-p.9-para.7,2-Results+Discussion整合,Results and discussion integration,2-环境介导,Environment-mediated pathways,2a-微生物群落,2a-微生物群落,气候变暖趋势（升温）→温度↑；湿度（土壤水分）↑,湿地沉积物/土壤细菌群落,ARG背景水平↑/ARG丰度↑,气候变暖趋势→土壤温度↑+土壤水分↑→微生物群落组成改变→ARG背景水平↑,"Temperature has previously been revealed to positively correlated with ARG abundance in engineered systems [69]. Similarly, in our study, we found that temperature played an important role in ARG abundance in these natural wetlands. The warming climate trend in the Qinghai-Tibetan will very likely lead to increased soil temperature and moisture which will alter the microbial community composition and increase the background levels of ARGs in the wetlands. (p.9, Discussion)",5-理论推测,Theoretical/projection,3-理论推测,Theoretical support,正向（推测）,Promoting AMR,长期（气候变化趋势推断）,Other/unclear,青藏高原湿地（土壤/沉积物；讨论对未来趋势的推断）,Other/unclear,2025-12-29
EVID_016-M4,16,4,Yang (2019),Bacterial community and climate change implication affected the diversity and abundance of antibiotic resistance genes in wetlands on the Qinghai-Tibetan Plateau,Discussion-p.9-para.8,3-Discussion数据解释,Discussion interpretation,2-环境介导,Environment-mediated pathways,2a-微生物群落,2a-微生物群落,气候变化（总体）,湿地细菌群落,ARG谱系/分布（profile & distribution）变化,气候变化→细菌群落变化→ARG谱系/分布变化,"At this time, we cautiously proposed that climate change and anthropogenic factors indirectly influence the ARG profile and distribution via the bacterial community. (p.9, Discussion)",5-理论推测,Theoretical/projection,3-理论推测,Theoretical support,不确定（方向未指明）,Uncertain,长期（概念性机制框架）,Conceptual or unclear,青藏高原湿地（土壤/沉积物；机制框架性总结）,Other/unclear,2025-12-29
EVID_018-M1,18,1,Hernandez (2020),Impact of wave action and rainfall on incidence and antibiotic resistance of total coliforms in Southern California beaches,Results-p.5-para.2(MAR indices),1-Results实验数据,Results,2-环境介导,Environment-mediated pathways,2c-水文/径流输入,2c-水文条件,降雨（wet weather）+ 波浪作用受限（restricted wave action）,总大肠菌群（total coliforms）,MAR指数↑,降雨+波浪作用受限→（污染/耐药菌输入与停留增强）→MAR指数↑,"Wet weather was associated with a 78.5% higher MAR index compared to dry weather at restricted wave action sites, whereas at non-restricted wave action sites, wet weather MAR index was 8.5% lower than dry weather MAR index (Figure 2).",2-观察性数据,Observational,2-间接数据支持,Indirect empirical support,受限波浪作用站点为正向；开放站点为负向/不一致,Promoting AMR,事件尺度（降雨后24h；多次采样2017–2018）,Event-based,南加州受限波浪作用海滩与开放海滩对比,Built or engineered environment,2025-12-30
EVID_018-M2,18,2,Hernandez (2020),Impact of wave action and rainfall on incidence and antibiotic resistance of total coliforms in Southern California beaches,Discussion-p.8-para.7,2-Results+Discussion整合,Results and discussion integration,2-环境介导,Environment-mediated pathways,2c-水文/径流输入,2c-水文条件,降雨（wet weather）+ 波浪作用受限（restricted wave action）,总大肠菌群（total coliforms）,耐药菌输入↑→MAR指数↑,降雨→污染物与耐药菌从更污染来源经径流输入→在受限波浪作用区稀释弱/停留强→MAR指数↑,"Rain results in increased levels of pollutants, especially in restricted wave action sites. As coliforms have a short lifespan (hours to days) in seawater (Fujioka et al. 1981; Statham & McMeekin 1994), it is likely that antibiotic-resistant coliforms from more polluted sources washed into restricted wave action sites during wet weather via runoff.",5-理论推测,Theoretical/projection,3-理论推测,Theoretical support,1-促进AMR,Promoting AMR,事件尺度（降雨径流事件）,Event-based,南加州受限波浪作用海滩（讨论对来源与过程的解释）,Built or engineered environment,2025-12-30
EVID_018-M3,18,3,Hernandez (2020),Impact of wave action and rainfall on incidence and antibiotic resistance of total coliforms in Southern California beaches,Discussion-p.8-para.9,3-Discussion数据解释,Discussion interpretation,2-环境介导,Environment-mediated pathways,2d-水土理化性质,2d-水土理化性质,潮湿vs干燥天气,总大肠菌群（total coliforms）,总大肠菌群可能对氨苄西林耐药水平,与干燥分离株相比，潮湿天气分离株的平均氨苄西林最低抑菌浓度通常更高。这表明，在潮湿的天气下，总大肠菌群可能对氨苄西林产生较高水平的抗药性,"however, wet weather isolates generally had higher mean ampicillin MICs compared to dry isolates. This suggests that total coliforms may be resistant to ampicillin at higher levels following wet weather; however, it is likely that this could not be detected statistically due to a lack of power in our design",5-理论推测,Theoretical/projection,3-理论推测,Theoretical support,1-促进AMR,Promoting AMR,4-未明确,Conceptual or unclear,5-未明确,Mixed or unspecified,2025-12-30
EVID_19-M1,19,1,Kaba (2020),Thinking outside the box: Association of antimicrobial resistance with climate warming in Europe – A 30 country observational study,Discussion-p.7-para.15,2-Results+Discussion整合,Results and discussion integration,3-生态社会介导,Socio-ecological mediation,3b-抗生素使用与选择压力,3b-人用抗生素（感染增加）,温度-年均温升高and季节性变暖,CRPA,耐药率上升,温度升高（季节性变暖而不是短暂的温度升高）→感染率上升→抗生素使用增加与选择压力增强→CRPA耐药率上升,"The intriguing question is why such association was found only for CRPA and not for other AMR variables investigated in this study. There is no final answer, yet one possible explanation may emerge if two phenomena are combined. Associations between elevated outdoor temperatures during the warm season and infections have been reported for P. aeruginosa (Psoter et al., 2013). Therefore, an increase of P.aeruginosa infections can be expected with rising temperatures. Since carbapenems are so-called reserve antibiotics, the increase in P. aeruginosa infections could have triggered the use of carbapenems. Since P.aeruginosa is a bacterium known to quickly react to selective pressure resulting from the application of antibiotics (Lister et al., 2009), this could have facilitated the rise in CRPA proportions of P. aeruginosa isolates due to selection mechanisms.",2-观察性数据,Observational,理论推测（根据结果关联解释机制）,Theoretical support,1-促进AMR,Promoting AMR,长期（2000–2016年跨国数据）,Other/unclear,欧洲多国（临床监测体系EARS-Net）,Other/unclear,2025-12-30
EVID_19-M2,19,2,Kaba (2020),Thinking outside the box: Association of antimicrobial resistance with climate warming in Europe – A 30 country observational study,Discussion-p.7-para.12,4-Discussion理论推测,Discussion theoretical interpretation,1-直接生物学效应,Direct biological mechanisms,1h-其他直接生物学-共选择与交叉选择,2d-水土理化性质；1h-其他直接生物学-应激与交叉耐受,温度-年均温升高,未限定（环境细菌）,环境耐药性传播增强,温度升高→影响环境中重金属/消毒剂浓度或吸收→共选择/交叉选择增强→AMR流行水平上升,"“The reason of such associations is still unknown. If a causal re-
lationship indeed exists, a potential explanation could be that warmer
climates might influence concentrations of heavy metals or biocides in
soil or water or their uptake by different organisms, including bacteria (Marques et al., 2010). These potentially toxic substances are at the
same time known to trigger AMR through co- or cross-selection (Singer
et al., 2016).”",5-理论推测,Theoretical/projection,3-理论推测,Theoretical support,1-促进AMR,Promoting AMR,4-未明确,Conceptual or unclear,4-宿主体内,Within host / clinical,2025-12-30
EVID_19-M3,19,3,Kaba (2020),Thinking outside the box: Association of antimicrobial resistance with climate warming in Europe – A 30 country observational study,Discussion-p.7-para.11,4-Discussion理论推测,Discussion theoretical interpretation,1-直接生物学效应,Direct biological mechanisms,1c-HGT质粒接合,1a-生长代谢；1c-水平基因转移,温度-年均温升高,未限定（细菌群体）,水平基因转移频率↑→耐药性↑,温度升高→促进细菌生长与HGT→ARG传播增强→耐药率上升,"“Although these results confirm previous findings and since tem-
perature is known to facilitate both in vitro bacterial growth and hor-
izontal gene transfer (Lorenz and Wackernagel, 1994),.”",4-文献综述,Review-based,4-文献综述总结,Review-based support,1-促进AMR,Promoting AMR,4-未明确,Conceptual or unclear,5-未明确,Mixed or unspecified,2025-12-30
EVID_20-M1,20,1,McLellan (2020),Residential urban stormwater runoff: A comprehensive profile of microbiome and antibiotic resistance, Introduction-p.2-para.4,6-综述整合,Review synthesis,2-环境介导,Environment-mediated pathways,2a-水文/径流输入,2c-水文条件,降水-暴雨事件,城市雨洪系统微生物群落,耐药基因传播风险↑,降雨→暴雨径流形成→污染物/细菌携带ARG输入→环境AMR传播风险↑,"“In addition to pathogen transmission, stormwater may enable the transmission of antibiotic resistant bacteria and antibiotic resistant genes (Garner et al., 2017). The spread of antibiotic resistance genes (ARGs) is a critical global health threat (Mills and Lee, 2019; World Health Organization, 2015). This can occur in stormwater where bacteria can acquire ARGs in natural matrices through transmission between live cells or by assimilation from the extracellular environment..”",4-文献综述,Review-based,4-文献综述总结,Review-based support,1-促进AMR,Promoting AMR,4-未明确,Conceptual or unclear,城市暴雨径流系统（MS4排口/受纳水体）,Built or engineered environment,2025-12-30
EVID_20-M2,20,2,McLellan (2020),Residential urban stormwater runoff: A comprehensive profile of microbiome and antibiotic resistance,Discussion-p.7-para.3,3-Discussion数据解释,Discussion interpretation,2-环境介导,Environment-mediated pathways,2a-水文/径流输入,2c-水文条件,降雨强度增加,粪源细菌（E. coli等）,ARG与耐药相关污染水平↑,降雨强度↑→沉积物再悬浮/冲刷增强→粪源细菌与耐药相关污染进入径流→ARG暴露水平↑,"
Despite the lack of significant correlation between E. coli concentration and rainfall depth, the trend indicates as rainfall depth increases E. coli concentration decrease to a range below the total mean. Further more, E. coli densities did significantly increasewith intensifying rainfall (rainfall depth/duration). These results suggest intense, short duration
rainfalls yield the highest fecal contamination in stormwater. These findings are consistent with other reports (McCarthy et al., 2007). This may be related to the suspension ofgreater amounts ofsediment during high intensity rainfall events. Therefore, urban runoffmay be a potential source of pathogen impairment in source waters.",5-理论推测,Theoretical/projection,3-理论推测,Theoretical support,1-促进AMR,Promoting AMR,事件尺度（降雨响应）,Event-based,城市暴雨径流系统（排口/受纳河网）,Built or engineered environment,2025-12-30
EVID_021-M1,21,1,McGough (2020),Rates of increase of antibiotic resistance and ambient temperature in Europe: a cross-national analysis of 28 countries between 2000 and 2016, Introductio-p.2-para.3,6-综述整合,Review synthesis,1-直接生物学效应,Direct biological mechanisms,1h-其他直接生物学,可删除,温度（ambient temperature）,耐药菌/耐药微生物（泛指）,AMR发展与传播过程受温度调节（机制框架）,温度升高→调节AMR发展与传播过程→耐药率变化（未展开具体生物学中介）,"Thus, directly or indirectly, temperature has the potential to modify the process of bacterial transmission across species, transfer of resistant mobile elements between bacteria, and selection of antibiotic resistant organisms at bacterial and human population scales",4-文献综述,Review-based,4-文献综述总结,Review-based support,1-促进AMR,Promoting AMR,概念性机制（非本研究直接检验）,Conceptual or unclear,欧洲/跨国背景（引言框架）,Other/unclear,2025-12-30
EVID_021-M2,21,2,McGough (2020),Rates of increase of antibiotic resistance and ambient temperature in Europe: a cross-national analysis of 28 countries between 2000 and 2016,"Background-p.1;
Results-p.8-para.5",1-Results实验数据,Results,1-直接生物学效应,Direct biological mechanisms,1h-其他直接生物学,可删除,最低气温更高（10°C更暖）,Escherichia coli；Klebsiella pneumoniae,耐药率上升更快（0.33%/年至1.2%/年，跨抗生素类别）,温度升高→（可能促进传播/扩散机制；未在摘要展开）→耐药率上升更快,"During 2000–2016, for Escherichia coli and Klebsiella pneumoniae, European countries with 10°C warmer ambient minimum temperatures compared to others, experienced more rapid resistance increases across all antibiotic classes. Increases ranged between 0.33%/year (95%CI:0.2to0.5) and 1.2%/year (95%CI:0.4to1.9), even after accounting for recognised resistance drivers including antibiotic consumption and population density.",2-观察性数据,Observational,2-间接数据支持,Indirect empirical support,1-促进AMR,Promoting AMR,纵向生态分析（2000–2016）,Other/unclear,欧洲28国；国家层面耐药率（>400万分离株）,Other/unclear,2025-12-30
EVID_021-M3,21,3,McGough (2020),Rates of increase of antibiotic resistance and ambient temperature in Europe: a cross-national analysis of 28 countries between 2000 and 2016,"Background-p.1;
Results-p.8-para.5",1-Results实验数据,Results,1-直接生物学效应,Direct biological mechanisms,1h-其他直接生物学,可删除,最低气温更高（跨国比较）,Staphylococcus aureus,甲氧西林耐药率变化更低/下降更快（−0.4%/年）,温度升高→（未明确具体中介过程）→MRSA耐药率变化更低/下降更快（方向与其他病原体不同）,"Interestingly, we observed a decrease in the rate of change of antibiotic
resistance across countries by approximately 0.4%/
year (p<0.05), with a 10°C increase in minimum temper-
ature, for meticillin resistant S. aureus (MRSA).",2-观察性数据,Observational,2-间接数据支持,Indirect empirical support,2-抑制AMR,Suppressing AMR,纵向生态分析（2000–2016）,Other/unclear,欧洲28国；国家层面耐药率（>400万分离株）,Other/unclear,2025-12-30
EVID_021-M4,21,4,McGough (2020),Rates of increase of antibiotic resistance and ambient temperature in Europe: a cross-national analysis of 28 countries between 2000 and 2016,Discussion-p.9-para.5,4-Discussion理论推测,Discussion theoretical interpretation,1-直接生物学效应,Direct biological mechanisms,1h-其他直接生物学,可删除,温度升高/变暖,耐药菌（泛指；人/动物携带菌群）,耐药菌分布/传播增强,温度升高→作用于耐药获得与转移的多种机制（宿主+环境多界面）→耐药菌分布与传播增强,"Temperature thus has the potential to act on any number of these resistance acquisition and transfer mechanisms, both within and between hosts and environments.",5-理论推测,Theoretical/projection,3-理论推测,Theoretical support,1-促进AMR,Promoting AMR,4-未明确,Conceptual or unclear,One Health（农业-动物-人-环境多界面）,Mixed or unspecified,2025-12-30
EVID_021-M5,21,5,McGough (2020),Rates of increase of antibiotic resistance and ambient temperature in Europe: a cross-national analysis of 28 countries between 2000 and 2016,Discussion-p.9-para.5,4-Discussion理论推测,Discussion theoretical interpretation,2-环境介导,Environment-mediated pathways,2a-微生物群落,2-不确定,温度/季节变化,耐药菌（人/动物肠道菌群携带）,耐药菌传播增加（通过定植/携带）,温度/季节变化→人/动物对耐药菌携带率增加→耐药菌传播增加→AMR分布/传播增强,"For example, increased carriage in humans and animals could support increased transmission of resistant strains of bacteria, and carriage of antibiotic resistant organisms has been shown to be influenced by season/temperature.",5-理论推测,Theoretical/projection,3-理论推测,Theoretical support,1-促进AMR,Promoting AMR,4-未明确,Conceptual or unclear,宿主（人/动物）定植-社区传播链,Other/unclear,2025-12-30
EVID_021-M6,21,6,McGough (2020),Rates of increase of antibiotic resistance and ambient temperature in Europe: a cross-national analysis of 28 countries between 2000 and 2016,Discussion-p.9-para.5,4-Discussion理论推测,Discussion theoretical interpretation,1-直接生物学效应,Direct biological mechanisms,1c-HGT质粒接合,1c-水平基因转移,温度升高/局地环境温度,细菌群体（泛指；含耐药基因传播）,水平基因转移↑→ARG传播↑,温度升高→HGT（ARG在细菌间转移）增强→ARG传播增强→AMR分布/传播增强,"Moreover, horizontal gene transfer (including the transfer of antibiotic resistance genes between bacteria) is known to be temperature dependent, and previous work has shown that optimal temperatures for transfer of the carbapenemase New Delhi metallo-β-lactamase 1 (NDM-1) are similar to local ambient temperatures.",5-理论推测,Theoretical/projection,3-理论推测,Theoretical support,1-促进AMR,Promoting AMR,4-未明确,Conceptual or unclear,宿主/环境均可发生的细菌间基因转移,Other/unclear,2025-12-30
EVID_021-M7,21,7,McGough (2020),Rates of increase of antibiotic resistance and ambient temperature in Europe: a cross-national analysis of 28 countries between 2000 and 2016,Discussion-p.9-para.5,4-Discussion理论推测,Discussion theoretical interpretation,1-直接生物学效应,Direct biological mechanisms,1a-生长代谢,1a-生长代谢,温度升高,耐药菌（泛指）,耐药传播/选择增强,温度升高→细菌生长速率↑→总体传播能力↑且在抗生素使用下选择压力更强→AMR传播/分布增强,Increased bacterial growth rates at higher temperatures could facilitate overall transmission and selection by antibiotic consumption.,5-理论推测,Theoretical/projection,3-理论推测,Theoretical support,1-促进AMR,Promoting AMR,4-未明确,Conceptual or unclear,宿主与环境（与抗生素使用共同作用）,Other/unclear,2025-12-30
EVID_021-M8,21,8,McGough (2020),Rates of increase of antibiotic resistance and ambient temperature in Europe: a cross-national analysis of 28 countries between 2000 and 2016,Discussion-p.9-para.5,4-Discussion理论推测,Discussion theoretical interpretation,2-环境介导,Environment-mediated pathways,2f-其他环境介导,2a-微生物群落,变暖气候（warming climate）,环境耐药组（environmental resistome）,环境耐药基因多样性↑,气候变暖→环境耐药组多样性增加（环境作为AMR库）→AMR分布/传播增强,"The environment is thought to be a major reservoir of antibiotic resistance, and it is also possible that the environmental resistome (the collection of all resistance genes) could become more diverse in a warming climate.",5-理论推测,Theoretical/projection,3-理论推测,Theoretical support,1-促进AMR,Promoting AMR,4-未明确,Conceptual or unclear,自然环境（环境耐药基因库）,Natural environment,2025-12-30
EVID_021-M9,21,9,McGough (2020),Rates of increase of antibiotic resistance and ambient temperature in Europe: a cross-national analysis of 28 countries between 2000 and 2016,Discussion-p.9-para.5,4-Discussion理论推测,Discussion theoretical interpretation,4-宿主易感性,Host susceptibility pathways,3c-人群行为,4d-行为改变,温度升高/变暖,抗耐药菌传播相关人群接触网络,耐药菌传播↑,温度升高→人群社会行为改变（如聚集）→接触机会↑→耐药菌传播↑→AMR分布/传播增强,"Lastly, temperature may have an impact on other important human socio-behavioral effects (e.g. gatherings) which could also alter the transmission of antibiotic resistant organisms.",5-理论推测,Theoretical/projection,3-理论推测,Theoretical support,4-不确定,Uncertain,4-未明确,Conceptual or unclear,人群社会行为-传播网络,Other/unclear,2025-12-30
EVID_022-M1,22,1,Ouyang (2020),Airborne bacterial communities and antibiotic resistance gene dynamics in PM2.5 during rainfall,Results-p.5-3.3para1,1-Results实验数据,Results,2-环境介导,Environment-mediated pathways,2h-其他环境介导,2f-其他环境介导-气溶胶,降雨强度（light/moderate/heavy）,空气传播细菌群落（PM2.5相关）,细菌群落丰度受降雨影响；强降雨洗涤效应更强,降雨强度升高→湿沉降/洗涤作用增强→空气中细菌负荷下降（并联影响ARG动态）,"The ARGs abundances increased slightly with an average increase of 9.7% one day after rain, which was still lower than the value before the rain. The washing effect of rain on the abundances of aminoglycoside ARGs (28.81%) was bigger than the impacts on the
tetracycline resistance gene (21.89%) and macrolide ARGs (19.34%).",2-观察性数据,Observational,2-间接数据支持,Indirect empirical support,强降雨方向为负向（洗涤/去除更强）,Suppressing AMR,事件尺度（多次降雨事件；2017–2018）,Event-based,北京城区PM2.5现场同步监测,Other/unclear,2025-12-30
EVID_022-M2,22,2,Ouyang (2020),Airborne bacterial communities and antibiotic resistance gene dynamics in PM2.5 during rainfall,Results-p.6-3.4para2,1-Results实验数据,Results,2-环境介导,Environment-mediated pathways,2h-其他环境介导,2f-其他环境介导-气溶胶,气温；相对湿度；降雨历时（duration of rain）,空气传播细菌群落 + ARGs（PM2.5中）,ARG/生物特征受主要气象因子驱动,气温/相对湿度/降雨历时→影响PM2.5生物组分（细菌群落）→ARG丰度变化,"The interaction of the key factors affecting the absolute abundances
of ARGs in PM2.5 was assessed (Fig. 8). The absolute abundances of
seven types of ARGs displayed significant correlations with rainfall anrelative humidity (Sig.≤0.05), which had different interactions with other factors. The correlation coefficients of tetW, ermQ, and aph(3′IIIa with rainfall were>0.3. Temperature and wind direction had little impact on the absolute abundances of the ARGs (Sig. > 0.05), whereas
correlations of rain duration and rain intensity with them were more
significant. The abundance of ermB was closely associated with wind",2-观察性数据,Observational,2-间接数据支持,Indirect empirical support,（方向依具体因子/模型而异；摘要未给出单向）,Other/unclear,事件尺度（2017–2018；多次降雨过程）,Event-based,北京城区PM2.5现场同步监测,Other/unclear,2025-12-30
EVID_022-M3,22,3,Ouyang (2020),Airborne bacterial communities and antibiotic resistance gene dynamics in PM2.5 during rainfall, Discussion-p.10-4.2para.1 (Effect on ARGs),2-Results+Discussion整合,Results and discussion integration,2-环境介导,Environment-mediated pathways,2h-其他环境介导,可删除,降雨强度（light vs heavy）；降雨过程,ARGs（PM2.5中：tetW/ermQ/aph(3’)-IIIa等）,ARG绝对丰度：小雨可能↑；大雨洗涤效应强→↓；整体呈“V”型,降雨强度/过程→（洗涤去除 vs 小雨条件下相对富集；未完全阐明）→ARG绝对丰度在雨中下降、雨后回升（V型）,"Light rain is positive for abundance of ARGs, which is also closely related to the initial value before rain. When the initial value was similar, heavy rain has a relatively strong washing effect on the ARGs. Abundance of ARGs decreased during rain and slightly increased after rainwith a “V” shape trend with the impact of rainfall.",2-观察性数据,Observational,2-间接数据支持,Indirect empirical support,小雨：正向；大雨：负向（观测/总结）,Promoting AMR,事件尺度（降雨前-中-后；2017–2018多事件）,Event-based,北京城区PM2.5；不同雨强事件对比,Other/unclear,2025-12-30
EVID_024-M1,24,1,Jang (2021),Hydrometeorological Influence on Antibiotic-Resistance Genes (ARGs) and Bacterial Community at a Recreational Beach in Korea,Results-p.5-3.2-para.2,2-Results+Discussion整合,Results and discussion integration,2-环境介导,Environment-mediated pathways,2c-基础设施溢流/污水输入,2c-水文条件,降雨事件（引发CSO）,海滩近岸海水微生物群落（污水相关）,ARG数量与多样性↑（污水相关ARG/OTUs增加）,降雨事件→CSO溢流/污水输入增强→污水相关ARG与OTUs增加→ARG数量与多样性↑,"This could be explained by the combination of all antecedent rainfall events (I-1, I-2,
and I-3) generating enough stormwater to create CSO discharge, which
was then released at site S6 only when the tidal level began to fall.",2-观察性数据,Observational,3-理论推测,Theoretical support,正向（推测）,Promoting AMR,事件尺度（降雨事件）,Event-based,韩国城市休闲海滩（CSO outfall影响）,Built or engineered environment,2025-12-30
EVID_024-M2,24,2,Jang (2021),Hydrometeorological Influence on Antibiotic-Resistance Genes (ARGs) and Bacterial Community at a Recreational Beach in Korea,Results-p.9-3.5.1-para.3,2-Results+Discussion整合,Results and discussion integration,2-环境介导,Environment-mediated pathways,2a-微生物群落/致病相关,2a-微生物群落,降雨事件,潜在致病菌（Acinetobacter/Pseudomonas/Prevotella）,潜在致病菌携带ARG（耐药风险↑）,降雨事件→微生物群落/共现网络改变→潜在致病菌携带ARG→耐药风险↑,"Acinetobacter (OTU 1611, 3621), Bacteroides (OTU 103, 109), Pal-
udibacter (OTU 97), Prevotella (OTU 94), and Tolumonas (OTU 36) were
pathogenic bacteria that presented in the network only during rainfall
(Fig. 7a). These species seem to have played a crucial role in the rapid
propagation of ARGs during rainfall. However, these species dis-
appeared in the network after rainfall, which could be due to their rapid
rate of decay. In previous studies, it has been noted that seawater is a
challenging environment, particularly for Acinetobacter, Bacteroides, and
Prevotella (Adyasari et al., 2019; Sassoubre et al., 2015)",2-观察性数据,Observational,2-间接数据支持,Indirect empirical support,正向（风险增加）,Promoting AMR,事件尺度（降雨相关采样期）,Event-based,韩国城市休闲海滩近岸海水,Built or engineered environment,2025-12-30
EVID_024-M3,24,3,Jang (2021),Hydrometeorological Influence on Antibiotic-Resistance Genes (ARGs) and Bacterial Community at a Recreational Beach in Korea,Results-p.9-3.5.2-para.2,2-Results+Discussion整合,Results and discussion integration,1-直接生物学效应,Direct biological mechanisms,1c-HGT质粒接合,1c-水平基因转移,降雨事件,潜在致病菌-ARG网络,ARGs传播↑,降雨事件→ARG传播到新物种→雨后暴露增加↑,"Furthermore, after rainfall, it appeared as a pathogen and was
correlated with ARGs in the network after rainfall. Thus, ARGs could be
spread to new bacterial species (Ben et al., 2017; Lipp et al., 2001),
implying that public health is threatened by pathogens containing ARGs
on recreational beaches even after rainfall. Meanwhile, OTU 769 was
commonly found in both networks (Fig. 7a and b). I",2-观察性数据,Observational,2-间接数据支持,Indirect empirical support,正向（风险增加）,Promoting AMR,事件尺度（雨后至32 h）,Event-based,韩国城市休闲海滩近岸海水,Built or engineered environment,2025-12-30
EVID_025-M1,25,1,Rodríguez (2021),"Climatological and Epidemiological Conditions Are Important Factors Related to the Abundance of blaKPC and Other Antibiotic Resistance Genes (ARGs) in Wastewater Treatment Plants and Their Effluents, in an Endemic Country",Results-p.8-para.1,1-Results实验数据,Results,2-环境介导,Environment-mediated pathways,2c-水文/降雨季节性,2c-水文条件,雨季（rainy season）,WWTP进出水微生物群落（FE和AET的ARGs）,出水ARG绝对丰度↑（雨季更高）,雨季→降雨相关水文变化→ARG绝对丰度↑,"The effect of
the seasons (dry and rainy) on the absolute concentration of
ARGs at each point of the treatment plant was evaluated. It was
found that the absolute concentration of the majority of the
resistance genes showed a characteristic pattern: in the dry
season, a greater absolute abundance of ARGs was observed in
the RI and RS, whereas in the rainy season, a greater absolute
abundance of ARGs was observed in the FE and AeT except for
the tetW and qnrA genes (Figure 5).",2-观察性数据,Observational,2-间接数据支持,Indirect empirical support,正向（观测到增加）,Promoting AMR,季节尺度（雨季vs旱季；15天/次，6个月）,Observational cumulative/seasonal,哥伦比亚污水处理厂（WWTP及其出水）,Built or engineered environment,2025-12-30
EVID_025-M2,25,2,Rodríguez (2021),"Climatological and Epidemiological Conditions Are Important Factors Related to the Abundance of blaKPC and Other Antibiotic Resistance Genes (ARGs) in Wastewater Treatment Plants and Their Effluents, in an Endemic Country",Discussion-p.11-para.2,2-Results+Discussion整合,Results and discussion integration,2-环境介导,Environment-mediated pathways,2a-微生物群落,2a-微生物群落,气温升高,WWTP进出水微生物群落（ARGs）,ARG丰度,温度升高→微生物生长速度增加→微生物群落中的ARG丰度增加,"Previous studies have indicated an important effect of
temperature on bacterial resistance (Manaia et al., 2018). A
positive correlation between temperature and ermB and sul2
abundance was observed in the AeTs in this work. The
correlation found may be due to an overgrowth of
microorganisms typical of the microbial communities that
carry these ARGs at this point in the plant. An opposite effect
was observed in the influent and in the effluent, which is possibly
explained because these points ofthe WWTP are bacterial transit
points, where retention times are short and, therefore, the
temperature does not have a significant effect on the growth
of microorganisms.",2-观察性数据,Observational,2-间接数据支持,Indirect empirical support,3-双向作用,Bidirectional or mixed,纵向监测（15天/次，6个月）,Observational cumulative/seasonal,哥伦比亚WWTP（进水/出水/工艺段）,Built or engineered environment,2025-12-30
EVID_025-M3,25,3,Rodríguez (2021),"Climatological and Epidemiological Conditions Are Important Factors Related to the Abundance of blaKPC and Other Antibiotic Resistance Genes (ARGs) in Wastewater Treatment Plants and Their Effluents, in an Endemic Country",Discussion-p.11-para.7,2-Results+Discussion整合,Results and discussion integration,2-环境介导,Environment-mediated pathways,2c-水文/工艺停留时间,2c-水文条件,降雨/雨季（rain）,WWTP出水微生物群落（ARGs）,出水ARG绝对丰度↑,降雨增加→水力负荷↑→水力停留时间↓→促进池体内抗性细菌/ARG扩散至出水→出水ARG绝对丰度↑,"Likewise, the increase in ARGs in the effluent may be due to
an increase in the hydraulic load of the WWTP, which would
lead to a process of less hydraulic retention time in tanks.
Therefore, the rain would favor dispersion phenomena of
resistant bacteria and ARGs in tanks to the effluent",5-理论推测,Theoretical/projection,3-理论推测,Theoretical support,正向（推测）,Promoting AMR,季节/事件尺度（雨季过程）,Event-based,哥伦比亚WWTP工艺段（池体→出水）,Built or engineered environment,2025-12-30
EVID_026-M1,26,1,Yang (2021),"Fecal indicators, pathogens, antibiotic resistance genes, and ecotoxicity in Galveston Bay after Hurricane Harvey",Discussion-p.8-para.2,2-Results+Discussion整合,Results and discussion integration,2-环境介导,Environment-mediated pathways,2d-水土理化性质,2d-水土理化性质,极端事件-飓风台风（Hurricane Harvey）+降水-极端降雨/洪涝,粪源指示菌（大肠杆菌和肠球菌）,多种ARG检出↑（水体+沉积物）,极端降雨/飓风洪涝→城市径流和沉积物样本冲刷→粪源指示菌/致病菌水平↑→多种ARG检出↑,"Elevated fecal indicator bacteria and human pathogens were re-
ported in urban runoff and sediment samples shortly after Hurricane
Harvey (Kapoor et al., 2018; Yu et al., 2018). The concentrations of fecal
indicator bacteria (E. coli and Enterococcus spp.) in marine water and
sediment collected at the river mouth of Buffalo Bayou (G2) were one to
two orders of magnitude higher than the river water and river sediment
collected in Buffalo Bayou and Brays Bayou 2 weeks post-Harvey indi-
cating that the Galveston Bay is the pool of those fecal bacteria from land
source during the hurricane (Yu et al., 2018).",2-观察性数据,Observational,2-间接数据支持,Indirect empirical support,正向（观测到增加）,Promoting AMR,事件-随访（飓风后2周采样；并随访至6个月）,Event-based,美国德州Galveston Bay河口海湾（近河口/河口口门；水体与沉积物）,Built or engineered environment,2025-12-31
EVID_026-M2,26,2,Yang (2021),"Fecal indicators, pathogens, antibiotic resistance genes, and ecotoxicity in Galveston Bay after Hurricane Harvey",Discussion-p.8-para.5,2-Results+Discussion整合,Results and discussion integration,2-环境介导,Environment-mediated pathways,2f-其他环境介导,2c-水文条件,极端事件-飓风台风（Hurricane Harvey）+降水-极端降雨/洪涝,未限定（环境细菌）,抗生素与ARG水平升高,"
飓风哈维期间→ 携带高浓度的β-内酰胺类抗生素的洪水和沉积物进入加尔维斯顿湾→含有β-内酰胺类抗生素和与其他检测到的ARG相关的其他抗生素检出升高。","High levels of ARGs often showed a positive correlation to antibiotics
in the environment (Rodriguez-Mozaz et al., 2015). High concentrations
of BlaTEM were observed in water (T1 and G5) and sediments (T1 and
G2) collected in September 2017, indicating that high concentrations of
β-lactam group antibiotics might have been introduced into Galveston
Bay through via floodwaters and sediments during and shortly after the
Hurricane Harvey. Numerous sources such as hospitals and urban
runoff, wastewater and sewer overflow from treatment systems, might
contain β-lactam group antibiotics and other antibiotics associated with
other detected ARGs.",2-观察性数据,Observational,2-间接数据支持,Indirect empirical support,正向（观测到增加）,Promoting AMR,事件尺度（飓风后2周采样）,Event-based,美国德州Galveston Bay河口海湾（near the river mouths；水体/沉积物）,Built or engineered environment,2025-12-31
EVID_026-M3,26,3,Yang (2021),"Fecal indicators, pathogens, antibiotic resistance genes, and ecotoxicity in Galveston Bay after Hurricane Harvey",Discussion-p.8-para.6,2-Results+Discussion整合,Results and discussion integration,2-环境介导,Environment-mediated pathways,2b-抗生素残留,2c-水文条件；2b-抗生素残留,极端事件-飓风台风后水体冲刷（HRT）,未限定（环境细菌）,blaTEM空间分布外移/选择压力下降（间接反映耐药水平下降）,极端洪涝→水体冲刷+HRT→抗生素逐渐被冲刷出海→选择压力下降→blaTEM下降/外移,"However, after about one hydraulic retention time (HRT) of the Galveston Bay (November 2017), the concentration of the BlaTEM shift to the sampling points in which close to the Gulf of Mexico (G8), indicating that antibiotics were gradually flushed out to the Gulf of Mexico.",2-观察性数据,Observational,2-间接数据支持,Indirect empirical support,负向（选择压力下降→blaTEM下降/外移）,Suppressing AMR,事件后累积（约1个HRT；至2017年11月）,Event-based,美国德州Galveston Bay（靠近外海采样点G8等；与Gulf of Mexico交换）,Other/unclear,2025-12-31
EVID_026-M4,26,4,Yang (2021),"Fecal indicators, pathogens, antibiotic resistance genes, and ecotoxicity in Galveston Bay after Hurricane Harvey",Conclusion-p.10-para.1 ,3-Discussion数据解释,Discussion interpretation,2-环境介导,Environment-mediated pathways,2f-其他环境介导,2c-水文条件,极端事件-飓风台风（Hurricane Harvey）+降水-极端降雨/洪涝,未限定（海湾微生物群落）,AMR基因水平短期↑；2–6个月后恢复（风险窗口）,极端洪涝→洪水/沉积物携带陆源细菌与ARG输入→AMR基因水平短期↑→2–6个月后下降/恢复,"Additionally, the high levels of antimicrobial resistant genes and the environmental toxicity appear to have recovered after 2–6 months post-Harvey, indicating the Harvey might increase the human and ecosystem health risk before one hydraulic retention time (HRT) of the Galveston Bay.",2-观察性数据,Observational,2-间接数据支持,Indirect empirical support,短期正向（增加）；随后负向（恢复）,Promoting AMR,事件-随访（飓风后2周至2–6个月）,Event-based,美国德州Galveston Bay河口海湾（极端洪涝影响的河口海湾系统）,Built or engineered environment,2025-12-31
EVID_027-M1,27,1,Feldman (2022),Effect of temperature on Escherichia coli bloodstream infection in a nationwide population-based study of incidence and resistance,Introduction-p.1-para.1,6-综述整合,Review synthesis,4-宿主易感性,Host susceptibility pathways,4e-其他宿主机制,4a-免疫与屏障功能,温度-季节平均温度变化（更高温度）,Escherichia coli,感染风险↑（间接增加耐药感染机会）,季节性（夏季）→影响细菌毒力因子/宿主免疫→感染风险↑→耐药感染机会↑,"Explanations for the seasonality of the incidence of E. coli BSI
include higher E. coli colonization in humans during
the summer because of behavior changes and modifica-
tion of host immunity [10, 11], and increased virulence
and growth of E. coli in food and in the environment [6,
10–12].",4-文献综述,Review-based,4-文献综述总结,Review-based support,正向（推测）,Promoting AMR,概念性机制（讨论引用外部证据）,Conceptual or unclear,宿主-病原体相互作用（讨论机制解释）,Other/unclear,2025-12-31
EVID_027-M2,27,2,Feldman (2022),Effect of temperature on Escherichia coli bloodstream infection in a nationwide population-based study of incidence and resistance,"p.1, Abstract (Results)",1-Results实验数据,Results,3-生态社会介导,Socio-ecological mediation,3a-疾病负担,3b-人用抗生素（感染增加）,温度-季节平均温度变化（平均月气温升高）,Escherichia coli,社区起病耐药E. coli BSI事件数↑；MDR事件数↑,气温升高→E. coli BSI事件数↑（疾病负担）→耐药E. coli BSI/MDR事件数↑,"For CO events, for each average monthly temperature increase of 5.5 °C, the monthly number of events increased by 6.2% (95% CI 1.6–11.1%, p = 0.008) and the monthly number of multidrug-resistant events increased by 4.9% (95% CI 0.3–9.7%, p = 0.04).",2-观察性数据,Observational,2-间接数据支持,Indirect empirical support,正向（观测到增加）,Promoting AMR,时间序列（全国月度；2018–2019）,Observational cumulative/seasonal,以色列全国成人血流感染监测（社区起病CO vs 医院起病HO）,Other/unclear,2025-12-31
EVID_027-M3,27,3,Feldman (2022),Effect of temperature on Escherichia coli bloodstream infection in a nationwide population-based study of incidence and resistance, Discussion-p.4-para.1,3-Discussion数据解释,Discussion interpretation,1-直接生物学效应,Direct biological mechanisms,1a-生长代谢,1a-生长代谢,温度-季节平均温度变化（更高温度）,Escherichia coli,E. coli BSI↑（间接增加耐药BSI机会）,温度升高→E. coli生长/环境密度与食物污染↑→定植↑→E. coli BSI↑→耐药BSI机会↑,"Higher temperature increases the growth of E. coli in vitro [12], its density in the environment [6, 11], and contamination of food and beverages, leading to an increase in E. coli BSI, possibly through an increase in the incidence of colonization [11].",3-综述/理论阐释,Review-based,3-理论推测,Theoretical support,正向（推测）,Promoting AMR,概念性机制（讨论引用外部证据）,Conceptual or unclear,人群-环境/食物暴露场景（讨论机制解释）,Other/unclear,2025-12-31
EVID_027-M4,27,4,Feldman (2022),Effect of temperature on Escherichia coli bloodstream infection in a nationwide population-based study of incidence and resistance,Discussion-p.8-para.1 ,3-Discussion数据解释,Discussion interpretation,1-直接生物学效应,Direct biological mechanisms,1c-HGT质粒接合,1c-水平基因转移,温度-季节平均温度变化（更高温度）,Escherichia coli,耐药性/MDR风险↑（通过HGT/质粒转移）,温度升高→细胞间质粒转移/HGT↑→耐药基因传播↑→耐药性/MDR风险↑,"Several mechanisms could explain the association between resistance and temperature: carriage of extended-spectrum ß-lactamase- producing E. coli is associated with higher temperature[20], and horizontal gene transfer is temperature dependent [21, 22], with higher temperature enhancing cell-to-cell plasmid transfer in E. coli [23].",3-综述/理论阐释,Review-based,3-理论推测,Theoretical support,正向（推测）,Promoting AMR,概念性机制（讨论引用外部证据）,Conceptual or unclear,细菌层面机制（E. coli；质粒转移）,Other/unclear,2025-12-31
EVID_028-M1,28,1,LaMontagne (2022),"Hurricane Harvey Impacts on Water Quality and Microbial Communities in Houston, TX Waterbodies.","Discussion-p.9-para.4 
Abstract-p.1",2-Results+Discussion整合,Results and discussion integration,2-环境介导,Environment-mediated pathways,2f-其他环境介导,2c-水文条件,极端事件-风暴（Hurricane Harvey/洪水）,环境微生物群落；FIB（E. coli/Enterococci）,耐药菌分离率上升（推测：antibiotic resistant bacteria）,极端风暴/飓风→洪水/径流携带粪便污染与耐药菌进入水体→耐药菌分离率/暴露风险↑,"High E. coli MPNs for samples collected immediately after HH, suggests that floodwaters were contaminated with fecal matter. These elevated MPNs agree with previous reports for Bayous within theGalveston Bay system (Yu et al., 2018; Kiaghadi and Rifai, 2019; Yang et al., 2021), for the Guadalupe River (Kapoor et al., 2018), which was also in the path of HH, and the report of Enterobacteriaceae in marine sponges o�shore of
Galveston Bay (Shore et al., 2021).
Overall, these results suggest that ﬂoodwater generated from these extreme events may have high levels of fecal contamination, antibiotic resistant bacteria and bacteria rarely observed in other systems.",2-观察性数据,Observational,2-间接数据支持,Indirect empirical support,正向（观测到增加）,Promoting AMR,2-观察/累积（事件前后+秋季随访约2个月）,Event-based,美国德州休斯敦-加尔维斯顿沿海：Clear Lake河口及入湖bayous（风暴前后采样）,Built or engineered environment,2026-01-04
EVID_029-M1,29,1,Lee (2022),Wastewater bypass is a major temporary point-source of antibiotic resistance genes and multi-resistance risk factors in a Swiss river,Results-p.8-3.4para.1,1-Results实验数据,Results,3-生态社会介导,Socio-ecological mediation,2c-基础设施破坏,3d-2-基础设施与卫生系统,降水-极端降雨（stormwater events）,河流水体细菌群落,耐药基因丰度增加（指标ARG+宏基因组resistome）；,极端降雨/暴雨→污水处理厂旁路排放/溢流→河流水体中的耐药水平↑,"The results shown above provide strong evidence that resistance
levels increased profoundly in receiving river waters during stormwater
events, and that the majority of the increase in resistance determinants
in river waters originates from bypass according to the results presented
in Sections 3.1–3.3.",2-观察性数据,Observational,2-间接数据支持,Indirect empirical support,正向（观测到增加）,Promoting AMR,2-观察/累积（事件尺度：stormwater events期间采样）,Event-based,瑞士河流（WWTP旁路/出水与受纳河流上下游；事件采样+土壤/沉积物对照）,Built or engineered environment,2026-01-04
EVID_029-M2,29,2,Lee (2022),Wastewater bypass is a major temporary point-source of antibiotic resistance genes and multi-resistance risk factors in a Swiss river,Disussion-p.9-para.1,3-Discussion数据解释,Discussion interpretation,2-环境介导,Environment-mediated pathways,2c-基础设施破坏,2c-水文条件,降水-极端降雨（旁路事件触发）,河流水体细菌群落（US/DS采样点）,耐药基因丰度增加/多耐药指标短期持续,极端降雨/暴雨→旁路事件→耐药指标上升,"WVarious lines of evidence (i.e., relative abundance of resistance in-
dicators and alpha- and beta-diversity analysis of various compartments
of river systems) revealed that wastewater bypass was a major source of
resistance during stormwater events in the River Murg. This indicates
WWTPs and sewer systems are important intervention points for tack-
ling dissemination of ARGs in the aquatic environment during storm-
water events. Without proper interventions, the risk of public exposure
to those genes will remain high.",2-观察性数据,Observational,2-间接数据支持,Indirect empirical support,正向（观测到增加）,Promoting AMR,2-观察/累积（事件尺度：旁路停止后仍持续一段时间）,Event-based,瑞士河流WWTP上下游（US/DS；事件采样）,Built or engineered environment,2026-01-04
EVID_029-M3,29,3,Lee (2022),Wastewater bypass is a major temporary point-source of antibiotic resistance genes and multi-resistance risk factors in a Swiss river,Disussion-p.11-4.3para.1,3-Discussion数据解释,Discussion interpretation,2-环境介导,Environment-mediated pathways,2c-基础设施破坏,2c-水文条件,降水-极端降雨（stormwater events）,河流水体细菌群落（多耐药风险因子携带菌）,MDR风险因子增加（multi-resistant bacteria；MGDs）,极端降雨/暴雨→旁路排放未处理污水→多耐药风险因子输入↑→（MGDs多为质粒相关、潜在可移动）→多耐药传播风险↑,"To the best of our knowledge, we showed for the first time that
WWTP bypass of untreated sewage leads to high relative abundance of
potentially problematic multi-resistance factors in bypass-receiving
rivers, thus increasing the risk of exposure to multi-resistant bacteria
during and shortly after stormwater events.",2-观察性数据,Observational,2-间接数据支持,Indirect empirical support,正向（观测到增加）,Promoting AMR,2-观察/累积（事件尺度：stormwater events期间）,Event-based,瑞士河流（WWTP旁路/受纳河流；事件采样）,Built or engineered environment,2026-01-04
EVID_030-M1,30,1,Hammesfahr (2008),Influence of site-specific factors on antibiotic resistance in agricultural soils,Results-p.5-3.4 para.1,2-Results+Discussion整合,Results and discussion integration,2-环境介导,Environment-mediated pathways,2e-土壤理化性质,2e-土壤理化性质,气候条件（温度、湿度、降雨）,土壤细菌群落（agricultural soils）,耐药菌比例受环境因素影响,气象因子（温度/湿度/降雨）→土壤理化性质→ARGs,"It demonstrated that meteorological factors could influence the
abundance of ARGs via two indirect paths (i.e., meteorological factors →
soil physicochemical properties → ARGs; meteorological factors → soil
physicochemical properties →microbial structures → ARGs).",2-观察性数据,Observational,2-间接数据支持,Indirect empirical support,正向（气候因素显著影响）,Promoting AMR,跨季节监测（不同气候条件下）,Observational cumulative/seasonal,2-自然环境,Natural environment,2026-01-04
EVID_030-M1,30,1,Hammesfahr (2008),Influence of site-specific factors on antibiotic resistance in agricultural soils,Results-p.5-3.4 para.1,2-Results+Discussion整合,Results and discussion integration,2-环境介导,Environment-mediated pathways,2a-微生物群落,2d-水土理化性质,气候条件（温度、湿度、降雨）,土壤细菌群落（agricultural soils）,耐药菌比例受环境因素影响,气候条件（温度/湿度/降雨）→土壤理化性质→微生物结构→ARGs),"It demonstrated that meteorological factors could influence the
abundance of ARGs via two indirect paths (i.e., meteorological factors →
soil physicochemical properties → ARGs; meteorological factors → soil
physicochemical properties →microbial structures → ARGs).",2-观察性数据,Observational,2-间接数据支持,Indirect empirical support,正向（气候因素显著影响）,Promoting AMR,跨季节监测（不同气候条件下）,Observational cumulative/seasonal,2-自然环境,Natural environment,2026-01-04
EVID_030-M3,30,3,Hammesfahr (2008),Influence of site-specific factors on antibiotic resistance in agricultural soils,Results-p.6-para.1,2-Results+Discussion整合,Results and discussion integration,1-直接生物学效应,Direct biological mechanisms,1c-HGT质粒接合,1c-水平基因转移,温度变化（气候因素）,土壤细菌群落-intl-1,耐药基因丰度增加,气象因素→土壤物理化学性质→有机污染物（水平基因转移）→intl-1,"Hence, meteorological factors could influence the abundance of intl-1 via the following
path: meteorological factors → soil physicochemical properties → organic
pollutants → intl-1, indicating the potential of meteorological factors to
induce the dissemination of ARGs in soils via horizontal gene transfer",2-观察性数据,Observational,2-间接数据支持,Indirect empirical support,正向（推测）,Promoting AMR,季节性变化（温度升高阶段）,Observational cumulative/seasonal,2-自然环境,Natural environment,2026-01-04
EVID_031-M1,31,1,Zhu (2022),Climate warming increases the proportions of specific antibiotic resistance genes in natural soil ecosystems,Introduction-p.2-para.2,6-综述整合,Review synthesis,1-直接生物学效应,Direct biological mechanisms,1h-其他直接生物学,1h-其他直接生物学-应激与交叉耐受,温度胁迫/温度升高（temperature stress / increased temperature）,细菌（泛指）,交叉保护/伴随耐药（collateral resistance）→耐药性↑,温度胁迫/升温→与抗生素影响相似的细胞功能受扰→产生对温度胁迫的抗性突变→对抗生素耐受/耐药↑（交叉保护/伴随耐药）,"It has been reported that antibiotics and temperature stress can affect similar cellular functions, and thus mutations conferring resistance against the temperature stress would be able to resist to antibiotics and vice versa, a phenomenon called cross-protection or collateral resistance (Rodriguez-Verdugo et al., 2013). ",4-文献综述,Review-based,4-文献综述总结,Review-based support,正向（推测）,Promoting AMR,概念性机制（外部证据）,Conceptual or unclear,细菌细胞层面（引言机制阐释）,Other/unclear,2026-01-06
EVID_031-M2,31,2,Zhu (2022),Climate warming increases the proportions of specific antibiotic resistance genes in natural soil ecosystems,Introduction-p.2-para.2,6-综述整合,Review synthesis,1-直接生物学效应,Direct biological mechanisms,1c-HGT质粒接合,1c-水平基因转移,温度变化（temperature changes）,细菌（跨物种）,ARB被选择↑；耐药跨物种传播过程改变,温度变化→选择耐药菌（ARB）↑→改变跨细菌物种的耐药传播过程（含基因转移/传播）→AMR扩散↑,"Therefore, temperature changes have the potential to select for antibiotic resistant bacteria (ARB) and modify the transmission process of antibiotic resistance across bacterial species. ",4-文献综述,Review-based,4-文献综述总结,Review-based support,正向（推测）,Promoting AMR,概念性机制（引言框架）,Conceptual or unclear,One Health/环境-物种间传播（引言概述）,Mixed or unspecified,2026-01-06
EVID_031-M3,31,3,Zhu (2022),Climate warming increases the proportions of specific antibiotic resistance genes in natural soil ecosystems,Results-p.4-para.1,1-Results实验数据,Results,2-环境介导,Environment-mediated pathways,2a-微生物群落,可删除,气候变暖（climate warming）,土壤微生物群落,特定ARG比例↑（多种抗生素类别）,气候变暖→土壤温度升高→特定ARG比例(夏季观察到）↑,"The HT-qPCR detected a total of 139 and 144 unique ARGs, and 6
and 7 MGEs in plantation forest and natural forest soils, respectively. In
plantation forest, we did not observe significant differences in the
number of ARGs detected in the control and warming treatments in any
sampling season (Fig. 1A). In natural forest, a significantly higher
number of ARGs in the warming treatment than in control was observed
in summer (Fig. 1B).",2-观察性数据,Observational,2-间接数据支持,Indirect empirical support,正向（观测到增加）,Promoting AMR,长期（人工升温实验),Experimental/short-term,2-自然环境,Natural environment,2026-01-04
EVID_031-M4,31,4,Zhu (2022),Climate warming increases the proportions of specific antibiotic resistance genes in natural soil ecosystems,Discussion-p.4-para.1,2-Results+Discussion整合,Results and discussion integration,2-环境介导,Environment-mediated pathways,2b-抗生素残留,2a-微生物群落,温度升高（+2°C~+5°C）,土壤微生物群落,多种ARG丰度↑（tet、sul、erm等）,温度升高→改变微生物群落结构与代谢→多种ARG丰度↑,"In this study, we provide new evidence that rising temperature increases the proportion of specific subtypes and categories of ARGs under future climate change scenarios, posing a
greater risk to ecosystem and human health because soil microbial
communities serve as a reservoir of ARGs that might be transmitted to
human pathogens.",2-观察性数据,Observational,2-间接数据支持,Indirect empirical support,正向（观测到增加）,Promoting AMR,长期（人工升温实验),Experimental/short-term,2-自然环境,Natural environment,2026-01-04
EVID_031-M5,31,5,Zhu (2022),Climate warming increases the proportions of specific antibiotic resistance genes in natural soil ecosystems,Discussion-p.4-para.1,3-Discussion数据解释,Discussion interpretation,3-生态社会介导,Socio-ecological mediation,4c-并发症,3b-人用抗生素（感染增加）；3c-兽用抗生素,气候变暖（warming）,土壤微生物群落,ARG比例↑（通过土壤养分循环改变）,气候变暖→人和动物的传染病增加→抗生素使用增加→耐药率上升,"A rise in temperatures may lead to the further spread
of infectious diseases that require antibiotic treatment in both human
and animal populations, under the concept of One Health (McEwen and
Collignon, 2017).",4-文献综述,Review-based,4-文献综述总结,Review-based support,正向（推测）,Promoting AMR,长期变暖（机制解释）,Other/unclear,中国北方天然土壤生态系统,Other/unclear,2026-01-04
EVID_032-M1,32,1,Zheng (2022),Metagenomics highlights the impact of climate and human activities on antibiotic resistance genes in China’s estuaries,Discussion-p.9-para.2,3-Discussion数据解释,Discussion interpretation,2-环境介导,Environment-mediated pathways,2f-其他环境介导,可删除,温度（气候变量）,环境微生物群落（细菌）,ARG组成/丰度/多样性变化,温度变化→（环境约束/生态位筛选，未在该句展开）→ARG组成/丰度/多样性变化,"Climate variables were demonstrated to be the top driver affecting ARG composition, abundance, richness, and diversity, and temperature was identified as the most important climate variable (Figs. 3–5). (p.9)",2-观察性数据,Observational,2-间接数据支持,Indirect empirical support,不明确（方向需结合结果）,Uncertain,横断面（多站点跨气候带/季节；以讨论总结为主）,Observational cumulative/seasonal,中国河口水体（跨6气候带的16个河口）,Built or engineered environment,2026-01-04
EVID_032-M2,32,2,Zheng (2022),Metagenomics highlights the impact of climate and human activities on antibiotic resistance genes in China’s estuaries,Discussion-p.10-para.1,3-Discussion数据解释,Discussion interpretation,1-直接生物学效应,Direct biological mechanisms,1h-其他直接生物学,1c-水平基因转移,温度变化,环境微生物群落（细菌）,ARG水平变化,温度变化→MGEs（移动遗传元件）变化→ARG水平变化,"Another potential explanation is that the impact of temperature on ARGs would be mediated via MGEs. A field observation in Chinese cropland (Du et al., 2020) showed the same latitudinal variation of ARGs with MGEs and temperature likely affect
horizonal gene transfer and thus indirectly influence the levels of ARGs.",5-理论推测,Theoretical/projection,3-理论推测,Theoretical support,不明确（推测）,Uncertain,概念性机制（讨论推断，非本研究直接实验验证）,Experimental/short-term,中国河口环境（讨论解释温度作用）,Built or engineered environment,2026-01-04
EVID_032-M3,32,3,Zheng (2022),Metagenomics highlights the impact of climate and human activities on antibiotic resistance genes in China’s estuaries,Discussion-p.10-para.1,3-Discussion数据解释,Discussion interpretation,1-直接生物学效应,Direct biological mechanisms,1h-其他直接生物学,1c-水平基因转移,温度变化（与MGEs共同作用）,环境微生物群落（细菌）,ARG水平变化,温度变化→（与MGEs相关）HGT↑→ARG水平变化,"A field observation in Chinese cropland (Du et al., 2020) showed the same warming climate and socioeconomic development in the future, latitudinal variation of ARGs with MGEs and temperature likely affect horizonal gene transfer and thus indirectly influence the levels of ARGs. (p.10)",5-理论推测,Theoretical/projection,3-理论推测,Theoretical support,正向（推测HGT增强/影响ARG水平）,Promoting AMR,概念性机制（引用外部农田观测研究；讨论推断）,Conceptual or unclear,中国河口环境（结合农田研究类比推断）,Built or engineered environment,2026-01-04
EVID_033-M1,33,1,Li (2023),"Association between antibiotic resistance and increasing
ambient temperature in China: an ecological study with
nationwide panel data", Introduction-p.2-para.4,6-综述整合,Review synthesis,1-直接生物学效应,Direct biological mechanisms,1f-基因表达,1f-基因表达,温度-年均温升高,未限定,耐药基因表达上调,全球变暖→暴雨和洪水→细菌诱变和耐药表达上升→耐药基因表达则增加,Global warming is usually accompanied by increased weather events such as rainstorm and flood. Heavy rainfall helps bacterial mutagenesis and expression of antibiotic resistance genes.,4-文献综述,Review-based,4-文献综述总结,Review-based support,正向（推测）,Promoting AMR,4-未明确/理论,Conceptual or unclear,5-未明确/理论,Mixed or unspecified,2026-01-04
EVID_033-M2,33,2,Li (2023),"Association between antibiotic resistance and increasing
ambient temperature in China: an ecological study with
nationwide panel data",Discussion-p.6-para.2,3-Discussion数据解释,Discussion interpretation,1-直接生物学效应,Direct biological mechanisms,1h-其他直接生物学,1h-其他直接生物学-应激与交叉耐受,温度升高/热暴露（heat exposure）,细菌（泛指）,抗生素耐药性↑（通过交叉耐受）,温度升高/热暴露→与氨基糖苷相似的细胞应激（misfolded proteins↑）→cross-tolerance→抗生素耐药性↑,"From a microcosmic perspective, the link between temperature and antibiotic resistance can be explained by their physiological similarities in triggering cell responses. (p.6)",5-理论推测,Theoretical/projection,3-理论推测,Theoretical support,正向（推测）,Promoting AMR,概念性机制（讨论阐释）,Conceptual or unclear,宿主/环境通用（讨论机制）,Other/unclear,2026-01-05
EVID_033-M3,33,3,Li (2023),"Association between antibiotic resistance and increasing
ambient temperature in China: an ecological study with
nationwide panel data",Discussion-p.6-para.3,3-Discussion数据解释,Discussion interpretation,1-直接生物学效应,Direct biological mechanisms,1a-生长代谢,1a-生长代谢,高温（southern China warm weathers all year around）,细菌（泛指）,耐药流行率↓,高温→（biofilm产生差异）→细菌生长与耐药形成受抑→耐药流行率↓(中国南方负相关的解释）,The growth of bacteria and their development of antibiotic resistance may be hampered by high temperature due to varied production of biofilm. (p.6),5-理论推测,Theoretical/projection,3-理论推测,Theoretical support,负向（推测）,Suppressing AMR,区域/长期（讨论解释地区差异）,Other/unclear,中国南方（讨论语境）,Other/unclear,2026-01-05
EVID_033-M4,33,4,Li (2023),"Association between antibiotic resistance and increasing
ambient temperature in China: an ecological study with
nationwide panel data",Discussion-p.6-para.4,3-Discussion数据解释,Discussion interpretation,2-环境介导,Environment-mediated pathways,2f-其他环境介导,可删除,温度-累积升高（accumulative effect）,Pseudomonas aeruginosa,CRPA发展↑（耐药性↑）,温度累积升高→（自然广泛分布+对抗生素选择压力响应快）→CRPA发展↑,"There is an accumulative effect of increasing ambient temperature on the development of CRPA, according to the findings of our study. (p.6)",5-理论推测,Theoretical/projection,3-理论推测,Theoretical support,正向（观测到累积效应）,Promoting AMR,长期/累积（作者强调accumulative）,Other/unclear,中国/社区-环境广泛分布情境（讨论）,Other/unclear,2026-01-05
EVID_033-M5,33,5,Li (2023),"Association between antibiotic resistance and increasing
ambient temperature in China: an ecological study with
nationwide panel data",Discussion-p.8-para.1,4-Discussion理论推测,Discussion theoretical interpretation,3-生态社会介导,Socio-ecological mediation,3a-抗生素使用与排放,3b-人用抗生素,温度升高（与抗生素选择压力并存/序贯）,Pseudomonas aeruginosa,CRPA发展↑,温度升高（与抗生素暴露同时或序贯）→选择压力叠加→逐代累积变化→耐药菌成为优势株→CRPA发展↑,"The most likely scenario is that bacteria are exposed to antibiotics and stressful temperature simultaneously or in sequential, resulting in gradual changes over the course of their lifetime. (p.8)",5-理论推测,Theoretical/projection,3-理论推测,Theoretical support,正向（推测）,Promoting AMR,长期/代际累积（few generations）,Other/unclear,临床/环境交界暴露情境（讨论）,Other/unclear,2026-01-05
EVID_033-M6,33,6,Li (2023),"Association between antibiotic resistance and increasing
ambient temperature in China: an ecological study with
nationwide panel data",Discussion-p.8-para.1,4-Discussion理论推测,Discussion theoretical interpretation,1-直接生物学效应,Direct biological mechanisms,1h-其他直接生物学,1f-基因表达,温度升高（high ambient temperature）,Pseudomonas aeruginosa（或细菌泛指）,耐药菌持久化/耐药性维持↑,高温→heat shock机制→基因表达增强+表型异质性↑+持留菌产生↑→持久耐药菌↑→耐药维持/扩散↑,"Heat shock mechanism generated by high ambient temperature can help with the process through enhancing gene expression, inducing phenotypic heterogeneity, and producing persistent antibiotic-resistant bacteria. (p.8)",5-理论推测,Theoretical/projection,3-理论推测,Theoretical support,正向（推测）,Promoting AMR,长期/累积（过程性）,Other/unclear,宿主体内/环境通用（讨论机制）,Within host / clinical,2026-01-05
EVID_033-M7,33,7,Li (2023),"Association between antibiotic resistance and increasing
ambient temperature in China: an ecological study with
nationwide panel data",Discussion-p.8-para.1,4-Discussion理论推测,Discussion theoretical interpretation,1-直接生物学效应,Direct biological mechanisms,1d-突变与适应,1b-突变率,更高温度（Higher temperature）,细菌（泛指）,耐药突变适应性代价↓→耐药维持↑,更高温度→突变适应性代价↓→在无抗生素时仍保留耐药性→耐药维持↑,Higher temperature can reduce the fitness cost of mutation while preserving its resistance to antibiotics after removal of antibiotics. (p.8),5-理论推测,Theoretical/projection,3-理论推测,Theoretical support,正向（推测）,Promoting AMR,长期/去除抗生素后,Other/unclear,宿主体内/环境通用（讨论机制）,Within host / clinical,2026-01-05
EVID_034-M1,34,1,Maugeri (2023),Socioeconomic and Governance Factors Disentangle the Relationship between Temperature and Antimicrobial Resistance: A 10-Year Ecological Analysis of European Countries,Abstract-p.1,1-Results实验数据,Results,3-生态社会介导,Socio-ecological mediation,3g-其他社会介导,3g-其他社会介导-社会经济脆弱性,温度-年均温升高,多病原体（ECDC 10 pathogen–antibiotic combinations）,耐药率变化（控制GDP/治理后温度关联不显著）,温度变化→（GDP/治理水平等地理梯度因素混杂/调节）→AMR比例表观关联（控制后消失）,"We found evidence of a positive linear association between temperature change and AMR proportion across all countries, years, pathogens, and antibiotics (β = 0.140; 95%CI = 0.039; 0.241; p = 0.007), adjusting for the effect of covariates. However, when GDP per capita and the governance index were included in the multivariable model, temperature change was no longer associated with AMR. (p.1)",2-观察性数据,Observational,2-间接数据支持,Indirect empirical support,方向不一致/不稳健（未控制时为正向；控制后不显著）,Promoting AMR,2-观察/累积,Observational cumulative/seasonal,4-宿主体内,Within host / clinical,2026-01-04
EVID_034-M2,34,2,Maugeri (2023),Socioeconomic and Governance Factors Disentangle the Relationship between Temperature and Antimicrobial Resistance: A 10-Year Ecological Analysis of European Countries,Discussion-p.9-para.2,3-Discussion数据解释,Discussion interpretation,2-环境介导,Environment-mediated pathways,2b-抗生素残留,2b-抗生素残留,温度-年均温升高,未特指（泛指细菌）,耐药率上升（推测）,温度升高→抗生素抗菌活性/摄取与化学反应速率改变→选择压力改变→耐药率↑,"First of all, the antimicrobial activity of certain antibiotics could be influenced by the temperature, either by enhancing their uptake or increasing rates of chemical catalysis [35]. (p.9)",5-理论推测,Theoretical/projection,3-理论推测,Theoretical support,正向（推测）,Promoting AMR,4-未明确/理论,Conceptual or unclear,5-未明确/理论,Mixed or unspecified,2026-01-04
EVID_034-M3,34,3,Maugeri (2023),Socioeconomic and Governance Factors Disentangle the Relationship between Temperature and Antimicrobial Resistance: A 10-Year Ecological Analysis of European Countries,Discussion-p.9-para.2,3-Discussion数据解释,Discussion interpretation,1-直接生物学效应,Direct biological mechanisms,1a-生长代谢,1a-生长代谢,温度-年均温升高,未特指（泛指细菌）,耐药率上升；传播风险↑（推测）,温度升高→细菌生长速率↑→传播增强+在抗生素压力下选择增强→AMR获得/传播↑,"The impact of temperature on the acquisition and transmission of AMR is a matter of concern: on the one hand, warmer temperatures may accelerate bacterial growth, facilitating overall transmission and selection through antibiotic pressure [34]. (p.9)",5-理论推测,Theoretical/projection,4-文献综述总结,Review-based support,正向（推测）,Promoting AMR,4-未明确/理论,Conceptual or unclear,5-未明确/理论,Mixed or unspecified,2026-01-04
EVID_034-M4,34,4,Maugeri (2023),Socioeconomic and Governance Factors Disentangle the Relationship between Temperature and Antimicrobial Resistance: A 10-Year Ecological Analysis of European Countries,Discussion-p.9-para.2,3-Discussion数据解释,Discussion interpretation,1-直接生物学效应,Direct biological mechanisms,1h-其他直接生物学,1c-水平基因转移,温度-年均温升高,未特指（泛指细菌）,HGT相关：耐药基因获得/传播↑（推测）,温度升高→HGT效率/机会改变→ARG获得与传播↑→耐药率↑,"The impact of temperature on the acquisition and transmission of AMR is a matter of concern: on the one hand, warmer temperatures may accelerate bacterial growth, facilitating overall transmission and selection through antibiotic pressure [34]; on the other hand, the temperature may influence horizontal gene transfer, including that relating to antibiotic resistance genes [39]. (p.9)",5-理论推测,Theoretical/projection,4-文献综述总结,Review-based support,正向（推测）,Promoting AMR,4-未明确/理论,Conceptual or unclear,5-未明确/理论,Mixed or unspecified,2026-01-04
EVID_034-M5,34,5,Maugeri (2023),Socioeconomic and Governance Factors Disentangle the Relationship between Temperature and Antimicrobial Resistance: A 10-Year Ecological Analysis of European Countries,Discussion-p.9-para.2,3-Discussion数据解释,Discussion interpretation,4-宿主易感性,Host susceptibility pathways,4e-其他宿主机制,可删除,温度-年均温升高,抗生素耐药病原体（humans/animals carriage）,耐药菌定植率上升（推测）,温度升高→（宿主携带/定植增加，过程未展开）→耐药病原携带率↑→传播风险↑,It is also worth mentioning that the warming of the climate may increase the carriage of antibiotic-resistant pathogens in humans and animals [42]. (p.9),5-理论推测,Theoretical/projection,4-文献综述总结,Review-based support,正向（推测）,Promoting AMR,4-未明确/理论,Conceptual or unclear,5-未明确/理论,Mixed or unspecified,2026-01-04
EVID_034-M6,34,6,Maugeri (2023),Socioeconomic and Governance Factors Disentangle the Relationship between Temperature and Antimicrobial Resistance: A 10-Year Ecological Analysis of European Countries,Discussion-p.9-para.2,3-Discussion数据解释,Discussion interpretation,2-环境介导,Environment-mediated pathways,2f-其他环境介导,2a-微生物群落,温度-年均温升高,未特指（环境微生物群）,耐药基因多样性增加（推测）,温度升高→（环境抗性组更丰富/多样，过程未展开）→ARG多样性↑,"It is also worth mentioning that the warming of the climate may increase the carriage of antibiotic-resistant pathogens in humans and animals [42], as well as the diversity of antibiotic resistance genes in the environment [37]. (p.9)",5-理论推测,Theoretical/projection,4-文献综述总结,Review-based support,正向（推测）,Promoting AMR,4-未明确/理论,Conceptual or unclear,2-自然环境,Natural environment,2026-01-04
EVID_035-M1,35,1,Rahbe (2023),Determinants of worldwide antibiotic resistance dynamics across drug-bacterium pairs: a multivariable spatial-temporal analysis using ATLAS, Introduction-p.1-para.2,6-综述整合,Review synthesis,1-直接生物学效应,Direct biological mechanisms,1h-其他直接生物学,1a-生长代谢；1c-水平基因转移,温度-年均温升高（气候变暖）,细菌（泛指）,耐药率上升（ABR传播/维持↑，推测）,温度升高→细菌生长↑/HGT↑→ABR传播与维持↑,"In addition, climate warming has been suggested to be associated with ABR dissemination and maintenance, hypothesising that higher temperatures promote bacterial growth and more frequent horizontal gene transfer.7–9 (p.1)",4-文献综述,Review-based,3-理论推测,Theoretical support,正向（推测）,Promoting AMR,概念性机制（非本研究数据）,Conceptual or unclear,全球（引言框架）,Mixed or unspecified,2026-01-04
EVID_035-M2,35,2,Rahbe (2023),Determinants of worldwide antibiotic resistance dynamics across drug-bacterium pairs: a multivariable spatial-temporal analysis using ATLAS,Discussion-p.8-para.4,2-Results+Discussion整合,Results and discussion integration,1-直接生物学效应,Direct biological mechanisms,1h-其他直接生物学,可删除,温度-年均温升高（更暖）,Enterobacteriaceae（E coli；K pneumoniae）,耐药率上升（ABR rates↑）,温度升高→（未明确中介过程）→Enterobacteriaceae耐药率↑,Warm temperatures were found to be significantly associated with ABR rates only for Enterobacteriaceae (E coli and K pneumoniae) in the multivariable analysis (appendix 2; figure 3). (p.8),2-观察性数据,Observational,2-间接数据支持,Indirect empirical support,正向（观测到显著关联）,Promoting AMR,时空面板（2006–2019，51国）,Observational cumulative/seasonal,全球（多国临床分离株/ATLAS数据库）,Mixed or unspecified,2026-01-04
EVID_035-M3,35,3,Rahbe (2023),Determinants of worldwide antibiotic resistance dynamics across drug-bacterium pairs: a multivariable spatial-temporal analysis using ATLAS,Discussion-p.8-para.4,2-Results+Discussion整合,Results and discussion integration,2-环境介导,Environment-mediated pathways,2f-其他环境介导,可删除,其他-极端天气事件,E coli；S pneumoniae,耐药率上升（ABR rates↑）,极端天气事件→（未明确具体中介过程）→E coli/S pneumoniae耐药率↑,Extreme climatic events were only positively associated in E coli and S pneumoniae pairs. (p.8),2-观察性数据,Observational,2-间接数据支持,Indirect empirical support,正向（观测到显著关联）,Promoting AMR,时空面板（2006–2019，51国）,Observational cumulative/seasonal,全球（多国临床分离株/ATLAS数据库）,Mixed or unspecified,2026-01-04
EVID_035-M4,35,4,Rahbe (2023),Determinants of worldwide antibiotic resistance dynamics across drug-bacterium pairs: a multivariable spatial-temporal analysis using ATLAS,Discussion-p.8-para.4,4-Discussion理论推测,Discussion theoretical interpretation,2-环境介导,Environment-mediated pathways,2c-基础设施破坏,2c-水文条件,降水-极端降雨（洪水/灾害）,细菌（泛指；与E coli/S pneumoniae相关）,耐药率上升（ABR rates↑）,极端降雨/洪水→灾害暴露/环境扰动→ABR率↑,"This association suggests that natural disasters, such as flooding, rather than rainfall itself, potentially contribute to high ABR rates. (p.8)",5-理论推测,Theoretical/projection,3-理论推测,Theoretical support,正向（推测）,Promoting AMR,概念性解释（基于本研究关联结果）,Conceptual or unclear,全球（讨论解释）,Mixed or unspecified,2026-01-04
EVID_035-M5,35,5,Rahbe (2023),Determinants of worldwide antibiotic resistance dynamics across drug-bacterium pairs: a multivariable spatial-temporal analysis using ATLAS,Discussion-p.8-para.4,4-Discussion理论推测,Discussion theoretical interpretation,2-环境介导,Environment-mediated pathways,2c-基础设施破坏,2c-水文条件,其他-极端天气事件（飓风/自然灾害）,细菌（泛指）,临床感染率上升；耐药基因丰度增加（灾后水体ARG↑）,极端天气事件→（灾后环境/水体污染与暴露↑）→耐药感染/水体ARG↑,"Increased numbers of infections with ABR bacteria in people exposed to natural disasters or unprecedented levels of ABR genes in water following hurricanes have been reported in the literature.27,28 (p.8)",4-文献综述,Review-based,4-文献综述总结,Review-based support,正向（文献报告）,Promoting AMR,事件尺度（灾害发生后）,Event-based,自然灾害暴露人群/灾后水体（讨论引用外部研究）,Other/unclear,2026-01-04
EVID_036-M1,36,1,Song (2023),Regional distribution and migration potential of antibiotic resistance genes in croplands of Qinghai Tibet Plateau,Introduction-p.2-para.2,6-综述整合,Review synthesis,1-直接生物学效应,Direct biological mechanisms,1c-HGT质粒接合,1c-水平基因转移,复合-温暖潮湿条件,ARGs,ARGs的传播增加,年平均温度(MAT)和降雨量(MAP)→更温暖和更潮湿的条件→抗生素和ARGs的传播增加,"Mean annual temperature (MAT) and precipitation (MAP) have an influence on native soil characteristics and the dissemination of antibiotics and ARGs (Bahram et al., 2018). This results from the increased degradability of residual antibiotics and ARGs under
warmer and wetter conditions (Engemann et al., 2008). ",4-文献综述,Review-based,4-文献综述总结,Review-based support,1-促进AMR,Promoting AMR,4-未明确,Conceptual or unclear,2-自然环境,Natural environment,2026-01-04
EVID_036-M1,36,1,Song (2023),Regional distribution and migration potential of antibiotic resistance genes in croplands of Qinghai Tibet Plateau, Results-p.5-3.3para.1 (Fig.5),1-Results实验数据,Results,2-环境介导,Environment-mediated pathways,2d-水土理化性质,2d-水土理化性质,温度-年均温升高；降水-年降雨量增加,环境微生物（农田土壤）,耐药基因丰度降低（ARGs↓）,温度升高/年降雨量增加→土壤环境/理化条件变化→ARG丰度↓,"Environmental variables such as annual mean temperature and annual precipitation showed a significant negative correlation with ARGs (R2 = 0.32, P < 0.01; R2 = 0.16, P < 0.05) (Fig. 5cd). (p.5)",2-观察性数据,Observational,2-间接数据支持,Indirect empirical support,负向（显著相关）,Suppressing AMR,横断面（2020年6–8月采样）,Observational cumulative/seasonal,青藏高原农田土壤（大麦/小麦/玉米等）,Other/unclear,2026-01-04
EVID_036-M2,36,2,Song (2023),Regional distribution and migration potential of antibiotic resistance genes in croplands of Qinghai Tibet Plateau, Results-p.5-3.3para.1 (Fig.S2),1-Results实验数据,Results,2-环境介导,Environment-mediated pathways,2d-水土理化性质,2d-水土理化性质,温度-年均温升高；降水-年降雨量增加,环境微生物（农田土壤）,耐药基因丰度降低（特定ARG类↓）,温度升高/年降雨量增加→（环境条件不利于特定ARG类保留/累积）→β-lactamase/sulfonamide/multidrug/MLSB相关基因↓,"MAP and MAT had significant negative impacts on beta-lactamase, sulfonamide, multidrug, and MLSB resistance genes (Fig. S2). (p.5)",2-观察性数据,Observational,2-间接数据支持,Indirect empirical support,负向（显著影响）,Suppressing AMR,横断面（2020年6–8月采样）,Observational cumulative/seasonal,青藏高原农田土壤（不同作物类型）,Other/unclear,2026-01-04
EVID_036-M3,36,3,Song (2023),Regional distribution and migration potential of antibiotic resistance genes in croplands of Qinghai Tibet Plateau, Results-p.5-3.3para.1,1-Results实验数据,Results,2-环境介导,Environment-mediated pathways,2d-水土理化性质,2d-水土理化性质,温度-年均温升高；降水-年降雨量增加,环境微生物（农田土壤）,耐药基因丰度降低（ARG绝对丰度↓）,温度升高/年降雨量增加→土壤对ARG的保留↓→ARG绝对丰度↓,"The absolute abundance of ARGs gradually decreased with increasing MAP and MAT, showing that temperature and precipitation can affect the retention of ARGs in soil. (p.5)",2-观察性数据,Observational,2-间接数据支持,Indirect empirical support,负向（观测到下降）,Suppressing AMR,横断面（2020年6–8月采样）,Observational cumulative/seasonal,青藏高原农田土壤（作物耕地）,Other/unclear,2026-01-04
EVID_036-M4,36,4,Song (2023),Regional distribution and migration potential of antibiotic resistance genes in croplands of Qinghai Tibet Plateau,Discussion-p.8-4.2-para.1,3-Discussion数据解释,Discussion interpretation,2-环境介导,Environment-mediated pathways,2f-其他环境介导,2c-水文条件,降水-年降雨量增加,环境微生物（农田土壤）,耐药基因丰度降低（对土壤累积/保留↓，推断）,降水增加→土壤水文动力/冲刷迁移↑→ARG从土壤迁移→土壤ARG累积↓,Our results indicate that precipitation can promote the migration of ARGs from the soil rather than contributing to accumulation. (p.8),5-理论推测,Theoretical/projection,3-理论推测,Theoretical support,负向（对累积/保留）,Suppressing AMR,概念性解释（基于本研究结果）,Conceptual or unclear,青藏高原农田土壤（讨论解释）,Other/unclear,2026-01-04
EVID_036-M5,36,5,Song (2023),Regional distribution and migration potential of antibiotic resistance genes in croplands of Qinghai Tibet Plateau,Discussion-p.8-4.2-para.1,3-Discussion数据解释,Discussion interpretation,2-环境介导,Environment-mediated pathways,2b-抗生素残留,2b-抗生素残留,温度-年均温升高；湿度-升高（暖湿条件）,环境微生物（农田土壤/环境库）,耐药基因丰度降低（推断：降解增强）,温度升高+湿度升高→抗生素残留与ARG降解↑→ARG丰度↓,"As consistent with previous studies, the degradation of antibiotic residues and antibiotic resistance genes can be strengthened under warm and humid conditions (Zhou et al., 2017). (p.8)",5-理论推测,Theoretical/projection,3-理论推测,Theoretical support,负向（推测）,Suppressing AMR,概念性机制（外部证据）,Conceptual or unclear,环境土壤/水体（讨论引用外部研究）,Other/unclear,2026-01-04
EVID_036-M6,36,6,Song (2023),Regional distribution and migration potential of antibiotic resistance genes in croplands of Qinghai Tibet Plateau,Discussion-p.8-4.2-para.1,3-Discussion数据解释,Discussion interpretation,2-环境介导,Environment-mediated pathways,2a-微生物群落,2a-微生物群落,温度-年均温升高,环境微生物群落（农田土壤）,耐药基因丰度变化（shift）,温度变化→细菌群落结构变化→ARG丰度/组成变化,"Temperature can affect bacterial communities and further shift ARG abundance, and the annual mean temperature on the Qinghai-Tibet Plateau is no more than 15 °C. (p.8)",5-理论推测,Theoretical/projection,3-理论推测,Theoretical support,方向不明确（shift）,Uncertain,概念性机制（讨论）,Conceptual or unclear,青藏高原农田土壤（讨论）,Other/unclear,2026-01-04
EVID_037-M1,37,1,Yang (2023),Metagenomics reveals that temperature predicts a small proportion of antibiotic resistomes and mobile genetic elements in polluted water,Results-p.4-3.2para.1,1-Results实验数据,Results,1-直接生物学效应,Direct biological mechanisms,1h-其他直接生物学,可删除,温度-年均温升高,环境微生物群落,耐药基因多样性增加（下降）,温度升高→（未明示具体中介过程）→ARG多样性下降,"The diversity of ARGs and MGEs decreased significantly with tem perature (Fig. 1d, g). Specifically, ARG diversity was significantly lower in EG at 35 ◦C than at 32 ◦C (Mann-Whitney U test, P < 0.05),",1-实验室测量,Experimental,1-直接实验验证,Direct empirical support,2-抑制AMR,Suppressing AMR,1-实验瞬时,Experimental/short-term,1-实验室/体外,Laboratory/in vitro,2026-01-05
EVID_037-M2,37,2,Yang (2023),Metagenomics reveals that temperature predicts a small proportion of antibiotic resistomes and mobile genetic elements in polluted water,Results-p.4-3.5para.1,1-Results实验数据,Results,1-直接生物学效应,Direct biological mechanisms,1h-其他直接生物学,可删除,温度-年均温升高,"(carbapenem, dicyclomycin, and diaminopyrimidine antibiotic",耐药基因丰度增加,温度升高→促进与温度正相关的ARG亚型富集→耐药基因丰度增加（特定类型/亚型）,"Notably, we found the abundance changing trends of ARGs and MGEs with temperature (Fig. 3b). Three ARG types (carbapenem, dicyclomycin, and diaminopyrimidine antibiotic) showed a significant positive correlation with temperature (Fig. 3b)",1-实验室测量,Experimental,1-直接实验验证,Direct empirical support,1-促进AMR,Promoting AMR,1-实验瞬时,Experimental/short-term,1-实验室/体外,Laboratory/in vitro,2026-01-05
EVID_037-M3,37,3,Yang (2023),Metagenomics reveals that temperature predicts a small proportion of antibiotic resistomes and mobile genetic elements in polluted water,Discussion-p.8-para.1,4 Discussion理论推测,Discussion theoretical interpretation,2-环境介导,Environment-mediated pathways,1f-其他直接生物学效应（温度-群落/生长）,2a-微生物群落,温度（升高/气候变暖）,Environmental bacterial community,ARG多样性/谱系改变,温度升高→部分细菌不适应高温导致休眠/死亡、群落多样性下降→ARG多样性下降并引起ARG谱改变,"first, this may be because different microorganisms have their own optimal and narrow
temperature ranges (Arora and Kazmi, 2015). If the temperature exceeds the appropriate range, the bacterial community may stop growing (dormancy) and reproducing, or even die (Nedwell, 1999). Our results also showed that ARG diversity and bacterial diversity decreased with temperature, indicating that some bacteria may die because they are not
adapted to higher temperatures. Similar results were obtained fromprevious studies on the effect of soil ARG diversity by elevated tem-perature (Dunivin and Shade, 2018).",2 观察性数据,Observational,3 理论推测,Theoretical support,4 不确定,Uncertain,2 观察累积,Observational cumulative/seasonal,3 人造环境/污染水体（文段暗示）,Built or engineered environment,2026-01-05
EVID_037-M4,37,4,Yang (2023),Metagenomics reveals that temperature predicts a small proportion of antibiotic resistomes and mobile genetic elements in polluted water,Discussion-p.8-para.1,4 Discussion理论推测,Discussion theoretical interpretation,1 直接生物学效应,Direct biological mechanisms,1c-水平基因转移/移动遗传元件（MGE）,1c-水平基因转移,温度（升高/气候变暖）,Environmental bacteria (ARG hosts),ARG谱系改变,温度升高→MGE多样性下降、HGT经MGE转移受限且更偏向垂直传播→ARG谱改变,"Second, we found that temperature reduced MGE diversity. Although carrier MGEs may transfer genes, the resistance mechanism of the transferred ARG may be physiologically
incompatible with the new host, i.e., functional restriction. This may also make the new host acquire ARGs in a manner that prefers vertical transfer rather than horizontal gene transfer through MGEs.",2 观察性数据,Observational,3 理论推测,Theoretical support,4 不确定,Uncertain,2 观察累积,Observational cumulative/seasonal,3 人造环境/污染水体（文段暗示）,Built or engineered environment,2026-01-05
EVID_037-M5,37,5,Yang (2023),Metagenomics reveals that temperature predicts a small proportion of antibiotic resistomes and mobile genetic elements in polluted water,Discussion-p.8-para.1,4 Discussion理论推测,Discussion theoretical interpretation,2 环境介导,Environment-mediated pathways,2a-环境理化条件改变（pH/DO/TC/TN）,2a-微生物群落;2d-水土理化性质,温度（升高/气候变暖）,Environmental microbiome,微生物组/耐药组（resistome）结构改变,温度升高→改变pH、DO、TC、TN等环境条件并驱动微生物组结构变化→耐药组/ARG谱随之改变,"Third, temperature changed the environmental conditions in which microorganisms live (e.g., pH, DO, TC, and TN). These environmental factors may drive the structural changes in the microbiome and resistome (Yu et al., 2022b). This indicates that the changes in ARG profiles",2 观察性数据,Observational,3 理论推测,Theoretical support,4 不确定,Uncertain,2 观察累积,Observational cumulative/seasonal,3 人造环境/污染水体（文段暗示）,Built or engineered environment,2026-01-05
EVID_037-M6,37,6,Yang (2023),Metagenomics reveals that temperature predicts a small proportion of antibiotic resistomes and mobile genetic elements in polluted water,Discussion-p.9-para.2,3 Discussion数据解释,Discussion interpretation,1 直接生物学效应,Direct biological mechanisms,1a-宿主生长优势/选择（升温-特定耐药宿主）,1a-生长代谢,温度（升高/气候变暖）,Pseudomonas aeruginosa（推测宿主）,碳青霉烯耐药基因丰度增加,温度升高→碳青霉烯耐药ARG丰度随温度显著上升（38.3 TPM/°C）且可能与耐药宿主在较高温度下更适生有关→碳青霉烯耐药风险上升,"Notably, there were some sensitive ARGs that showed a significant abundance increase at elevated temperature, which provided the possibility of predicting trends under
future climate warming. For instance, the abundance of carbapenem resistance ARGs increased rapidly with temperature, with an increase of 38.3 TPM abundance/◦C. This may also be since Pseudomonas aeruginosa, a common carbapenem resistance host, is a mesophilic bacterium with an optimum growth temperature of 37 ◦C (Rahman et al., 2005)",2 观察性数据,Observational,2 间接数据支持,Indirect empirical support,1 促进AMR,Promoting AMR,2 观察累积,Observational cumulative/seasonal,3 人造环境/污染水体（文段暗示）,Built or engineered environment,2026-01-05
EVID_038-M1,38,1,Yu (2023),Metagenomics reveals the response of antibiotic resistance genes to elevated temperature in the Yellow River,Results-p.5-para.1,1-Results实验数据,Results,1-直接生物学效应,Direct biological mechanisms,1h-其他直接生物学,可删除,温度-年均温升高,环境微生物群落,耐药基因丰度增加；耐药基因多样性增加（下降）,温度升高→（未明示具体中介过程）→ARG多样性下降且ARG丰度上升,"With the gradual increase of water temperature, ARG diversity had a significant decline trend by regression analysis (Fig. 1C, regression slope= 4). A total of 16 types of ARGs had a significant decrease in diver- sity with elevated temperature; among these ARGs, multidrug resistance genes had maximum reduction (regression slope = 4), and cephalosporin
resistance genes had minimum reduction (regression slope = 0.090, Fig. S2). The order of the regression slope for ARG diversity change is in Fig. 4A. ARG abundance ranged from 13,621 to 46,503 TPM abundance per sample. ARG abundance had a remarkable increase with water temperature (Fig. 1D). For each increment of 1 °C in water temperature, the ARG abundance increased by 2133 TPM abundance. After fitting the linear regression between abundance of29 ARG types and temperature, the abundance of20 types ofARGs significantly increasedwith temperature. Among these ARGs, multidrug resistance genes had the maximum increase, for each 1 °C increase in water temperature, multidrug resistance genes increased by 889 TPM abundance;",1-实验室测量,Experimental,1-直接实验验证,Direct empirical support,3-双向作用,Bidirectional or mixed,1-实验瞬时,Experimental/short-term,1-实验室/体外,Laboratory/in vitro,2026-01-05
EVID_038-M2,38,2,Yu (2023),Metagenomics reveals the response of antibiotic resistance genes to elevated temperature in the Yellow River,Discussion-p.8-4.1para.1,3-Discussion数据解释,Discussion interpretation,1-直接生物学效应,Direct biological mechanisms,1f-其他直接生物学效应（温度-细胞损伤/存活）,1h-其他直接生物学-膜通透性,温度-升高,,ARG谱系改变,温度升高→改变细胞膜通透性、蛋白结构和代谢酶活性导致部分敏感微生物无法存活→群落中携ARG的微生物减少→ARG多样性显著下降,"High temperature can affect the permeability of cell membranes, denature protein structures, and inactivate metabolic enzymes, resulting in the inability of some sensitive microorganisms to survive (Cruz-Paredes et al., 2021; D'Alo et al., 2021). Thus, it is not surprising that temperature could also change the microbiota and related ARG
profiles. ARG diversity decreased significantly with elevated temperature. The growth of microbes is temperature-dependent (Cruz-Paredes et al., 2021), and it could be promoted bywarmer temperature until their optimum temperature is reached after which growth will slow down (BÁRcenas Moreno et al., 2009). The decrease of ARG diversity may result from the death ofmicrobes that cannot tolerate high temperature.",5-理论推测,Theoretical/projection,4-文献综述总结,Review-based support,4-不确定,Uncertain,4-未明确/理论,Conceptual or unclear,2-自然环境,Natural environment,2026-01-05
EVID_038-M3,38,3,Yu (2023),Metagenomics reveals the response of antibiotic resistance genes to elevated temperature in the Yellow River,Discussion-p.8-4.1para.1,4-Discussion理论推测,Discussion theoretical interpretation,1-直接生物学效应,Direct biological mechanisms,1h-其他直接生物学（应激交叉耐受）,1h-其他直接生物学-应激与交叉耐受,温度-升高,,抗生素耐受/耐药水平升高,温度升高→诱导温度应激反应并与抗生素应激通路共用（交叉耐受）→微生物热适应同时导致更高水平的抗生素耐受/耐药→AMR水平升高,"Elevated tempera-
ture remarkably increased ARG abundance, which is consistent with a previ-
ous warming experiment (Li et al., 2022). This can be ascribed to the
following reasons: (i) Bacterial hosts that carry some ARGs were enriched
as temperature increased. Proteobacteria, the primary ARG host, had a sig-
nificant rise in relative abundance with increased temperature (Fig. S8d).
(ii) The cell or organism can co-opt similar pathways to respond to multiple
stressors (Dragosits et al., 2013). For instance, temperature stress responses
have been co-opted to deal with antibiotic stress (Cruz-Loya et al., 2019).
This phenomenon may drive thermal adaptation in microorganisms, and
simultaneously cause high levels ofantibiotic resistance.",5-理论推测,Theoretical/projection,4-文献综述总结,Review-based support,1-促进AMR,Promoting AMR,4-未明确/理论,Conceptual or unclear,2-自然环境,Natural environment,2026-01-05
EVID_038-M4,38,4,Yu (2023),Metagenomics reveals the response of antibiotic resistance genes to elevated temperature in the Yellow River,Discussion-p.8-4.1para.2,3-Discussion数据解释,Discussion interpretation,1-直接生物学效应,Direct biological mechanisms,1c-水平基因转移/移动遗传元件（MGE）,1c-水平基因转移,温度-升高,,HGT下降（MGE丰度/多样性下降）,温度升高→高温环境下MGE丰度与多样性下降→提示水平基因转移(HGT)水平降低→ARG传播扩散能力下降,"However, in our study, both MGE abundance and diversity decreased with increased temperature, indicating low HGT in a high temperature environment. It may be that some bacteria die under high temperature, resulting in fewer MGE-carrying bacteria
and therefore less HGT.",1-实验室测量,Experimental,2-间接数据支持,Indirect empirical support,2-抑制AMR,Suppressing AMR,2-观察累积,Observational cumulative/seasonal,2-自然环境,Natural environment,2026-01-05
EVID_038-M5,38,5,Yu (2023),Metagenomics reveals the response of antibiotic resistance genes to elevated temperature in the Yellow River,Discussion-p.11-4.3para.1,3-Discussion数据解释,Discussion interpretation,2-环境介导,Environment-mediated pathways,2a-微生物群落,2a-微生物群落,温度-年均温升高,环境微生物群落,耐药基因丰度增加,温度升高→ARG群落组装确定性增强→环境选择增强→ARG携带微生物累积→耐药基因丰度增加（推断）,"In particular, the rising water temperature elevated the deterministic process of ARG community. (p.11)",1-实验室测量,Experimental,2-间接数据支持,Indirect empirical support,4-不确定,Uncertain,1-实验瞬时,Experimental/short-term,1-实验室/体外,Laboratory/in vitro,2026-01-05
EVID_038-M6,38,6,Yu (2023),Metagenomics reveals the response of antibiotic resistance genes to elevated temperature in the Yellow River,Discussion-p.11-4.3para.1,4-Discussion理论推测,Discussion theoretical interpretation,2-环境介导,Environment-mediated pathways,2a-微生物群落,2a-微生物群落,温度-年均温升高,ARG携带微生物群落,耐药基因丰度增加,温度升高→不耐热微生物被淘汰→环境选择增强→ARG携带微生物累积→耐药基因丰度增加,"First, elevated temperature can eliminate microbes that cannot adapt to warming temperature, leading to selection for accumulated ARG-carrying microorganisms. (p.11)",5-理论推测,Theoretical/projection,3-理论推测,Theoretical support,1-促进AMR,Promoting AMR,1-实验瞬时,Experimental/short-term,1-实验室/体外,Laboratory/in vitro,2026-01-05
EVID_038-M7,38,7,Yu (2023),Metagenomics reveals the response of antibiotic resistance genes to elevated temperature in the Yellow River,Discussion-p.11-4.3para.1,3-Discussion数据解释,Discussion interpretation,1-直接生物学效应,Direct biological mechanisms,1h-其他直接生物学,可删除,温度-年均温升高,高风险ARG相关细菌/病原体（文中举例Staphylococcus haemolyticus等）,耐药基因丰度增加,温度升高→高风险ARG（Rank I/II）与温度呈显著正相关→高风险耐药基因丰度增加→耐药相关风险上升,"Linear regression analysis demonstrated that three Rank I ARGs (tetM, mecA and bacA) and one Rank II ARG (tetW), which pose the highest health threat to humans, had significant positive correlations with rising temperature. (p.11)",1-实验室测量,Experimental,2-间接数据支持,Indirect empirical support,1-促进AMR,Promoting AMR,1-实验瞬时,Experimental/short-term,1-实验室/体外,Laboratory/in vitro,2026-01-05
EVID_039-M1,39,1,Zeng (2023),The association between ambient temperature and antimicrobial resistance of Klebsiella pneumoniae in China: a difference-in-differences analysis,Discussion-p.5-para.2,3-Discussion数据解释,Discussion interpretation,1-直接生物学效应,Direct biological mechanisms,1a-生长代谢,1a-生长代谢,温度-年均温升高,Klebsiella pneumoniae,K. pneumoniae耐药性分布/传播↑（与温度正相关）,温度升高→细菌生长速率↑→抗生素选择与传播↑→K. pneumoniae耐药性↑,"Elevated temperatures may promote the growth of bacteria, accelerating antibiotic selection and transmission through food/agriculture and environmental sources (28, 29). (p.5)",5-理论推测,Theoretical/projection,3-理论推测,Theoretical support,正向（推测）,Promoting AMR,省级年度面板（2014–2020）,Observational cumulative/seasonal,中国31省（临床/医院耐药监测数据）,Other/unclear,2026-01-05
EVID_039-M2,39,2,Zeng (2023),The association between ambient temperature and antimicrobial resistance of Klebsiella pneumoniae in China: a difference-in-differences analysis,Discussion-p.5-6-para.2,3-Discussion数据解释,Discussion interpretation,1-直接生物学效应,Direct biological mechanisms,1h-其他直接生物学,1b-突变率;1c-水平基因转移,温度-年均温升高,Klebsiella pneumoniae,耐药获得/转移与传播↑（机制假设）,温度升高→耐药获得与转移过程↑（未细分具体HGT类型）→K. pneumoniae耐药性↑,"Furthermore, the temperature can influence resistance acquisition and transfer processes within and between hosts and environments (30). (pp.5-6)",5-理论推测,Theoretical/projection,3-理论推测,Theoretical support,正向（推测）,Promoting AMR,省级年度面板（2014–2020）,Observational cumulative/seasonal,中国31省（临床/医院耐药监测数据）,Other/unclear,2026-01-05
EVID_039-M3,39,3,Zeng (2023),The association between ambient temperature and antimicrobial resistance of Klebsiella pneumoniae in China: a difference-in-differences analysis,Discussion-p.6-para.2,3-Discussion数据解释,Discussion interpretation,1-直接生物学效应,Direct biological mechanisms,1h-其他直接生物学,可删除,温度-年均温升高,Klebsiella pneumoniae,耐热相关基因传播→环境适应性↑→耐药传播风险↑（机制假设）,温度升高→耐热基因（如clpK）传播↑→环境适应性↑→耐药性维持/传播↑,"Transmission of heat-resistant genes, such as the clpK gene of K. pneumoniae, can enhance its adaptability to its surroundings (31, 32). (p.6)",5-理论推测,Theoretical/projection,3-理论推测,Theoretical support,正向（推测）,Promoting AMR,省级年度面板（2014–2020）,Observational cumulative/seasonal,中国31省（临床/医院耐药监测数据）,Other/unclear,2026-01-05
EVID_040-M1,40,1,Zhao (2023),Antibiotic resistance genes in constructed wetlands: Driving indicators and risk assessment,Results-p.5-para.1,1-Results实验数据,Results,2-环境介导,Environment-mediated pathways,2a-微生物群落,可删除,温度-季节性变化（夏季）,环境细菌/微生物群落（constructed wetlands）,ARG丰度↑（夏季更高）,温度-季节性变化（夏季）→（未明确具体中介过程）→ARG丰度↑,"but the variation of ARGs and MGEs
differed with seasonal variation (Figs. 1b-1e and Fig. 3a). The highest
diversity and abundance of ARGs have been determined in summer,
followed by autumn, winter and spring (Fig.S2c and S2d).",2-观察性数据,Observational,2-间接数据支持,Indirect empirical support,1-促进AMR,Promoting AMR,2-观察累积,Observational cumulative/seasonal,3-人造环境,Built or engineered environment,2026-01-05
EVID_040-M2,40,2,Zhao (2023),Antibiotic resistance genes in constructed wetlands: Driving indicators and risk assessment,Results-p.11-para.1,1-Results实验数据,Results,2-环境介导,Environment-mediated pathways,2a-微生物群落,可删除,温度-季节平均温度变化（水温）,环境细菌/微生物群落（constructed wetlands）,ARGs受温度与MGEs驱动；营养盐经菌群动态影响ARGs,温度变化→（与MGEs及菌群动态共同作用）→ARGs分布/丰度变化,"In summary, the main driving factors influencing ARGs were temperature and MGEs, whereas nutrition primarily influenced ARGs mainly by altering the community dynamics of stable bacteria and differential bacteria. (p.11)",5-理论推测,Theoretical/projection,3-理论推测,Theoretical support,4-不确定,Uncertain,2-观察累积,Observational cumulative/seasonal,3-人造环境,Built or engineered environment,2026-01-05
EVID_040-M3,40,3,Zhao (2023),Antibiotic resistance genes in constructed wetlands: Driving indicators and risk assessment, Discussion-p.13-para.2,3-Discussion数据解释,Discussion interpretation,2-环境介导,Environment-mediated pathways,2a-微生物群落,2a-微生物群落,温度-季节性变化（季节）,环境细菌/微生物群落（constructed wetlands）,MGEs与ARGs存在/丰度受季节调控,温度-季节性变化→影响营养水平与细菌群落→MGEs与ARGs存在/丰度变化,"In summary, the findings highlighted that seasonal variations might regulate the presence of MGEs and ARGs through the influence of temperature and nutrition on bacterial communities. (p.13)",4-文献综述,Review-based,3-理论推测,Theoretical support,4-不确定,Uncertain,2-观察累积,Observational cumulative/seasonal,3-人造环境,Built or engineered environment,2026-01-05
EVID_040-M4,40,4,Zhao (2023),Antibiotic resistance genes in constructed wetlands: Driving indicators and risk assessment,Conclusion-p.13-para.1,2-Results+Discussion整合,Results and discussion integration,2-环境介导,Environment-mediated pathways,2a-微生物群落,2a-微生物群落,温度-季节平均温度变化（水温）,环境细菌/微生物群落（constructed wetlands）,MGEs与ARGs关键驱动因子=温度,温度变化→驱动稳定/差异菌群与MGEs→MGEs与ARGs水平变化,"The critical indicator affecting MGEs and ARGs was temperature, followed by the stable bacteria and differential bacteria in different seasons. (p.13)",2-观察性数据,Observational,2-间接数据支持,Indirect empirical support,4-不确定,Uncertain,2-观察累积,Observational cumulative/seasonal,3-人造环境,Built or engineered environment,2026-01-05
EVID_041-M1,41,1,Zhou (2023),Association between particulate matter (PM)2·5 air pollution and clinical antibiotic resistance: a global analysis,Introduction-p.2-para.4,6-综述整合,Review synthesis,1-直接生物学效应,Direct biological mechanisms,1h-其他直接生物学,1h-其他直接生物学-膜通透性,其他-空气污染（PM2.5）,细菌病原体（bacterial pathogens）,耐药要素进化/交换↑（ARG传播↑）,PM2.5暴露→细胞膜通透性↑→HGT效率↑→耐药要素交换/传播↑,"PM2·5 could also increase cell-membrane permeability to enhance the efficiency of horizontal gene transfer, accelerating the evolution and exchange of antibiotic resistance elements in bacterial pathogens.10,11. (p.2)",4-文献综述,Review-based,4-文献综述总结,Review-based support,1-促进AMR,Promoting AMR,4-未明确,Conceptual or unclear,2-自然环境,Natural environment,2026-01-05
EVID_041-M2,41,2,Zhou (2023),Association between particulate matter (PM)2·5 air pollution and clinical antibiotic resistance: a global analysis, Results-p.5-para.3,1-Results实验数据,Results,2-环境介导,Environment-mediated pathways,2f-其他环境介导,可删除,其他-空气污染（PM2.5）,Klebsiella pneumoniae（临床耐药监测）,临床耐药性↑（多药物类别）,PM2.5升高→（未明确具体中介过程）→临床耐药性↑,"For example, an increase of 1% in PM2·5 across regions was associated with an increase in Klebsiella pneumoniae resistance to carbapenems of 1·49% (R²=0·24), aminoglycosides of 1·41% (0·47), amoxicillin–clavulanate of 1·16% (0·54), piperacillin–tazobactam of 1·15% (0·35), third-generation cephalosporins of 1·14% (0·49), fluoroquinolones of 0·83% (0·31), and polymyxins of 0·61% (0·12; p<0·0001). (p.5)",3-模型模拟,Model-based,2-间接数据支持,Indirect empirical support,1-促进AMR,Promoting AMR,2-观察累积,Observational cumulative/seasonal,4-宿主体内,Within host / clinical,2026-01-05
EVID_041-M3,41,3,Zhou (2023),Association between particulate matter (PM)2·5 air pollution and clinical antibiotic resistance: a global analysis, Discussion-p.8-para.3,3-Discussion数据解释,Discussion interpretation,2-环境介导,Environment-mediated pathways,2f-其他环境介导,2f-其他环境介导-气溶胶,其他-空气污染（PM2.5）,耐药要素/ARG（airborne antibiotic-resistance genes）,人群暴露与获得耐药要素机会↑（AMR风险↑）,PM2.5空气污染→ARG气溶胶吸入暴露↑→获得耐药要素/耐药菌机会↑→AMR风险↑,"Antibiotic-resistance elements carried by air pollutants could be directly exposed to humans, which is a substantial risk as the daily intake of antibiotic-resistance genes through inhalation exceeds intake of antibiotic-resistance genes through drinking water. (p.8)",4-文献综述,Review-based,4-文献综述总结,Review-based support,1-促进AMR,Promoting AMR,4-未明确,Conceptual or unclear,2-自然环境,Natural environment,2026-01-05
EVID_041-M4,41,4,Zhou (2023),Association between particulate matter (PM)2·5 air pollution and clinical antibiotic resistance: a global analysis, Discussion-p.8-para.3,3-Discussion数据解释,Discussion interpretation,2-环境介导,Environment-mediated pathways,2f-其他环境介导,2f-其他环境介导-气溶胶,其他-空气污染（PM2.5）,耐药要素/ARG（PM2.5-borne antibiotic-resistance elements）,跨区域扩散与输入↑（AMR扩散↑）,PM2.5空气污染→风/尘/沉降等迁移扩散→耐药要素跨区域传播↑→AMR扩散↑,"Antibiotic-resistance elements in PM2·5 can be replenished from the natural environment and anthropogenic settings (eg, hospitals, farms, and sewage-treatment facilities) through wind action, water evaporation, dust transport, and wet or dry settlement spread over long distances and across regions. (p.8)",4-文献综述,Review-based,4-文献综述总结,Review-based support,1-促进AMR,Promoting AMR,4-未明确,Conceptual or unclear,2-自然环境,Natural environment,2026-01-05
EVID_041-M5,41,5,Zhou (2023),Association between particulate matter (PM)2·5 air pollution and clinical antibiotic resistance: a global analysis, Discussion-p.8-para.4,3-Discussion数据解释,Discussion interpretation,1-直接生物学效应,Direct biological mechanisms,1c-HGT质粒接合,1c-水平基因转移（接合）,其他-空气污染（PM2.5）,细菌（plasmid-mediated ARG transfer）,质粒接合转移效率↑→ARG传播↑,PM2.5暴露→ROS/SOS等应答与菌体结构变化→质粒接合转移效率↑→ARG传播↑,"Furthermore, PM2·5 can facilitate the horizontal gene transfer of antibiotic-resistance genes between bacteria. For example, the conjugative transfer efficiency of antibiotic-resistance genes increases with the PM2·5 in a specific concentration, which upregulates expressional levels of genes related to reactive oxygen species, SOS response, cell membranes, pilus generation, and transposition. (p.8)",4-文献综述,Review-based,4-文献综述总结,Review-based support,1-促进AMR,Promoting AMR,4-未明确,Conceptual or unclear,2-自然环境,Natural environment,2026-01-05
EVID_042-M1,42,1,Ke (2024),Effects of treatments and distribution on microbiome and antibiotic resistome from source to tap water in three Chinese geographical regions based on metagenome assembly,Results-p.12- 3.5para.2,1-Results实验数据,Results,2-环境介导,Environment-mediated pathways,2a-微生物群落,2a-微生物群落,其他-请在备注说明,Bacterial AMR,耐药基因丰度增加,温度变化→影响微生物群落→ARG相对丰度改变/富集→耐药基因丰度增加,"Furthermore, the temperature was positively correlated with ARGs
(chloramphenicol, fosmidomycin, and vancomycin) (Fig. 7b). Temper-
ature also altered the ARG relative abundance by influencing the mi-
crobial community, based on the SEM analysis (Fig. 7c), which is in
agreement with previous studies on tap and river water samples (Hao
et al., 2019; Yu et al., 2023). T",2-观察性数据,Observational,2-间接数据支持,Indirect empirical support,1-促进AMR,Promoting AMR,横断面（跨区域DWSS对比；源-厂-管网-龙头）,Other/unclear,3-人造环境,Built or engineered environment,2026-01-06
EVID_042-M2,42,2,Ke (2024),Effects of treatments and distribution on microbiome and antibiotic resistome from source to tap water in three Chinese geographical regions based on metagenome assembly,Results-p.12- 3.5para.2,1-Results实验数据,Results,2-环境介导,Environment-mediated pathways,2a-微生物群落,2a-微生物群落,其他-请在备注说明,Bacterial AMR,耐药基因丰度增加,温度变化→（与MGEs/微生物多样性共同作用，SEM总效应）→ARG相对丰度变化/富集→耐药基因丰度增加,"In summary, the standardized total effects on the variation in ARG relative abundance in the DWSS were ranked as follows: latitude (0.44) > microbial Shannon diversity (−0.39) > MGEs (0.37) > temperature (0.33) > total chlorine (0.21) > longitude (−0.19) > pH (−0.13) (Fig. 7d). (p.12)",2-观察性数据,Observational,2-间接数据支持,Indirect empirical support,不确定（方向未指明）,Uncertain,横断面（跨区域DWSS对比；源-厂-管网-龙头）,Other/unclear,3-人造环境,Built or engineered environment,2026-01-06
EVID_043-M1,43,1,Liu (2024),Seasonal meropenem resistance in Acinetobacter baumannii and influence of temperature-driven adaptation,Results-p.4-para.1,1-Results实验数据,Results,1-直接生物学效应,Direct biological mechanisms,1h-其他直接生物学,可删除,温度-季节性变化,Acinetobacter baumannii,耐药率上升,温度降低（冬季/冷月）→（季节性温度波动相关）→美罗培南耐药率上升,"We investigated the correlation between resistance rate and local air temperature. The results revealed a negative correlation (r = − 0.6862, P < 0.0001), indicating that as the temperature decreased, the resis- tance rate tended to increase (Fig. 1).",2-观察性数据,Observational,2-间接数据支持,Indirect empirical support,1-促进AMR,Promoting AMR,2-观察累积,Observational cumulative/seasonal,4-宿主体内,Within host / clinical,2026-01-06
EVID_043-M2,43,2,Liu (2024),Seasonal meropenem resistance in Acinetobacter baumannii and influence of temperature-driven adaptation, Results-p.5-para.2 ,1-Results实验数据,Results,1-直接生物学效应,Direct biological mechanisms,1a-生长代谢,1a-生长代谢,温度-季节平均温度变化,Acinetobacter baumannii,适应性改变 (Fitness Change),温度升高→非耐药株生长速率/竞争优势↑→耐药株相对比例↓→耐药率下降,"We studied the impact of different temperatures on A. baumannii growth. The results in
Fig. 3A show that the maximum growth rate (µmax) of A. baumannii increased with increasing culture temperature (P < 0.05). At 20 °C, the MEMR and MEMNR strains
demonstrated similar growth rates; as the temperature rose, MEMNR showed a growth advantage with a higher µmax. At low temperature, bacterial growth and metabo-
lism were suppressed, and partial bacterial lysis and death were observed [25]. ",1-实验室测量,Experimental,1-直接实验验证,Direct empirical support,2-抑制AMR,Suppressing AMR,1-实验瞬时,Experimental/short-term,1-实验室/体外,Laboratory/in vitro,2026-01-06
EVID_043-M3,43,3,Liu (2024),Seasonal meropenem resistance in Acinetobacter baumannii and influence of temperature-driven adaptation, Results-p.5-para.2 ,1-Results实验数据,Results,1-直接生物学效应,Direct biological mechanisms,1a-生长代谢,1a-生长代谢,温度-极端低温,Acinetobacter baumannii,适应性改变 (Fitness Change),温度降低至4°C→耐药株存活优势↑→耐药株维持/占比↑→耐药风险增加,"At 4 °C, although the growth of A. baumannii was inhibited, MEMR strains had a higher survival rate (Fig. 3B). (p.5)",1-实验室测量,Experimental,1-直接实验验证,Direct empirical support,1-促进AMR,Promoting AMR,1-实验瞬时,Experimental/short-term,1-实验室/体外,Laboratory/in vitro,2026-01-06
EVID_043-M4,43,4,Liu (2024),Seasonal meropenem resistance in Acinetobacter baumannii and influence of temperature-driven adaptation,Results-p.6-para.2,1-Results实验数据,Results,1-直接生物学效应,Direct biological mechanisms,1f-其他直接生物学效应（膜结构共同靶点/交叉应激）,1h-其他直接生物学-膜通透性,温度-降低/低温（4°C）,Acinetobacter baumannii,碳青霉烯相关耐药机制与低温适应耦合,低温（温度降低）→膜结构改变与膜通透性调节（低温胁迫）→与碳青霉烯（美罗培南）作用于细胞膜/细胞壁通路的压力形成共同选择环境→促使碳青霉烯相关耐药机制参与低温适应并可能被维持,"Both meropenem and low-temperature stress impact the
membrane structure of A. baumannii. Carbapenems,
including meropenem, disrupt bacterial cell membranes
via inhibition of peptidoglycan (PG) synthases, leading
to bacterial lysis and death [26] ",1-实验室测量,Experimental,2-间接数据支持,Indirect empirical support,4-不确定,Uncertain,1-实验瞬时,Experimental/short-term,1-实验室/体外,Laboratory/in vitro,2026-01-06
EVID_043-M5,43,5,Liu (2024),Seasonal meropenem resistance in Acinetobacter baumannii and influence of temperature-driven adaptation,Results-p.6-para.2,1-Results实验数据,Results,1-直接生物学效应,Direct biological mechanisms,1f-其他直接生物学效应（膜流动性/通透性调节）,1h-其他直接生物学-膜通透性,温度-降低/低温（4°C）,Acinetobacter baumannii,膜通透性相关耐药机制（降低通透性）,低温（温度降低）→细菌通过调节膜流动性与通透性适应低温、膜结构改变→降低药物进入/改变膜通透性→促进（或维持）碳青霉烯耐药相关机制,"Temperature reduction stiffens bacterial cell membranes. Bacteria adapt to tem-
perature changes by adjusting membrane fluidity and permeability [27, 28].",1-实验室测量,Experimental,2-间接数据支持,Indirect empirical support,4-不确定,Uncertain,1-实验瞬时,Experimental/short-term,1-实验室/体外,Laboratory/in vitro,2026-01-06
EVID_043-M6,43,6,Liu (2024),Seasonal meropenem resistance in Acinetobacter baumannii and influence of temperature-driven adaptation,Results-p.6-para.2,1-Results实验数据,Results,1-直接生物学效应,Direct biological mechanisms,1h-其他直接生物学（交叉耐受/适应）,1h-其他直接生物学-应激与交叉耐受,温度-降低/低温（4°C）,Acinetobacter baumannii（MEMR vs MEMNR）,低温适应能力↑与碳青霉烯耐药机制相关,低温（温度降低）→低温胁迫选择/增强耐药相关表型→MEMR菌株对低温更耐受提示碳青霉烯耐药机制参与低温适应→耐药机制维持/潜在增强,"The MEMR strain was more resistant to low-temperature stress, implying that carbapenem-related resistance mechanisms may be involved in low-temperature adaptation in A. baumannii. (p.6)",1-实验室测量,Experimental,2-间接数据支持,Indirect empirical support,1-促进AMR,Promoting AMR,1-实验瞬时,Experimental/short-term,1-实验室/体外,Laboratory/in vitro,2026-01-06
EVID_043-M7,43,7,Liu (2024),Seasonal meropenem resistance in Acinetobacter baumannii and influence of temperature-driven adaptation,Results-p.6-para.2,1-Results实验数据,Results,1-直接生物学效应,Direct biological mechanisms,1a-生长代谢,1a-生长代谢,温度-极端低温,Acinetobacter baumannii,适应性改变 (Fitness Change),温度降低至4°C→逆转耐药质粒适应性代价→携带耐药质粒菌株竞争优势↑→耐药性维持/传播↑,"Specifically, lowering the incubation temperature to 4 °C resulted in an increased competitive index of 2.54, with AB7434-poxa23 dominating growth
(Fig. 3C). The results suggest that the MEMR strains are more adaptable to low-temperature environments than MEMNR, possibly due to physiological and metabolic
adaptations induced by meropenem resistance.. (p.6)",1-实验室测量,Experimental,1-直接实验验证,Direct empirical support,1-促进AMR,Promoting AMR,1-实验瞬时,Experimental/short-term,1-实验室/体外,Laboratory/in vitro,2026-01-06
EVID_043-M8,43,8,Liu (2024),Seasonal meropenem resistance in Acinetobacter baumannii and influence of temperature-driven adaptation,Results-p.6-para.3,1-Results实验数据,Results,1-直接生物学效应,Direct biological mechanisms,1c-水平基因转移/移动遗传元件（此处更偏“耐药基因表达调控”）,1f-基因表达,温度-降低/低温（4°C）,Acinetobacter baumannii,碳青霉烯耐药相关基因表达↑（oxa-23/oxa-51；efflux adeJ）,低温（4°C）→诱导碳青霉烯耐药相关基因（β-内酰胺酶oxa-23/oxa-51、外排泵adeJ）表达上调→耐药机制增强/维持→碳青霉烯耐药风险上升,"We selected ATCC19606 and eight clinical strains, consisting of four MEMR strains (carrying oxa-23) and four MEMNR strains, to assess the expression of the common carbape- nem resistance-related genes described above (adeB, adeJ, ompA, oxa-51, and oxa-23) at 4 °C. Figure 4 displays upregulated adeJ, oxa-51, and oxa-23 expression across the nine strains after 16 h at 4 °C.The adeB and ompA genes displayed strain-specific expression, possibly regulated by factors other than temperature. The expression values for each strain and each gene are shown in S3.",1-实验室测量,Experimental,1-直接实验验证,Direct empirical support,1-促进AMR,Promoting AMR,1-实验瞬时,Experimental/short-term,1-实验室/体外,Laboratory/in vitro,2026-01-06
EVID_044-M1,44,1,Sajjad (2024),"Seasonal and spatial variations in concentration, diversity, and antibiotic resistance of ambient bioaerosols in an arid region", Results-p.10-3.4.1para.2,2-Results+Discussion整合,Results and discussion integration,1-直接生物学效应,Direct biological mechanisms,1h-其他直接生物学,1a-生长代谢,相对湿度升高；较低温度,空气生物气溶胶细菌（antibiotic-resistant bacteria）,耐药菌存活↑；耐药性更强,高湿+较低温度→耐药菌存活↑→耐药性增强,"The strongest antibiotic resistance was detected during the summer (humid-hot) season. Out of the 10 tested antibiotics, samples showed resistance to seven antibiotics, with the highest antibiotic resistance reported in the sample collected on July 28, 2022. The average temperature and relative humidity on that specific day were recorded as 31 ◦C and 69.17%, respectively. (p.10) This observation aligns with the findings of Pak and King (2022) in their study, which suggested that high relative humidity and relatively lower temperatures are favorable environmental factors for the survival of antibiotic-resistant bacteria and the development of stronger antibiotic resistance. Notably, an important point to highlight was the bacterial resistance against the frequently used antibiotic Metronidazole, with 100% of the samples collected in this study exhibiting resistance to this antibiotic. (p.10)",2-观察性数据,Observational,2-间接数据支持,Indirect empirical support,正向（推测）,Promoting AMR,概念性机制（引用外部研究）,Conceptual or unclear,3-人造环境（室外空气/生物气溶胶；机制概述）,Built or engineered environment,2026-01-06
EVID_044-M2,44,2,Sajjad (2024),"Seasonal and spatial variations in concentration, diversity, and antibiotic resistance of ambient bioaerosols in an arid region", Results-p.13-para.1,2-Results+Discussion整合,Results and discussion integration,2-环境介导,Environment-mediated pathways,2f-其他环境介导,2f-其他环境介导-气溶胶,沙尘暴/扬尘事件（dust storms）,ARGs/耐药菌（airborne/bioaerosols）,ARG传播↑；耐药感染传播风险↑,沙尘暴→携带并输送ARG/耐药菌→人群暴露↑→耐药感染传播风险↑,"Research by Erkorkmaz et al. (2023) highlights the role of dust storms in transporting antibiotic resistance genes, which can exacerbate the spread of resistant infections in populations exposed to dust events. (p.13)",5-理论推测,Theoretical/projection,2-间接数据支持,Indirect empirical support,正向（推测）,Promoting AMR,事件尺度（沙尘暴暴露事件；机制概述）,Event-based,3-人造环境（干旱区/沙尘暴影响下的空气生物气溶胶；机制概述）,Built or engineered environment,2026-01-06
EVID_044-M3,44,3,Sajjad (2024),"Seasonal and spatial variations in concentration, diversity, and antibiotic resistance of ambient bioaerosols in an arid region", Results-p.13-para.1,2-Results+Discussion整合,Results and discussion integration,2-环境介导,Environment-mediated pathways,2f-其他环境介导,2f-其他环境介导-气溶胶,沙尘暴（dust storms）,ABR microorganisms（空气耐药微生物）,耐药微生物扩散/传播↑,沙尘暴→耐药微生物随尘埃迁移/扩散→空气耐药微生物传播↑,"In Qatar, similar processes likely occur, with dust storms contributing to the spread of ABR microorganisms, like those found in East Asia. (p.13)",5-理论推测,Theoretical/projection,2-间接数据支持,Indirect empirical support,正向（推测）,Promoting AMR,事件尺度（沙尘暴；推断性表述）,Event-based,3-人造环境（卡塔尔沙尘暴影响下的室外空气生物气溶胶）,Built or engineered environment,2026-01-06
EVID_045-M1,45,1,Shen (2024),"Antibiotic Resistance in a Coastal River in Mississippi, USA: Potential Drivers",Result-p.8-para.2,2-Results+Discussion整合,Results and discussion integration,1-直接生物学效应,Direct biological mechanisms,1h-其他直接生物学,可删除,温度（低温 vs 暖季）,"水体微生物群落（ARGs：blaTEM, sul1, tetO）",ARG相对丰度在低温月份更高（暖季下降）,温度升高→（未明确具体中介过程）→ARG相对丰度下降,The relative concentrations of all 3 genes were highest in February and April when temperature was low and tended to decrease in the warmer months (Figure 2). (p.8),2-观察性数据,Observational,2-间接数据支持,Indirect empirical support,负向（随温度升高下降）,Suppressing AMR,月/季节尺度（2016年2–11月多次采样）,Observational cumulative/seasonal,3-人造环境（美国密西西比沿海河口；沿河多站点；受WWTP影响）,Built or engineered environment,2026-01-06
EVID_045-M1,45,1,Shen (2024),"Antibiotic Resistance in a Coastal River in Mississippi, USA: Potential Drivers",Result-p.8-para.4,1-Results实验数据,Results,1-直接生物学效应,Direct biological mechanisms,1h-其他直接生物学,可删除,温度,ARGs（总体ARG浓度/模型）,ARG浓度随温度升高而下降,温度升高→（未明确具体中介过程）→ARG浓度下降,The concentration of ARGs decreased with temperature within the temperature range in this study area. (p.8),2-观察性数据,Observational,2-间接数据支持,Indirect empirical support,负向（观测/模型）,Suppressing AMR,月/季节尺度（2016年多次采样）,Observational cumulative/seasonal,3-人造环境（密西西比沿海河口；多站点统计模型）,Built or engineered environment,2026-01-06
EVID_045-M2,45,2,Shen (2024),"Antibiotic Resistance in a Coastal River in Mississippi, USA: Potential Drivers", Discussion-p.9-para.3 ,2-Results+Discussion整合,Results and discussion integration,1-直接生物学效应,Direct biological mechanisms,1c-HGT质粒接合,1c-水平基因转移,盐度升高导致高渗透压（high osmotic pressure）,河口水体细菌（HGT/群落）,ARG传播/维持↓（通过HGT降低/群落变化）,盐度升高→高渗透压→HGT↓+微生物群落结构改变→ARG丰度/传播↓,"We found a decrease in ARGs with increasing salinity. Controlled lab studies and field surveys have also demonstrated decreased sul1 concentrations with increasing salinity, such as in coastal waters of China (Tan et al. 2019) and Louisiana wetlands (Bergeron et al. 2015). Pro-posed mechanisms for this pattern include reduced horizontal gene transfer under high osmotic pressure (Tan et al. 2019) and shifts in microbial communities (Bergeron et al. 2015). However, more controlled studies are still needed to elucidate the mechanisms and better understand potential thresholds of salinity effects on ARGs.. (p.9)",5-理论推测,Theoretical/projection,2-间接数据支持,Indirect empirical support,负向（推测）,Suppressing AMR,概念性机制（外部研究支撑）,Conceptual or unclear,3-人造环境（河口咸淡水梯度；讨论机制）,Built or engineered environment,2026-01-06
EVID_045-M3,45,3,Shen (2024),"Antibiotic Resistance in a Coastal River in Mississippi, USA: Potential Drivers", Discussion-p.9-para.3 ,2-Results+Discussion整合,Results and discussion integration,2-环境介导,Environment-mediated pathways,2f-其他环境介导,2c-水文条件,强降雨/暴雨事件（heavy rainfall）,ARGs（来自陆源污染源的微生物/基因）,ARG输入/输送↑（导致时间变异性↑）,强降雨→径流/陆源污染物冲刷与输送→ARG进入下游水体↑→ARG时间变异性↑,"However, we did not find significant support for a simple pattern that shows ARBs and ARGs would decrease as sampling points were further away from the WWTP in most months. Clearly, the pattern is more complex than a simple linear decay. A variety of reasons are proposed to explain this finding. Meteorological events like heavy rainfall can facilitate ARG transport from land—based sources into downstream waters (Hsu et al. 2014), which may partially explain the temporal variability we observed. (p.9)",5-理论推测,Theoretical/projection,2-间接数据支持,Indirect empirical support,正向（推测）,Promoting AMR,事件尺度（降雨事件）,Event-based,3-人造环境（河流-河口系统；陆源输入影响下游）,Built or engineered environment,2026-01-06
EVID_046-M1,46,1,Sun (2024),Environmental factors influencing the development and spread of resistance in erythromycin-resistant streptococcus pneumoniae,Discussion-p.6-para.1,4-Discussion理论推测,Discussion theoretical interpretation,4-宿主易感性,Host susceptibility pathways,4d-行为改变,4d-行为改变,区域差异（东南更温暖湿润；文中以Hu Huanyong Line两侧对比）,S. pneumoniae,耐药菌传播↑（推测）,区域气候/人口分布差异→社会聚集频率↑→细菌传播机会↑→耐药S. pneumoniae传播↑（推测）,"Sociologically, the southeastern side of the line is more densely populated than the northwestern side. This leads to a higher frequency of social gatherings and events, which in turn increases the potential for the bacteria to spread. (p.6)",5-理论推测,Theoretical/projection,3-理论推测,Theoretical support,1-促进AMR,Promoting AMR,4-未明确/理论,Conceptual or unclear,5-未明确/理论,Mixed or unspecified,2026-01-06
EVID_046-M2,46,2,Sun (2024),Environmental factors influencing the development and spread of resistance in erythromycin-resistant streptococcus pneumoniae,Discussion-p.6-para.1,4-Discussion理论推测,Discussion theoretical interpretation,1-直接生物学效应,Direct biological mechanisms,1a-生长代谢,1a-生长代谢,温度（温暖）+湿度（高/湿润）,S. pneumoniae,耐药菌传播/存活优势↑（推测）,温暖湿润→细菌代谢/生存策略改变与传播增强→耐药菌在群体中维持与扩散↑（推测）→红霉素耐药S. pneumoniae相关负担↑,There were significant differ- ences in the resistance rate and isolate rate of erythromycin-resistant SP across different climate types. The climate type affects the temperature and humidity of the environment. A warm and humid climate may provide favorable conditions for the growth and reproduction of bacteria. It may promote the spread of bacteria and may also affect the metabolism and survival strategies of bacteria (p.6),5-理论推测,Theoretical/projection,3-理论推测,Theoretical support,1-促进AMR,Promoting AMR,4-未明确/理论,Conceptual or unclear,5-未明确/理论,Mixed or unspecified,2026-01-06
EVID_046-M3,46,3,Sun (2024),Environmental factors influencing the development and spread of resistance in erythromycin-resistant streptococcus pneumoniae,Discussion-p.6-para.1,4-Discussion理论推测,Discussion theoretical interpretation,3-生态-社会介导,Socio-ecological mediation,3g-其他社会介导,3g-其他社会介导-社会经济脆弱性,气候条件（favorable climatic conditions，如温带）,S. pneumoniae,红霉素耐药率/传播↑（推测）,有利气候条件→人口密集与城市化↑→接触网络/传播机会↑→耐药S. pneumoniae传播↑（推测）→红霉素耐药率↑,"In addition, in areas with favorable climatic conditions, such as temperate regions, these areas tend to be densely populated and highly urbanized. In areas with extreme climates, these areas are less populated and more common in rural communities (Nuñez-Hidalgo
et al., 2023; Stephenson et al., 2010), so there are also differences in the use of antibiotics.. (p.6)",5-理论推测,Theoretical/projection,3-理论推测,Theoretical support,1-促进AMR,Promoting AMR,4-未明确/理论,Conceptual or unclear,5-未明确/理论,Mixed or unspecified,2026-01-06
EVID_048-M1,48,1,Yang (2024),Effect of Temperature on Carbapenemase-Encoding Plasmid Transfer in Klebsiella pneumoniae,Results-p.4-3.3 para.1,1-Results实验数据,Results,1-直接生物学效应,Direct biological mechanisms,1c-HGT质粒接合,1c-水平基因转移（接合）,温度（20–41°C梯度）,K. pneumoniae,碳青霉烯酶基因（blaNDM）质粒接合转移效率变化→传播风险变化,温度变化（20–41°C）→blaNDM质粒接合效率改变（20°C最高、37°C/41°C更低）→耐碳青霉烯基因传播风险随温度变化,"The conjugation efficiency of the blaNDM-carrying plasmids was (2.7 ± 3.7) ⇥10−6 at 20 ◦C, (1.5 ± 0.5) ⇥10−6 at 25 ◦C, (5.6 ± 1.5) ⇥10−7 at 30 ◦C, (4.1 ± 4.6) ⇥10−7 at 37 ◦C, and (3.4 ± 4.0) ⇥10−7 at 41 ◦C (Table 3 and Supplementary Table S2). (p.4)",1-实验室测量,Experimental,1-直接实验验证,Direct empirical support,3-双向作用,Bidirectional or mixed,1-实验/瞬时,Experimental/short-term,1-实验室/体外,Laboratory/in vitro,2026-01-06
EVID_048-M2,48,2,Yang (2024),Effect of Temperature on Carbapenemase-Encoding Plasmid Transfer in Klebsiella pneumoniae,Results-p.4-3.3 para.1,1-Results实验数据,Results,1-直接生物学效应,Direct biological mechanisms,1c-HGT质粒接合,1c-水平基因转移（接合）,温度（25°C vs 30°C/37°C）,K. pneumoniae,blaKPC质粒接合频率最适温度（25°C）,温度变化→blaKPC质粒接合频率在25°C达到峰值→耐药基因传播潜力在特定温度区间增强,"The optimal conjugation temperature for blaKPC-carrying strains was 25 ◦C (p = 0.030), and the conjugation frequencies did not vary at 30 ◦C and 37 ◦C (p = 0.077, Figure 1A). (p.4)",1-实验室测量,Experimental,1-直接实验验证,Direct empirical support,3-双向作用,Bidirectional or mixed,1-实验/瞬时,Experimental/short-term,1-实验室/体外,Laboratory/in vitro,2026-01-06
EVID_048-M3,48,3,Yang (2024),Effect of Temperature on Carbapenemase-Encoding Plasmid Transfer in Klebsiella pneumoniae,Results-p.4-3.3 para.1,1-Results实验数据,Results,1-直接生物学效应,Direct biological mechanisms,1c-HGT质粒接合,1c-水平基因转移（接合）,温度（30°C/37°C vs 25°C）,K. pneumoniae,blaNDM质粒接合频率在30°C最高,温度变化→blaNDM质粒接合频率在30°C最高且37°C>25°C→耐药基因传播潜力在较高温度区间增强,"On the contrary, the blaNDM-carrying strains had the highest conjugation frequency at 30 ◦C (p = 0.007) and were more efficient at 37 ◦C than at 25 ◦C (p < 0.001, Figure 1B). (p.4)",1-实验室测量,Experimental,1-直接实验验证,Direct empirical support,3-双向作用,Bidirectional or mixed,1-实验/瞬时,Experimental/short-term,1-实验室/体外,Laboratory/in vitro,2026-01-06
EVID_048-M4,48,4,Yang (2024),Effect of Temperature on Carbapenemase-Encoding Plasmid Transfer in Klebsiella pneumoniae,Results-p.6-3.4 para.1,3-Discussion数据解释,Discussion interpretation,1-直接生物学效应,Direct biological mechanisms,1c-HGT质粒接合,1c-水平基因转移（接合）,温度（影响接合频率与质粒稳定性）,K. pneumoniae,耐药质粒接合频率/稳定性受温度影响→耐药基因传播风险变化,温度变化→接合频率与质粒稳定性改变→耐药质粒在菌群中维持与传播能力改变→AMR传播风险变化,"As shown in Figures 1 and 2, the conjugation frequency and stability of blaKPC- and blaNDM-harboring plasmids were influenced by temperature; in particular, the preferred temperature is different. (p.6)",1-实验室测量,Experimental,2-间接数据支持,Indirect empirical support,3-双向作用,Bidirectional or mixed,1-实验/瞬时,Experimental/short-term,1-实验室/体外,Laboratory/in vitro,2026-01-06
EVID_048-M5,48,5,Yang (2024),Effect of Temperature on Carbapenemase-Encoding Plasmid Transfer in Klebsiella pneumoniae,Discussion-p.7-para.4,2-Results+Discussion整合,Results and discussion integration,1-直接生物学效应,Direct biological mechanisms,1c-HGT质粒接合（复制子类型差异）,1c-水平基因转移（接合）,温度-25°C与30°C（复制子最适不同）,NA（质粒层面）,blaKPC/blaNDM传播增强（转移最优）,温度变化→不同复制子型耐药质粒在不同温度下接合转移最优（IncF在25°C；IncX3在30°C）→blaKPC/blaNDM携带质粒扩散增强,"Our results showed that the blaKPC- and blaNDM-carrying plasmids were best transferred at 25 °C for IncF and 30 °C for IncX3, respectively, regardless of the ST type. (p.7)",2-观察性数据,Observational,2-间接数据支持,Indirect empirical support,1-促进AMR,Promoting AMR,1-实验瞬时,Experimental/short-term,1-实验室/体外,Laboratory/in vitro,2026-01-09
EVID_048-M6,48,6,Yang (2024),Effect of Temperature on Carbapenemase-Encoding Plasmid Transfer in Klebsiella pneumoniae,Discussion-p.7-para.4,4-Discussion理论推测,Discussion theoretical interpretation,1-直接生物学效应,Direct biological mechanisms,1c-HGT质粒接合（宽温度范围/差异性证据）,1c-水平基因转移（接合）,温度-30°C与37°C（不同研究结论不一致）,Enterobacteriaceae（多物种）,接合频率/稳定性/适应性成本变化,温度改变→对同一复制子（IncX3）接合频率、稳定性与适应性成本的影响在不同研究中存在差异→提示温度效应受体系/背景调节→AMR传播潜力呈情境依赖性,"In contrast, another report showed that the IncX3 plasmid has a higher conjugation frequency, higher stability, and lower fitness cost at 37 °C[15,23]. (p.)",4-文献综述,Review-based,4-文献综述总结,Review-based support,3-双向作用,Bidirectional or mixed,1-实验瞬时,Experimental/short-term,1-实验室/体外,Laboratory/in vitro,2026-01-09
EVID_049-M1,49,1,Yang (2024),Antibiotic resistance and resistome risks of inhalable bioaerosols at aeration tank of a full-scale wastewater treatment plant,Results-p.9-para.2,2-Results+Discussion整合,Results and discussion integration,2-环境介导,Environment-mediated pathways,2a-微生物群落,2a-微生物群落,相对湿度；温度；紫外辐射,气溶胶细菌群落（含潜在病原菌PARB）,空气中ARGs或PARB变异（组成/丰度改变）,相对湿度/温度/紫外辐射变化→调控PM2.5气溶胶细菌群落与MGEs等环境因子→空气中ARGs/PARB变异,"Based on the forward selection of factors and Monte Carlo permutation tests (Table S9), relative humidity, temperature, ultraviolet radiation, PM2.5 concentration, bacterial community, and MGEs, were discovered to be mainly responsible for the variation of airborne ARGs or PARB. (p.9)",2-观察性数据,Observational,2-间接数据支持,Indirect empirical support,未明确（影响/驱动）,Uncertain,季节尺度（2022-04至2023-02多季节采样）,Observational cumulative/seasonal,中国青岛全规模污水处理厂曝气池及上风向对照点（PM2.5生物气溶胶）,Built or engineered environment,2026-01-07
EVID_049-M2,49,2,Yang (2024),Antibiotic resistance and resistome risks of inhalable bioaerosols at aeration tank of a full-scale wastewater treatment plant,Results-p.9-para.2,2-Results+Discussion整合,Results and discussion integration,2-环境介导,Environment-mediated pathways,2a-微生物群落,2a-微生物群落,温度；紫外辐射；相对湿度,气溶胶细菌群落（含潜在病原菌PARB）,（通过群落驱动）空气中ARGs/PARB动态变化,温度/紫外辐射/相对湿度变化→影响微生物生长与相互作用→细菌群落结构变化→空气中ARGs/PARB动态变化,"Temperature, ultraviolet radiation, and relative humidity were found to indirectly influence the PM2.5-borne ARGs, MGEs, PARB by regulating the bacterial community. The variation of temperature, ultraviolet radiation, and relative humidity, have causal relationships with microbial growth and interactions [78,79]. And Bacterial community was found to play a vital role in shaping resistome dynamics [80,81].]. (p.9)",2-观察性数据,Observational,2-间接数据支持,Indirect empirical support,未明确（影响/驱动）,Uncertain,季节尺度（2022-04至2023-02多季节采样）,Observational cumulative/seasonal,中国青岛全规模污水处理厂曝气池及上风向对照点（PM2.5生物气溶胶）,Built or engineered environment,2026-01-07
EVID_050-M1,50,1,Yang (2024),"Airborne antibiotic resistome from sludge dewatering systems: Mobility, pathogen accessibility, cross-media migration propensity, impacting factors, and risks",Results-p.10-3.4-para.2,1-Results实验数据,Results,2-环境介导,Environment-mediated pathways,2a-微生物群落,2a-微生物群落,综合-多因子,Airborne bacteria (SDS-PM2.5 microbiome),ARG谱系/丰度变化,相对湿度与温度变化 → 微生物存活与繁殖改变 → 细菌群落结构变化 → 抗性组(resistome)改变,"Relative humidity and temperature exerted indirect effects on antibiotic resistome by driving the bacterial community (Fig. 6e), both can structure bacterial community by affecting the microbial viability and reproduction (Gwenzi et al., 2022; Huang et al., 2024). (p.9)",2-观察性数据,Observational,2-间接数据支持,Indirect empirical support,4-不确定,Uncertain,2-观察/累积,Observational cumulative/seasonal,3-人造环境,Built or engineered environment,2026-01-07
EVID_050-M2,50,2,Yang (2024),"Airborne antibiotic resistome from sludge dewatering systems: Mobility, pathogen accessibility, cross-media migration propensity, impacting factors, and risks",Results-p.10-3.4-para.2,1-Results实验数据,Results,2-环境介导,Environment-mediated pathways,2f-其他环境介导,2f-其他环境介导-气溶胶,湿度-升高,Airborne bacteria (PARB),空气中ARGs/PARB水平变化,相对湿度变化 → PM2.5浓度调节 → 空气中ARGs与潜在耐药病原菌(PARB)水平变化,The relative humidity also expressed an indirect influence on airborne ARGs and PARB by regulating the PM2.5 concentration (Fig. 6e). (p.10),2-观察性数据,Observational,2-间接数据支持,Indirect empirical support,4-不确定,Uncertain,2-观察/累积,Observational cumulative/seasonal,3-人造环境,Built or engineered environment,2026-01-07
EVID_050-M3,50,3,Yang (2024),"Airborne antibiotic resistome from sludge dewatering systems: Mobility, pathogen accessibility, cross-media migration propensity, impacting factors, and risks",Results-p.10-3.4-para.2,3-Discussion数据解释,Discussion interpretation,2-环境介导,Environment-mediated pathways,2f-其他环境介导,2f-其他环境介导-气溶胶,湿度-升高,Airborne bacteria (ARGs/resistome),抗性组传播↑（大气传播）,相对湿度适宜/升高 → PM2.5形成与发展 → PM2.5作为载体 → 抗性组在大气中的传播增强,"The appropriate relative humidity facilitates the formation and development of PM2.5 (Chen et al., 2020), and PM2.5 was considered as the vital vector for the atmospheric propagation of antibiotic resistome (Li et al., 2018; Zhu et al., 2021). (p.10)",4-文献综述,Review-based,4-文献综述总结,Review-based support,1-促进AMR,Promoting AMR,4-未明确/理论,Conceptual or unclear,3-人造环境,Built or engineered environment,2026-01-07
EVID_050-M4,50,4,Yang (2024),"Airborne antibiotic resistome from sludge dewatering systems: Mobility, pathogen accessibility, cross-media migration propensity, impacting factors, and risks",Results-p.10-3.4-para.2,3-Discussion数据解释,Discussion interpretation,2-环境介导,Environment-mediated pathways,2a-微生物群落,2a-微生物群落,温度-季节性变化,Airborne bacteria (SDS-PM2.5 microbiome),MGE动态/HGT潜力变化,温度波动 → 气溶胶细菌群落演替 → 细菌群落驱动MGE动态 → 潜在HGT过程改变," In addition, temper- ature exerted indirect effects on MGEs by driving the bacterial
community (Fig. 6e). The temperature fluctuation could cause the evolution of aerosol bacterial community (Myung and Joung, 2024; Xu et al., 2022b), and bacterial community was found to play a vital role in shaping MGE dynamics (Chen et al., 2019; Yang et al., 2022b. (p.10)",4-文献综述,Review-based,4-文献综述总结,Review-based support,4-不确定,Uncertain,4-未明确/理论,Conceptual or unclear,3-人造环境,Built or engineered environment,2026-01-07
EVID_050-M5,50,5,Yang (2024),"Airborne antibiotic resistome from sludge dewatering systems: Mobility, pathogen accessibility, cross-media migration propensity, impacting factors, and risks",Results-p.11-para.1,1-Results实验数据,Results,2-环境介导,Environment-mediated pathways,2a-微生物群落,2a-微生物群落,湿度-升高,Airborne bacteria (SDS-PM2.5 microbiome),抗性组(resistome)变化,相对湿度等气象因子变化 → 细菌群落驱动 → SDS-PM2.5抗性组(resistome)变化,"SDS-PM2.5 resistome were dominantly regulated by bacterial community and indirectly affected by meteorological factors (e.g., relative humidity). (p.11)",2-观察性数据,Observational,2-间接数据支持,Indirect empirical support,4-不确定,Uncertain,2-观察/累积,Observational cumulative/seasonal,3-人造环境,Built or engineered environment,2026-01-07
EVID_051-M1,51,1,Yuan (2024),The longitudinal trend and influential factors exploring of global antimicrobial resistance in Klebsiella pneumoniae,Results-p.7-para.1,3-Discussion数据解释,Discussion interpretation,1-直接生物学效应,Direct biological mechanisms,1c-HGT质粒接合,1c-水平基因转移,环境温度/平均气温升高,Klebsiella pneumoniae（及细菌泛指）,耐药基因转移/传播↑→耐药性↑（推测）,温度升高→促进细菌基因转移（HGT/接合等）→耐药基因传播↑→耐药性↑,"Meanwhile, temperature can regulate gene transfer in bacteria, including genes encoding antibiotic resistance (Lorenz and Wackernagel, 1994; Walsh et al., 2011). (p.7)",3-综述/理论阐释,Review-based,3-理论推测,Theoretical support,正向（推测：促进基因转移）,Promoting AMR,概念性机制（文献综述）,Conceptual or unclear,全球/环境细菌（讨论中的机制综述）,Mixed or unspecified,2026-01-07
EVID_051-M2,51,2,Yuan (2024),The longitudinal trend and influential factors exploring of global antimicrobial resistance in Klebsiella pneumoniae,Results-p.7-para.1,3-Discussion数据解释,Discussion interpretation,1-直接生物学效应,Direct biological mechanisms,1h-其他直接生物学,可删除,平均环境温度升高（每+1°C）,Klebsiella pneumoniae；Pseudomonas aeruginosa,CRKP流行率↑；耐碳青霉烯P. aeruginosa流行率↑,温度升高→（未明确具体中介过程）→CRKP/耐碳青霉烯P. aeruginosa流行率↑,"One previous study has shown that every 1 °C increase in the average ambient temperature was associated with 1.14-fold increase in the prevalence of CRKP, and 1.06-fold increase in the prevalence of carbapenem-resistant Pseudomonas aeruginosa (Li et al., 2023). (p.7)",3-综述/理论阐释,Review-based,2-间接数据支持,Indirect empirical support,正向（观测到增加）,Promoting AMR,4-未明确,Conceptual or unclear,5-未明确,Mixed or unspecified,2026-01-07
EVID_053-M1,53,1,Zhao (2024),Analyzing the correlation between quinolone-resistant Escherichia coli resistance rates and climate factors: A comprehensive analysis across 31 Chinese provinces,Results-p.3-3.3para.1,1-Results实验数据,Results,2-环境介导,Environment-mediated pathways,2f-其他环境介导,可删除,综合-多因子,Quinolone-resistant Escherichia coli (QnR eco),耐药率下降（统计学负相关）,温度/湿度/降水等气候变量变化 → 统计学相关性显示QnR E. coli耐药率降低,"These included Temperature, minTemp12h, Humidity, Rainfall, iGDP, rGDP, Tropical, Subtropical, and Plateau. Notably, these variables exhibited a notable negative correlation with QnR eco resistance, as indicated by Spearman correlation coefficients (−0.46 to −0.299, p < 0.05). (p.3)",2-观察性数据,Observational,2-间接数据支持,Indirect empirical support,2-抑制AMR,Suppressing AMR,2-观察/累积,Observational cumulative/seasonal,4-宿主体内,Within host / clinical,2026-01-08
EVID_053-M2,53,2,Zhao (2024),Analyzing the correlation between quinolone-resistant Escherichia coli resistance rates and climate factors: A comprehensive analysis across 31 Chinese provinces,Discussion-p.4-para.2,2-Results+Discussion整合,Results and discussion integration,2-环境介导,Environment-mediated pathways,2f-其他环境介导,可删除,综合-多因子,Quinolone-resistant Escherichia coli (QnR eco),耐药率下降（负相关）,降水增加/最低温升高及特定气候类型差异 → 统计学关联 → QnR E. coli耐药率下降,"Conversely, our analysis illuminated negative correlations between QnR
eco resi and plateau mountain climate, continental climate, rainfall, and
the lowest temperature. In a parallel vein, the correlation between QnR
eco detection (QnR eco dete) and tropical regions, humidity, and pro­
fessional public health institutions emerged as positive, while a negative
correlation surfaced with the position of the Hu Line.. (p.4)",2-观察性数据,Observational,2-间接数据支持,Indirect empirical support,2-抑制AMR,Suppressing AMR,2-观察/累积,Observational cumulative/seasonal,4-宿主体内,Within host / clinical,2026-01-08
EVID_053-M3,53,3,Zhao (2024),Analyzing the correlation between quinolone-resistant Escherichia coli resistance rates and climate factors: A comprehensive analysis across 31 Chinese provinces,Discussion-p.6-para.1,2-Results+Discussion整合,Results and discussion integration,1-直接生物学效应,Direct biological mechanisms,1a-生长代谢,可删除,综合-多因子,Quinolone-resistant Escherichia coli (QnR eco),耐药率差异/变化,温暖/季风与较低湿度气候 vs 寒冷/高湿气候 → 生长环境差异 → QnR E. coli耐药率差异,"We investigated quinolone-resistant QnR eco across various regions in China and observed that resistance rates vary with the climate, being higher in warmer, monsoon regions and lower in cooler, more humid areas. (p.6)",2-观察性数据,Observational,2-间接数据支持,Indirect empirical support,3-双向作用,Bidirectional or mixed,2-观察/累积,Observational cumulative/seasonal,4-宿主体内,Within host / clinical,2026-01-08
EVID_053-M4,53,4,Zhao (2024),Analyzing the correlation between quinolone-resistant Escherichia coli resistance rates and climate factors: A comprehensive analysis across 31 Chinese provinces,Discussion-p.6-para.1,4-Discussion理论推测,Discussion theoretical interpretation,1-直接生物学效应,Direct biological mechanisms,1a-生长代谢,1a-生长代谢,综合-多因子,Escherichia coli,耐药率变化（机制框架）,气候因素 → 细菌生长动力学改变 → 耐药率/耐药性变化,"Climate, as a determinant of bacterial growth, emerged as another influential factor (Dey et al., 2020). (p.6)",4-文献综述,Review-based,4-文献综述总结,Review-based support,4-不确定,Uncertain,4-未明确/理论,Conceptual or unclear,5-未明确/理论,Mixed or unspecified,2026-01-08
EVID_053-M5,53,5,Zhao (2024),Analyzing the correlation between quinolone-resistant Escherichia coli resistance rates and climate factors: A comprehensive analysis across 31 Chinese provinces,Discussion-p.6-para.1,4-Discussion理论推测,Discussion theoretical interpretation,1-直接生物学效应,Direct biological mechanisms,1a-生长代谢,1a-生长代谢,温度-季节平均温度变化,Escherichia coli,耐药率变化（通过生长最适）,温度处于34–38°C最适范围 → E. coli生长增强 → 可能改变耐药率,Our research indicates that Escherichia coli’s optimal growth occurs within temperatures ranging from 34 °C to 38 °C. (p.6),5-理论推测,Theoretical/projection,3-理论推测,Theoretical support,4-不确定,Uncertain,4-未明确/理论,Conceptual or unclear,5-未明确/理论,Mixed or unspecified,2026-01-08
EVID_053-M6,53,6,Zhao (2024),Analyzing the correlation between quinolone-resistant Escherichia coli resistance rates and climate factors: A comprehensive analysis across 31 Chinese provinces,Discussion-p.6-para.1,4-Discussion理论推测,Discussion theoretical interpretation,1-直接生物学效应,Direct biological mechanisms,1a-生长代谢,1a-生长代谢,温度-季节平均温度变化,Escherichia coli,耐药率变化,温度在不同气候类型间变化 → 细菌生长动力学改变 → E. coli耐药率变化,"Consequently, variations in temperature across different climate types can significantly impact the resistance rates of Escherichia coli strains, thus underscoring the intricate interplay between climate and bacterial dynamics (Ma et al., 2023; Wang et al., 2019). (p.6)",4-文献综述,Review-based,4-文献综述总结,Review-based support,4-不确定,Uncertain,4-未明确/理论,Conceptual or unclear,5-未明确/理论,Mixed or unspecified,2026-01-08
EVID_055-M1,55,1,"Kou et al., 2025",Panel data analysis of the effect of ambient temperature on antimicrobial resistance in China,Results-p.3-para.2,1-Results实验数据,Results,2-环境介导,Environment-mediated pathways,2f-其他环境介导,可删除,温度-年均温升高,carbapenem-resistant Klebsiella pneumoniae (CRKP); carbapenem-resistant Acinetobacter baumannii (CRAB),耐药菌分离率上升,年均环境温度升高（每+1°C）→ 临床分离CRKP/CRAB检出比例上升（回归RR>1）→ 耐药菌分离率上升,"For every 1 °C increase in average ambient temperature, the prevalence of CRKP and CRAB increased 1.093-fold (p<0.001, 95% ci [1.067–1.120]) and 1.021-fold (p<0.001, 95% ci [1.012–1.030), respectively (Fig. 3). (p.3)",2-观察性数据,Observational,2-间接数据支持,Indirect empirical support,1-促进AMR,Promoting AMR,2-观察累积,Observational cumulative/seasonal,4-宿主体内,Within host / clinical,2026-01-08
EVID_055-M2,55,2,"Kou et al., 2025",Panel data analysis of the effect of ambient temperature on antimicrobial resistance in China,Discussion-p.5-para.2,3-Discussion数据解释,Discussion interpretation,2-环境介导,Environment-mediated pathways,2f-其他环境介导,可删除,温度-年均温升高,CRKP; CRPA; CRAB,耐药菌分离率上升,环境温度变化 → 南北区域AMR流行方向不同（南方负相关、北方正相关）→ 耐药菌分离率变化,"We found that ambient temperature was negatively related to the prevalence of AMR in southern China, but showed a positive correlative effect in the north. (p.5)",2-观察性数据,Observational,2-间接数据支持,Indirect empirical support,3-双向作用,Bidirectional or mixed,2-观察累积,Observational cumulative/seasonal,4-宿主体内,Within host / clinical,2026-01-08
EVID_055-M3,55,3,"Kou et al., 2025",Panel data analysis of the effect of ambient temperature on antimicrobial resistance in China,Discussion-p.5-para.2,4-Discussion理论推测,Discussion theoretical interpretation,1-直接生物学效应,Direct biological mechanisms,1a-生长代谢,1a-生长代谢,温度-极端高温,Escherichia coli; Klebsiella pneumoniae,耐药菌分离率上升,极端高温（>35°C）→ 超出条件致病菌最适生长温度范围、抑制增殖/存活 → 耐药菌分离率下降（AMR被抑制）,"The optimal growth temperature for most conditionally pathogenic bacteria (e.g., E. coli, Klebsiella pneumoniae) is 20–37 °C, and the extreme high temperatures (often exceeding 35 °C) in summer in southern China may be beyond their physiological tolerance ranges37,39. (p.5)",4-文献综述,Review-based,4-文献综述总结,Review-based support,2-抑制AMR,Suppressing AMR,4-未明确,Conceptual or unclear,4-宿主体内,Within host / clinical,2026-01-08
EVID_055-M4,55,4,"Kou et al., 2025",Panel data analysis of the effect of ambient temperature on antimicrobial resistance in China,Discussion-p.5-para.2,4-Discussion理论推测,Discussion theoretical interpretation,2-环境介导,Environment-mediated pathways,2b-抗生素残留,2b-抗生素残留,温度-极端高温,,耐药率上升,高温 → 环境中抗生素降解加速、选择压力降低 → 耐药获得/维持减少（AMR被抑制）,"In addition, high temperatures accelerate the degradation of antibiotics in the environment, and the residual drugs that remain in southern China after the use of antibiotics in the agricultural (aquaculture, livestock and poultry) and medical scenarios enter into the water column, soil, and other environmental media, and high temperature can reduce the selective pressure for drug resistance through photochemical degradation and accelerated microbial degradation. (p.5)",4-文献综述,Review-based,4-文献综述总结,Review-based support,2-抑制AMR,Suppressing AMR,4-未明确,Conceptual or unclear,2-自然环境,Natural environment,2026-01-08
EVID_055-M5,55,5,"Kou et al., 2025",Panel data analysis of the effect of ambient temperature on antimicrobial resistance in China,Discussion-p.5-para.2,4-Discussion理论推测,Discussion theoretical interpretation,1-直接生物学效应,Direct biological mechanisms,1h-其他直接生物学,1h-其他直接生物学-应激与交叉耐受,温度-极端高温,bacteria (general),耐药率上升,热暴露 → 诱导应激反应与交叉耐受（cross-tolerance）→ 促进耐药性形成/增强 → 耐药率上升,"Laboratory evidence suggests that heat exposure can stimulate bacteria to develop AMR through a process of cross-tolerance6,41. (p.5)",4-文献综述,Review-based,4-文献综述总结,Review-based support,1-促进AMR,Promoting AMR,1-实验瞬时,Experimental/short-term,1-实验室/体外,Laboratory/in vitro,2026-01-08
EVID_055-M6,55,6,"Kou et al., 2025",Panel data analysis of the effect of ambient temperature on antimicrobial resistance in China,Discussion-p.5-para.2,4-Discussion理论推测,Discussion theoretical interpretation,1-直接生物学效应,Direct biological mechanisms,1h-其他直接生物学,1a-生长代谢；1c-水平基因转移,其他-季节性,resistant strains (general),耐药基因丰度增加,温度/季节性变化 → 影响耐药菌环境增殖与水平基因转移（HGT）→ 耐药基因传播增强 → 耐药基因丰度增加,"It has also been suggested that temperature or seasonality may influence the environmental growth of resistant strains and horizontal gene transfer43,44. (p.5)",4-文献综述,Review-based,4-文献综述总结,Review-based support,1-促进AMR,Promoting AMR,4-未明确,Conceptual or unclear,2-自然环境,Natural environment,2026-01-08
EVID_055-M7,55,7,"Kou et al., 2025",Panel data analysis of the effect of ambient temperature on antimicrobial resistance in China,Discussion-p.5-para.3,4-Discussion理论推测,Discussion theoretical interpretation,1-直接生物学效应,Direct biological mechanisms,1b-突变率,1b-突变率,温度-年均温升高,bacteria (general),适应性改变,升温 → 降低耐药突变适应性成本、利于耐药表型在无抗生素时维持 → AMR持续存在（适应性改变）,Higher temperatures can reduce the fitness cost of mutations while maintaining their resistance to antibiotics after removal. (p.5),4-文献综述,Review-based,4-文献综述总结,Review-based support,1-促进AMR,Promoting AMR,4-未明确,Conceptual or unclear,1-实验室/体外,Laboratory/in vitro,2026-01-08
EVID_055-M8,55,8,"Kou et al., 2025",Panel data analysis of the effect of ambient temperature on antimicrobial resistance in China,Discussion-p.5-para.3,3-Discussion数据解释,Discussion interpretation,2-环境介导,Environment-mediated pathways,2f-其他环境介导,可删除,温度-季节平均温度变化,CRKP,耐药菌分离率上升,环境温度长期变化累积（4年累积效应）→ 对CRKP耐药流行产生显著滞后影响 → 耐药菌分离率上升,"We found a cumulative effect of ambient temperature on AMR, showing that the four-year sum effect of average ambient temperature change had a significant effect on CRKP. (p.5)",2-观察性数据,Observational,2-间接数据支持,Indirect empirical support,1-促进AMR,Promoting AMR,2-观察累积,Observational cumulative/seasonal,4-宿主体内,Within host / clinical,2026-01-08
EVID_056-M1,56,1,Li (2025),Changing climate and socioeconomic factors contribute to global antimicrobial resistance,Results-p.2-para.8,1-Results实验数据,Results,2-环境介导,Environment-mediated pathways,2f-其他环境介导,可删除,其他-PM2.5,Bacterial AMR,流行率上升,PM2.5浓度增加(0年滞后) → 统计学关联显示平均AMR流行率上升 (OR=1.02),"""Average AMR prevalence was correlated positively with air pollutant fine particulate matter (PM2.5) (0-year lag) (odds ratio (OR) = 1.02; 95% CI, 1.01–1.04)..."" (p.2, para.8) 1",2-观察性数据,Observational,2-间接数据支持,Indirect empirical support,1-促进AMR,Promoting AMR,2-观察累积,Observational cumulative/seasonal,2-自然环境,Natural environment,2025-12-12
EVID_056-M2,56,2,Li (2025),Changing climate and socioeconomic factors contribute to global antimicrobial resistance,Results-p.2-para.8,1-Results实验数据,Results,2-环境介导,Environment-mediated pathways,2d-水土理化性质,2d-水土理化性质,降水-年降雨量增加,Bacterial AMR,流行率上升,地表径流(Surface Runoff)增加(2年滞后) → 统计学关联显示平均AMR流行率上升 (OR=1.22),"""...surface runoff (100 mm) (2-year lag) (OR = 1.22; 95% CI, 1.05–1.40)..."" (p.2, para.8) 2",2-观察性数据,Observational,2-间接数据支持,Indirect empirical support,1-促进AMR,Promoting AMR,2-观察累积,Observational cumulative/seasonal,2-自然环境,Natural environment,2025-12-12
EVID_056-M3,56,3,Li (2025),Changing climate and socioeconomic factors contribute to global antimicrobial resistance,Results-p.2-para.8,1-Results实验数据,Results,2-环境介导,Environment-mediated pathways,2d-水土理化性质,2d-水土理化性质,降水-年降雨量增加,Bacterial AMR,流行率下降,地下径流(Subsurface Runoff)增加(2年滞后) → 统计学关联显示平均AMR流行率下降 (OR=0.84),"""...negatively with subsurface runoff (100 mm) (2-year lag) (OR = 0.84; 95% CI, 0.76–0.93)..."" (p.2, para.8) 3",2-观察性数据,Observational,2-间接数据支持,Indirect empirical support,2-抑制AMR,Suppressing AMR,2-观察累积,Observational cumulative/seasonal,2-自然环境,Natural environment,2025-12-12
EVID_056-M4,56,4,Li (2025),Changing climate and socioeconomic factors contribute to global antimicrobial resistance,Results-p.2-para.8,1-Results实验数据,Results,1-直接生物学效应,Direct biological mechanisms,1h-其他直接生物学,可删除,温度-年均温升高,A. baumannii,流行率上升,气温变化(Temperature change)升高(3年滞后) → 统计学关联显示CRAB流行率上升 (OR=1.23),"""...the prevalence of CRAB (3-year lag) was associated positively with temperature change (°C) (OR = 1.23; 95% CI, 1.06–1.43)..."" (p.2, para.8) 4",2-观察性数据,Observational,2-间接数据支持,Indirect empirical support,1-促进AMR,Promoting AMR,2-观察累积,Observational cumulative/seasonal,2-自然环境,Natural environment,2025-12-12
EVID_056-M5,56,5,Li (2025),Changing climate and socioeconomic factors contribute to global antimicrobial resistance,Discussion-p.6-para.2,3-Discussion数据解释,Discussion interpretation,1-直接生物学效应,Direct biological mechanisms,1f-基因表达,1f-基因表达,温度-年均温升高,A. baumannii,耐药基因表达上调,"低温/温度变化 → 鲍曼不动杆菌耐药基因(adeJ, oxa-51, oxa-23)上调 → 美罗培南应激耐受性增强","""For instance, in A. baumannii, low temperatures upregulate resistance genes (for example, adeJ, oxa-51 and oxa-23) and enhance meropenem stress tolerance..."" (p.6, para.2) 5",4-文献综述,Review-based,4-文献综述总结,Review-based support,1-促进AMR,Promoting AMR,1-实验瞬时,Experimental/short-term,1-实验室/体外,Laboratory/in vitro,2025-12-12
EVID_056-M6,56,6,Li (2025),Changing climate and socioeconomic factors contribute to global antimicrobial resistance,Discussion-p.6-para.2,3-Discussion数据解释,Discussion interpretation,1-直接生物学效应,Direct biological mechanisms,1f-基因表达,1h-其他直接生物学-膜通透性,温度-年均温升高,P. aeruginosa,耐药性降低(机制反向),"高温 → 铜绿假单胞菌基因(PA3242, PA0011)失活 → 外膜不稳定 → 碳青霉烯敏感性增加","""...whereas in P. aeruginosa, elevated temperatures inactivate genes such as PA3242 and PA0011, leading to outer membrane destabilization and increased carbapenem susceptibility."" (p.6, para.2) 6",4-文献综述,Review-based,4-文献综述总结,Review-based support,2-抑制AMR,Suppressing AMR,1-实验瞬时,Experimental/short-term,1-实验室/体外,Laboratory/in vitro,2025-12-12
EVID_056-M7,56,7,Li (2025),Changing climate and socioeconomic factors contribute to global antimicrobial resistance,Discussion-p.6-para.3,4-Discussion理论推测,Discussion theoretical interpretation,1-直接生物学效应,Direct biological mechanisms,1a-生长代谢,1a-生长代谢,温度-年均温升高,Bacterial AMR,适应度代价降低,持续变暖 → 降低耐药突变的适应度代价(fitness cost) → 使耐药菌群在无进化权衡的情况下持久存在,"""Of particular concern is the potential for sustained warming to reduce the fitness cost associated with resistance mutations, thereby enabling resistant bacterial populations to persist without evolutionary trade-offs."" (p.6, para.3) 7",5-理论推测,Theoretical/projection,3-理论推测,Theoretical support,1-促进AMR,Promoting AMR,3-模型/演化,Model/evolutionary,2-自然环境,Natural environment,2025-12-12
EVID_056-M8,56,8,Li (2025),Changing climate and socioeconomic factors contribute to global antimicrobial resistance,Discussion-p.6-para.4,4-Discussion理论推测,Discussion theoretical interpretation,2-环境介导,Environment-mediated pathways,2f-其他环境介导,2f-其他环境介导-气溶胶,其他-PM2.5,Bacterial AMR,传播增加,PM2.5颗粒 → 作为耐药细菌或遗传物质的载体(Vector) → 促进环境储存库与人类宿主之间的传播,"""First, PM2.5 particles can serve as vectors for drug-resistant bacteria or genetic material, thereby facilitating their transmission between environmental reservoirs and human hosts."" (p.6, para.4) 8",4-文献综述,Review-based,4-文献综述总结,Review-based support,1-促进AMR,Promoting AMR,2-观察累积,Observational cumulative/seasonal,2-自然环境,Natural environment,2025-12-12
EVID_056-M9,56,9,Li (2025),Changing climate and socioeconomic factors contribute to global antimicrobial resistance,Discussion-p.6-para.4,4-Discussion理论推测,Discussion theoretical interpretation,3-生态社会介导,Socio-ecological mediation,3a-疾病负担,3b-人用抗生素（感染增加）,其他-PM2.5,Bacterial AMR,抗生素使用增加,PM2.5暴露 → 加剧呼吸道疾病状况 → 增加抗生素治疗需求 → 间接促进AMR发展,"""Second, PM2.5 exposure may indirectly promote AMR development by exacerbating respiratory conditions, consequently increasing the demand for antibiotic treatments."" (p.6, para.4) 9",4-文献综述,Review-based,4-文献综述总结,Review-based support,1-促进AMR,Promoting AMR,2-观察累积,Observational cumulative/seasonal,3-人造环境,Built or engineered environment,2025-12-12
EVID_056-M10,56,10,Li (2025),Changing climate and socioeconomic factors contribute to global antimicrobial resistance,Discussion-p.9-para.2,4-Discussion理论推测,Discussion theoretical interpretation,3-生态社会介导,Socio-ecological mediation,2c-基础设施破坏,3d-2-基础设施与卫生系统,极端事件-洪水,Bacterial AMR,传播增加,强降雨和洪水 → 破坏脆弱的卫生基础设施 → 污水溢出/无法有效预防感染 → 增加AMR传播风险,"""Extreme weather events, such as heavy rain_x0002_fall and floods, critically challenge AMR prevention efforts in LMICs. 
These events not only increase the risk of AMR spread but also threaten 
to destabilize already vulnerable health infrastructure, complicating 
antimicrobial stewardship and infection prevention efforts63..."" (p.9, para.2)",5-理论推测,Theoretical/projection,3-理论推测,Theoretical support,1-促进AMR,Promoting AMR,2-观察累积,Observational cumulative/seasonal,3-人造环境,Built or engineered environment,2025-12-12
EVID_056-M11,56,11,Li (2025),Changing climate and socioeconomic factors contribute to global antimicrobial resistance,Discussion-p.9-para.2,4-Discussion理论推测,Discussion theoretical interpretation,2-环境介导,Environment-mediated pathways,2e-动物生态,2e-动物生态,综合-气候情景,Bacterial AMR,人畜共患病增加,气候变化结合人类活动 → 改变动物栖息地和自然微生物生态系统 → 增加人畜共患病和媒介传播疾病的可能性,"""Further_x0002_more, climate change, in combination with human activities, is altering 
animal habitats and natural microbial ecosystems, which increases the 
likelihood of zoonotic and vector-borne diseases11,12."" (p.9, para.2)",5-理论推测,Theoretical/projection,3-理论推测,Theoretical support,1-促进AMR,Promoting AMR,3-模型/演化,Model/evolutionary,2-自然环境,Natural environment,2025-12-12
EVID_058-M1,58,1,"Rizvi et al., 2025","Klebsiella pneumoniae urinary tract infections: Antimicrobial susceptibility, climatic variables, and socio-economic factors in a multicentric study in India",Results-p.4-para.2,1-Results实验数据,Results,2-环境介导,Environment-mediated pathways,2f-其他环境介导,可删除,湿度-升高/极端高温、低温,Klebsiella pneumoniae,耐药率上升,湿度升高/低温水平变化/高温水平变化 → K. pneumoniae 抗菌药物敏感性比例显著变化（Fig.3）→ 敏感性↑则耐药水平下降（AMR被抑制）,"Humidity, and low and high temperatures (P <0.05) had statistically significant effects on the proportion of susceptible K. pneumoniae as shown in Figure 3. (p.3)",2-观察性数据,Observational,2-间接数据支持,Indirect empirical support,2-抑制AMR,Suppressing AMR,2-观察累积,Observational cumulative/seasonal,4-宿主体内,Within host / clinical,2026-01-08
EVID_058-M2,58,2,"Rizvi et al., 2025","Klebsiella pneumoniae urinary tract infections: Antimicrobial susceptibility, climatic variables, and socio-economic factors in a multicentric study in India",Discussion-p.4-para.2,2-Results+Discussion整合,Results and discussion integration,3-生态社会介导,Socio-ecological mediation,3d-医疗系统压力,3g-其他社会介导-社会经济脆弱性,气温上升（季风季节）,未明确,多重耐药,亚热带气候，3月至7月气温上升，随后3个月出现强季风→社会经济条件差（医疗保健水平差）→加剧了多药耐药问题[14]。,"This region is characterized by a semi-tropical climate, with temperatures increas-
ing from March to July, followed by heavy monsoons over the next 3
months. The low standard of living among large swathes of the popu-
lation, with concomitant poor access to health care, and substandard
or spurious drugs exacerbate the problem of multidrug resistance [ 14 ].",5-理论推测,Theoretical/projection,3-理论推测,Theoretical support,1-促进AMR,Promoting AMR,4-未明确,Conceptual or unclear,5-未明确,Mixed or unspecified,2026-01-08
EVID_059-M1,59,1,"Wang et al., 2025",A global atlas and drivers of antimicrobial resistance in Salmonella during 1900-2023,Introduction-p.2-para.4,6-综述整合,Review synthesis,3-生态社会介导,Socio-ecological mediation,3g-其他社会介导,可删除,温度-季节平均温度变化,Klebsiella pneumoniae; Staphylococcus aureus; Escherichia coli,耐药率上升,温度升高→（与临床细菌耐药率升高正相关）→耐药率上升,"The growing population and climate change (temperature) were positive to the increase of the AMR rate of Klebsiella pneumoniae, Staphylococcus aureus, and Escherichia coli were observed in 28 European countries33 and the USA34. (p.2)",4-文献综述,Review-based,4-文献综述总结,Review-based support,1-促进AMR,Promoting AMR,4-未明确,Conceptual or unclear,4-宿主体内,Within host / clinical,2026-01-08
EVID_059-M2,59,2,"Wang et al., 2025",A global atlas and drivers of antimicrobial resistance in Salmonella during 1900-2023,Discussion-p.13-para.2,3-Discussion数据解释,Discussion interpretation,3-生态社会介导,Socio-ecological mediation,3g-其他社会介导,可删除,温度-季节平均温度变化;降水-年降雨量增加,Salmonella spp.,耐药率上升,升温/降水增加→间接促进Salmonella耐药水平→耐药率上升,"In our previous study, we found that higher temperature, precipitation, GDP, gross output of meat, and population can indirectly promote the AMR levels in Salmonella in China13, and had not been extrapolated to a global scale. (p.13)",4-文献综述,Review-based,4-文献综述总结,Review-based support,1-促进AMR,Promoting AMR,4-未明确,Conceptual or unclear,5-未明确,Mixed or unspecified,2026-01-08
EVID_059-M3,59,3,"Wang et al., 2025",A global atlas and drivers of antimicrobial resistance in Salmonella during 1900-2023,Discussion-p.13-para.2,2-Results+Discussion整合,Results and discussion integration,3-生态社会介导,Socio-ecological mediation,3g-其他社会介导,可删除,温度-季节平均温度变化,Salmonella spp.（水生动物相关）,耐药率上升,温度升高→水生动物AMR水平升高（正相关）→耐药率上升,"We found that higher AMR levels in aquatic animals were positive with warmer temperatures, which is the relationship that has also been observed in aquaculture and clinical bacteria worldwide34,54. (p.13)",2-观察性数据,Observational,2-间接数据支持,Indirect empirical support,1-促进AMR,Promoting AMR,2-观察累积,Observational cumulative/seasonal,4-宿主体内,Within host / clinical,2026-01-08
EVID_060-M1,60,1,"Zhang et al., 2025","From glacier forelands to human settlements: Patterns, environmental drivers, and risks of antibiotic resistance genes",Introduction-p.2-para.1,7-其他,Other,2-环境介导,Environment-mediated pathways,2f-其他环境介导,可删除,综合-多因子,环境微生物/土壤ARGs,耐药基因丰度增加,气候变化→自然存在ARG被动员/转化/放大→耐药基因丰度增加,"However, increasing evidence also shows that human activity and climate change are accelerating the mobilization, transformation, and amplification of these naturally present ARGs [16,17]. (p.2)",4-文献综述,Review-based,4-文献综述总结,Review-based support,1-促进AMR,Promoting AMR,4-未明确,Conceptual or unclear,2-自然环境,Natural environment,2026-01-08
EVID_060-M2,60,2,"Zhang et al., 2025","From glacier forelands to human settlements: Patterns, environmental drivers, and risks of antibiotic resistance genes",Introduction-p.2-para.1,7-其他,Other,2-环境介导,Environment-mediated pathways,2f-其他环境介导,2f-其他环境介导--冰川/冻土融化,极端事件-永冻土融化;其他-请在备注说明,环境微生物/土壤-水体ARGs,耐药基因丰度增加,永冻土融化/冰川融化→释放被封存ARG到土壤与水体→耐药基因丰度增加,"Climate-induced glacier melting and permafrost thawing may release previously trapped ARGs into surrounding soils and waterways [12,18]. (p.2)",4-文献综述,Review-based,4-文献综述总结,Review-based support,1-促进AMR,Promoting AMR,4-未明确,Conceptual or unclear,2-自然环境,Natural environment,2026-01-08
EVID_060-M3,60,3,"Zhang et al., 2025","From glacier forelands to human settlements: Patterns, environmental drivers, and risks of antibiotic resistance genes",Discussion-p.8-para.1,4-Discussion理论推测,Discussion theoretical interpretation,2-环境介导,Environment-mediated pathways,2f-其他环境介导,2f-其他环境介导-气溶胶,降水-频率改变,环境微生物/土壤ARGs,耐药基因丰度增加,降雨→促进ARG从空气沉降至土壤并在土壤内迁移→耐药基因丰度增加,"Specifically, rainfall can facilitate the transfer of ARGs from the air to the soil [50] and promote their migration within the soil [20]. (p.8)",4-文献综述,Review-based,4-文献综述总结,Review-based support,1-促进AMR,Promoting AMR,4-未明确,Conceptual or unclear,2-自然环境,Natural environment,2026-01-08
EVID_060-M4,60,4,"Zhang et al., 2025","From glacier forelands to human settlements: Patterns, environmental drivers, and risks of antibiotic resistance genes",Discussion-p.8-para.1,4-Discussion理论推测,Discussion theoretical interpretation,2-环境介导,Environment-mediated pathways,2b-抗生素残留,2b-抗生素残留,温度-季节平均温度变化;湿度-升高,环境微生物/土壤ARGs,耐药基因丰度增加,升温/增湿→加快抗生素残留与ARG降解→耐药基因丰度下降（抑制）,"Temperature influences bacterial communities and can alter ARG abundance, as the degradation rate of antibiotic residues and ARGs increases with rising temperature and humidity [51]. Therefore, higher temperatures may lead to a decrease in the abundance of ARGs [52,53].(p.8)",4-文献综述,Review-based,4-文献综述总结,Review-based support,2-抑制AMR,Suppressing AMR,4-未明确,Conceptual or unclear,2-自然环境,Natural environment,2026-01-08
EVID_060-M5,60,5,"Zhang et al., 2025","From glacier forelands to human settlements: Patterns, environmental drivers, and risks of antibiotic resistance genes",Discussion-p.8-para.1,4-Discussion理论推测,Discussion theoretical interpretation,1-直接生物学效应,Direct biological mechanisms,1h-其他直接生物学,1-不确定（适应性进化）,温度-季节平均温度变化,环境微生物/土壤微生物群落,耐药率上升,温度降低等环境变化→诱导微生物表型/基因型适应→耐药水平上升,"These environmental changes induce microorganisms to adapt through both phenotypic and genotypic mechanisms [54], thereby enhancing microbial resistance mechanisms. (p.8)",4-文献综述,Review-based,4-文献综述总结,Review-based support,1-促进AMR,Promoting AMR,4-未明确,Conceptual or unclear,2-自然环境,Natural environment,2026-01-08
EVID_061-M1,61,1,Zhou (2025),Factors associated with clinical antimicrobial resistance in China: a nationwide analysis,Discussion-p.12-para.2,3-Discussion数据解释,Discussion interpretation,2-环境介导,Environment-mediated pathways,2f-其他环境介导,可删除,温度-年均温升高,Bacterial AMR,耐药率上升,环境/年均温度升高 → 多项生态学研究观察到温度与部分细菌AMR呈统计学正相关并随温度增加 → 临床耐药率上升,"Several previous studies reported that ambient temperature appeared to be positively associated with AMR of some bacteria [55, 56] and that precipitation was negatively associated with AMR [9]. (p.12)",4-文献综述,Review-based,4-文献综述总结,Review-based support,1-促进AMR,Promoting AMR,2-观察累积,Observational cumulative/seasonal,4-宿主体内,Within host / clinical,2026-01-09
EVID_062-M1,62,1,Zhao (2024),Nonlinear impacts of temperature on antibiotic resistance in Escherichia coli,Results-p.3-para.2,1-Results实验数据,Results,1-直接生物学效应,Direct biological mechanisms,1b-突变率,1b-突变率,温度-年均温升高,E.coli,突变率改变,温度升高/抗生素暴露(27°C和42°C) → 细胞内活性氧(ROS)水平升高 → 诱导氧化应激反应 → 细菌全基因组突变率显著增加 → 促进耐药性进化,"Furthermore, the biofilm formation ability of the evolved E. coli was generally enhanced (Fig. 1j), and the intracellular ROS levels and mutation rates increased, contributing to the development of resistance (Fig. 1k and 1).",1-实验室测量,Experimental,1-直接实验验证,Direct empirical support,1-促进AMR,Promoting AMR,1-实验瞬时,Experimental/short-term,1-实验室/体外,Laboratory/in vitro,2025-12-12
EVID_062-M2,62,2,Zhao (2024),Nonlinear impacts of temperature on antibiotic resistance in Escherichia coli,Results-p.4-para.1,1-Results实验数据,Results,1-直接生物学效应,Direct biological mechanisms,1f-基因表达,1f-基因表达,温度-年均温升高,E.coli,耐药基因表达上调,"高温(37°C和42°C) → 热休克基因(ibpB)及全局转录调控因子(marA, rpoS, ygfA)表达显著上调 → 激活多重耐药外排泵系统 → 增强细菌对抗生素的耐受性","The proportion of upregulated genes increased significantly
as the temperature rose to 37 and 42 ! C (Fig. 2b), and some genes,
such as the heat shock gene ibpB, were upregulated almost a
thousandfold.
The upregulation of efflux pumps and global tran_x0002_scriptional regulators (marA, rpoS, and ygfA) was beneficial for E. coli in conferring multiple resistance and adaptability.",1-实验室测量,Experimental,1-直接实验验证,Direct empirical support,1-促进AMR,Promoting AMR,1-实验瞬时,Experimental/short-term,1-实验室/体外,Laboratory/in vitro,2025-12-12
EVID_062-M3,62,3,Zhao (2024),Nonlinear impacts of temperature on antibiotic resistance in Escherichia coli,Results-p.3-para.2,1-Results实验数据,Results,1-直接生物学效应,Direct biological mechanisms,1g-生物膜,1g-生物膜,温度-年均温升高,E.coli,生物膜形成增强,温度与抗生素联合胁迫 → 刺激细菌生物膜形成能力普遍增强(Biofilm formation) → 提供物理保护屏障 → 促进耐药性发展," Furthermore, the biofilm formation ability of the evolved E. coli was generally enhanced (Fig. 1j), and the intracellular ROS levels and mutation rates increased, contributing to the development of resistance (Fig. 1k and 1).",1-实验室测量,Experimental,1-直接实验验证,Direct empirical support,1-促进AMR,Promoting AMR,1-实验瞬时,Experimental/short-term,1-实验室/体外,Laboratory/in vitro,2025-12-12
EVID_062-M4,62,4,Zhao (2024),Nonlinear impacts of temperature on antibiotic resistance in Escherichia coli,Results-p.2-para.3; Results-p.5-para.2,2-Results+Discussion整合,Results and discussion integration,1-直接生物学效应,Direct biological mechanisms,1b-突变率,1b-突变率,温度-年均温升高,E.coli,MIC值升高,27°C环境条件 → 诱导细菌产生特定的GyrA基因突变 → 导致GyrA蛋白与抗生素(加替沙星)的结合能从-35.209 kcal/mol显著降低 → 药物亲和力下降 → MIC值升高256倍(达到最高耐药水平),"1）Gatifloxacin resistance was the highest at 27 ! C, with a 256-fold
increase, and the lowest at 42 ! C, with an eight-fold increase.
Resistance to antibiotics other than gatifloxacin was also induced at
W. Zhao, S. Zheng, C. Ye et al. Environmental Science and Ecotechnology 22 (2024) 100475
2 various temperatures (Fig. 1a)
2） Compared to the binding energy of "" 35.209 kcal mol"" 1 in the wild
type, the evolved strains in each treatment showed varying degrees
of reduced binding energy, with the most significant reduction
observed in 27-G. ",3-模型模拟,Model-based,1-直接实验验证,Direct empirical support,1-促进AMR,Promoting AMR,1-实验瞬时,Experimental/short-term,1-实验室/体外,Laboratory/in vitro,2025-12-12
EVID_062-M5,62,5,Zhao (2024),Nonlinear impacts of temperature on antibiotic resistance in Escherichia coli,Discussion-p.4-para.3,2-Results+Discussion整合,Results and discussion integration,1-直接生物学效应,Direct biological mechanisms,1a-生长代谢,1a-生长代谢,温度-年均温升高,E.coli,适应性改变,42°C高温胁迫 → 驱动细菌发生补偿性突变(compensatory mutation) → 降低耐药性带来的适应性代价(fitness cost) → 维持细菌在无抗生素环境下的竞争能力 → 促进耐药性的遗传和持久性,"Except for 27-G, which was exposed to gatifloxacin, and 42-A, which was exposed to ampicillin, E. coli showed significant fitness costs (Fig. le and f). The two exceptions above are consistent with the results of the resistance heritable test (Fig. 1b). The mechanism may be that stepwise mutation and compensatory mutation at the evolutionary temperature reduce fitness costs.",1-实验室测量,Experimental,3-理论推测,Theoretical support,1-促进AMR,Promoting AMR,1-实验瞬时,Experimental/short-term,1-实验室/体外,Laboratory/in vitro,2025-12-12
EVID_063-M1,63,1,Zhao (2025),High temperatures promote antibiotic resistance genes conjugative transfer under residual chlorine: Mechanisms and risks,Results-p.3-3.1-para.1,1-Results实验数据,Results,1-直接生物学效应,Direct biological mechanisms,1c-HGT质粒接合,1c-水平基因转移（接合）,温度-极端高温,E.coli,HGT频率增加,温度升高(至37–42°C) → 残余氯条件下质粒接合转移频率显著提高(37°C最明显) → HGT频率增加,".Our findings indicated that higher temperatures enhanced conjugative transfer frequency under residual chlorine, with the most significant increase occurring at 37◦C, which persisted up to 42◦C (Fig. 1). Treatment with 0.3 mg/L chlorine peaked the
temperature-induced promotion at 37◦C, with a 4.80-fold increase compared to 17◦C (Fig. 1c).. (p.3)",1-实验室测量,Experimental,1-直接实验验证,Direct empirical support,1-促进AMR,Promoting AMR,1-实验瞬时,Experimental/short-term,1-实验室/体外,Laboratory/in vitro,2026-01-09
EVID_063-M2,63,2,Zhao (2025),High temperatures promote antibiotic resistance genes conjugative transfer under residual chlorine: Mechanisms and risks,Results-p.4-3.2-para.2,1-Results实验数据,Results,1-直接生物学效应,Direct biological mechanisms,1c-HGT质粒接合,1c-水平基因转移（接合）,温度-极端高温,E.coli,HGT频率增加,温度升高 → 细胞ATP含量升高(37°C最高，较17°C高3.60–20.75倍) → 为质粒接合提供能量并与转移频率升高一致 → HGT频率增加,"As shown in Fig. 2a, ATP content increased with rising temperatures, peaking at 37◦C, which was 3.60 to 20.75 times higher than at 17◦C. At the same temperature,
different chlorine doses had no significant effect on ATP content (p = 0.96). Similarly, RT-qPCR indicated that the expression levels of genes related to ATP production were highest at 37◦C (Fig. 2a). We found that the increased conjugative transfer frequency under high
temperatures and residual chlorine aligns with the changes in ATP content, with 37◦C being closer to the optimal temperature for ATP production [43]. (p.4)",1-实验室测量,Experimental,1-直接实验验证,Direct empirical support,1-促进AMR,Promoting AMR,1-实验瞬时,Experimental/short-term,1-实验室/体外,Laboratory/in vitro,2026-01-09
EVID_063-M3,63,3,Zhao (2025),High temperatures promote antibiotic resistance genes conjugative transfer under residual chlorine: Mechanisms and risks,Results-p.6-3.3-para.1,1-Results实验数据,Results,1-直接生物学效应,Direct biological mechanisms,1c-HGT质粒接合,1c-水平基因转移（接合）,温度-极端高温,E.coli,HGT频率增加,温度升高 → 残余氯条件下ROS水平升高(较17°C高1.16–3.89倍) → 诱导应激/调控通路促进质粒接合传播 → HGT频率增加,"The results showed that compared to 17◦C, ROS levels increased at other temperatures, ranging from 1.16 to 3.89 times higher. (p.6)",1-实验室测量,Experimental,1-直接实验验证,Direct empirical support,1-促进AMR,Promoting AMR,1-实验瞬时,Experimental/short-term,1-实验室/体外,Laboratory/in vitro,2026-01-09
EVID_063-M4,63,4,Zhao (2025),High temperatures promote antibiotic resistance genes conjugative transfer under residual chlorine: Mechanisms and risks,Results-p.7-3.3-para.1,3-Discussion数据解释,Discussion interpretation,1-直接生物学效应,Direct biological mechanisms,1c-HGT质粒接合,1f-基因表达；1c-水平基因转移（接合）,温度-极端高温,E.coli,HGT频率增加,温度升高(通过ROS等应激) → 激活SOS反应并解除接合抑制/促进质粒转移相关基因表达 → 质粒接合传播增强 → HGT频率增加,The SOS response protects cells primarily by disrupting DNA that encodes conjugation transfer inhibitors and promoting the expression of genes required for plasmid transfer [19]. (p.7),1-实验室测量,Experimental,2-间接数据支持,Indirect empirical support,1-促进AMR,Promoting AMR,1-实验瞬时,Experimental/short-term,1-实验室/体外,Laboratory/in vitro,2026-01-09
EVID_063-M5,63,5,Zhao (2025),High temperatures promote antibiotic resistance genes conjugative transfer under residual chlorine: Mechanisms and risks,Results-p.8-3.4-para.1,1-Results实验数据,Results,1-直接生物学效应,Direct biological mechanisms,1c-HGT质粒接合,1f-基因表达；1c-水平基因转移（接合）,温度-极端高温,E.coli,HGT频率增加,温度升高 → 接合转移相关基因(Dtr/Mpf等)表达上调(37°C显著高于17°C) → 促进质粒转移装置构建/接合过程 → HGT频率增加,"As shown in Fig. 4, the expression of these genes increased with higher temperatures, significantly at 37◦C compared to 17◦C (p < 0.01), consistent with the observed changes in conjugative transfer frequency (Fig. 1). Under residual chlorine, higher temperatures were more favorable for cellular response, plasmid transfer system construction,
and intercellular channel formation, which enhanced conjugative
transfer frequency.(p.8)",1-实验室测量,Experimental,1-直接实验验证,Direct empirical support,1-促进AMR,Promoting AMR,1-实验瞬时,Experimental/short-term,1-实验室/体外,Laboratory/in vitro,2026-01-09
EVID_064-M1,64,1,Wang (2016),"Pleiotropic effects of temperature-regulated 2-OH-lauroytransferase (PA0011) on Pseudomonas aeruginosa antibiotic resistance, virulence and type III secretion system",Results-p.8-3.2para.3,1-Results实验数据,Results,1-直接生物学效应,Direct biological mechanisms,1f-基因表达,1f-基因表达,温度-季节平均温度变化,Pseudomonas aeruginosa,耐药基因表达上调,温度降低(21°C vs 37°C)→与耐药相关的调控基因PA0011转录/表达上调→增强外膜/LPS相关适应→提高抗生素耐受/耐药潜力,"The above results indicated that the expression of PA0011 is temperature regulated which is higher at 21 !C than at 37 !C. PA0011 plays an important role on the resistance to the most antibiotics in a temperature dependent pattern in PAO1 except for rifampicin. There would be other gene(s) involved in rifampicin resistance which need further investigated.
B. Wang et al. / Microbial Pathogenesis 91 (2016) 5e178. (p.8)",1-实验数据,Experimental,1-直接实验验证,Direct empirical support,1-促进AMR,Promoting AMR,1-实验/瞬时,Experimental/short-term,1-实验室/体外,Laboratory/in vitro,2026-01-09
EVID_064-M2,64,2,Wang (2016),"Pleiotropic effects of temperature-regulated 2-OH-lauroytransferase (PA0011) on Pseudomonas aeruginosa antibiotic resistance, virulence and type III secretion system",Discussion-p.10-para.2,3-Discussion数据解释,Discussion interpretation,1-直接生物学效应,Direct biological mechanisms,1h-其他直接生物学,1h-其他直接生物学-膜通透性,温度-季节平均温度变化,Pseudomonas aeruginosa,MIC值降低,温度降低(21°C)→外膜稳定性下降/通透性改变(在PA0011失活背景下更明显)→碳青霉烯更易进入细胞→易感性增加→耐药性降低,The out membrane of PAO1(D0011) showed less stable at 21 !C (Fig. 3B) than that at 37 !C (Fig. 3A). Thus PAO1(D0011) was more susceptible to the three carbapenems at 21 !C than those at 37 !C. (p.13),1-实验数据,Experimental,1-直接实验验证,Direct empirical support,2-抑制AMR,Suppressing AMR,1-实验/瞬时,Experimental/short-term,1-实验室/体外,Laboratory/in vitro,2026-01-09
EVID_065-M1,65,1,Van Eldijk (2024),Temperature dependence of the mutation rate towards antibiotic resistance,Results-p.2-para.1,1-Results实验数据,Results,1-直接生物学效应,Direct biological mechanisms,1b-突变率,1b-突变率,温度-极端高温,Escherichia coli,突变率改变,温度升高(40°C发热)→耐药突变率上升(环丙沙星/利福平)→耐药突变体出现更快/更易发生→耐药性增强,"As shown in Figure 1, the mutation rate depended on temperature, yet the direction of this dependency differed between antibiotics. The mutation rate towards ciprofloxacin and rifampicin resistance was higher at 40°C than at 37°C. In contrast, the mutation rate towards ampicillin resistance was higher at 37°C thanat 40°C. T. (p.2)",1-实验数据,Experimental,1-直接实验验证,Direct empirical support,1-促进AMR,Promoting AMR,1-实验/瞬时,Experimental/short-term,1-实验室/体外,Laboratory/in vitro,2026-01-09
EVID_065-M2,65,2,Van Eldijk (2024),Temperature dependence of the mutation rate towards antibiotic resistance,Results-p.2-para.1,1-Results实验数据,Results,1-直接生物学效应,Direct biological mechanisms,1b-突变率,1b-突变率,温度-极端高温,Escherichia coli,突变率改变,温度升高(40°C发热)→氨苄青霉素耐药突变率下降→耐药突变体出现更少→耐药性降低/更难演化,"In contrast, the mutation rate towards ampicillin resistance was higher at 37°C than at 40°C. (p.2)",1-实验数据,Experimental,1-直接实验验证,Direct empirical support,2-抑制AMR,Suppressing AMR,1-实验/瞬时,Experimental/short-term,1-实验室/体外,Laboratory/in vitro,2026-01-09
EVID_065-M3,65,3,Van Eldijk (2024),Temperature dependence of the mutation rate towards antibiotic resistance,Discussion-p.3-para.1,4-Discussion理论推测,Discussion theoretical interpretation,1-直接生物学效应,Direct biological mechanisms,1h-其他直接生物学,1h-其他直接生物学-膜通透性,温度-极端高温,Escherichia coli,突变率改变,温度升高(发热)→膜通透性增加+β-内酰胺诱导细胞壁损伤协同→氨苄青霉素效力增强→部分耐药相关突变在高温下不再赋予耐药表型→耐药突变体出现率下降,"They hypothesized that this may be due to a synergistic effect between antibiotic-induced
cell wall damage and the increased membrane permeability that occurs at higher temperatures. Regardless of the exact mechanism of temperature dependence, our experiments demonstrate that the rate of appearance of mutants resistant
to ampicillin is temperature dependent, possibly due to the temperature-dependent efficacy of the antibiotic. Therefore, all else being equal, ampicillin resistance is less likely to evolve under fever temperatures. (p.3)",3-理论推测,Theoretical/projection,3-理论推测,Theoretical support,2-抑制AMR,Suppressing AMR,1-实验/瞬时,Experimental/short-term,1-实验室/体外,Laboratory/in vitro,2026-01-09
EVID_066-M1,66,1,Stokes et al. (2016),Cold Stress Makes Escherichia coli Susceptible to Glycopeptide Antibiotics by Altering Outer Membrane Integrity,Introduction-p3-para.2,3-Introduction背景,Introduction/background framing,1-直接生物学效应,Direct biological mechanisms,1h-其他直接生物学,1h-其他直接生物学-膜通透性,低温/温度降低（cold stress; low temperatures）,Escherichia coli,对万古霉素敏感性增加（耐药性下降）,温度降低(冷胁迫)→外膜屏障受损/通透性上升→对万古霉素更敏感(耐药性下降),"Recently, we observed that the glycopeptide vancomycin is able to inhibit growth of wild-type E. coli at low temperatures (Stokes et al., 2014). (p.2)",1-实验研究,Experimental,1-直接实验验证,Direct empirical support,2-抑制AMR,Suppressing AMR,1-实验瞬时,Experimental/short-term,1-实验室/体外,Laboratory/in vitro,2026-01-09
EVID_066-M2,66,2,Stokes et al. (2016),Cold Stress Makes Escherichia coli Susceptible to Glycopeptide Antibiotics by Altering Outer Membrane Integrity,Discussion-p.9-para.4,2-Discussion数据解释,Discussion interpretation,1-直接生物学效应,Direct biological mechanisms,1h-其他直接生物学,1h-其他直接生物学-膜通透性,低温/温度降低（cold stress; low temperatures）,Escherichia coli,低温下万古霉素耐药/抗性维持（vancomycin resistance）,温度降低(冷胁迫)→外膜“cracking”压力→核心寡糖(core OS)截短/异质性改变外膜结构→外膜更抗裂隙→万古霉素耐药,"Taken together, we propose a model in which heterogeneous or truncated core OS provides vancomycin resistance at low temperatures by generating an outer membrane that is resistant to cold-induced outer membrane ‘cracking’. (p.9",1-实验研究,Experimental,3-理论推测,Theoretical support,1-促进AMR,Promoting AMR,1-实验瞬时,Experimental/short-term,1-实验室/体外,Laboratory/in vitro,2026-01-09
EVID_066-M3,66,3,Stokes et al. (2016),Cold Stress Makes Escherichia coli Susceptible to Glycopeptide Antibiotics by Altering Outer Membrane Integrity,Discussion-p.9-para.5,2-Discussion数据解释,Discussion interpretation,1-直接生物学效应,Direct biological mechanisms,1h-其他直接生物学,1h-其他直接生物学-膜通透性,低温/温度降低（cold stress; low temperatures）,Escherichia coli,对万古霉素敏感性增加（耐药性下降）,温度降低(冷胁迫)→外膜出现短暂裂隙/屏障破坏→万古霉素进入增加→敏感性增加(耐药性下降),"Our observations of temperature-dependent vancomycin sensitivity in wild-type E. coli may therefore best be explained by the presence of transient ‘‘cracks’’ in the outer membrane that allow for the diffusion of hydrophilic molecules into the periplasm (Figure 6B), as has been previously suggested (Nikaido, 2005; Vorachek-Warren et al., 2002).s. (p.9)",5-理论推测,Theoretical/projection,3-理论推测,Theoretical support,2-抑制AMR,Suppressing AMR,1-实验瞬时,Experimental/short-term,1-实验室/体外,Laboratory/in vitro,2026-01-09
EVID_066-M4,66,4,Stokes et al. (2016),Cold Stress Makes Escherichia coli Susceptible to Glycopeptide Antibiotics by Altering Outer Membrane Integrity,Discussion-p.9-para.5,2-Discussion数据解释,Discussion interpretation,1-直接生物学效应,Direct biological mechanisms,1h-其他直接生物学,1h-其他直接生物学-膜通透性,低温/温度降低（cold stress; low temperatures）,Escherichia coli,对万古霉素敏感性增加（耐药性下降）,温度降低(冷胁迫)→膜流动性下降导致外膜适应不充分→外膜通透性异常→万古霉素敏感性增加,"It is therefore possible that vancomycin sensitivity is the result of an imperfect
outer membrane response to cold-induced decreases in mem- brane fluidity. Intriguingly the Y324* mutant, which displays heterogeneous LPS, as well as core OS-deficient strains such as the DrfaE mutant, appear to be better suited to maintain outer membrane integrity during cold stress, as evidenced by these strains being more resistant to both vancomycin and rifampicin at 15!C relative to wild-type. (p.9)",5-理论推测,Theoretical/projection,3-理论推测,Theoretical support,2-抑制AMR,Suppressing AMR,1-实验瞬时,Experimental/short-term,1-实验室/体外,Laboratory/in vitro,2026-01-09
EVID_067-M1,67,1,Song & Kong (2025),Effects of Temperature on Resistance Occurrence in Xanthomonas arboricola pv. pruni,Discussion-p.9- para.2,2-Discussion数据解释,Discussion interpretation,1-直接生物学效应,Direct biological mechanisms,1b-突变率,1b-突变率,升温/温度升高（20–30°C）,Xanthomonas arboricola pv. pruni,链霉素耐药出现率/耐药发生率随温度升高而增加,温度升高→与抗生素共同形成额外应激/选择压力→链霉素耐药出现率上升(促进AMR),"However, when exposed to various temperatures in addition to antibiotics, there was no statistically significant difference, but the incidence of resistance increased as the temperature increased (Fig. 4). (p.86)",1-实验研究,Experimental,2-间接数据支持,Indirect empirical support,1-促进AMR,Promoting AMR,1-实验瞬时,Experimental/short-term,1-实验室/体外,Laboratory/in vitro,2026-01-09
EVID_067-M2,67,2,Song & Kong (2025),Effects of Temperature on Resistance Occurrence in Xanthomonas arboricola pv. pruni,Discussion-p.9- para.5,2-Discussion数据解释,Discussion interpretation,1-直接生物学效应,Direct biological mechanisms,1b-突变率,1b-突变率,升温/温度升高（30°C vs 20°C）,Xanthomonas arboricola pv. pruni,链霉素耐药菌株发生率增加,温度升高→作为辅助应激因子增强抗生素选择/促进耐药突变出现→链霉素耐药菌株发生率增加,"The results of the study show an increased incidence of streptomycin-resistant strains at 30°C suggesting that temperature may act as an auxiliary stress factor in antibiotic use, promoting the occurrence of antibiotic-resistant strains. (p.87)",1-实验研究,Experimental,3-理论推测,Theoretical support,1-促进AMR,Promoting AMR,1-实验瞬时,Experimental/short-term,1-实验室/体外,Laboratory/in vitro,2026-01-09
EVID_067-M3,67,3,Song & Kong (2025),Effects of Temperature on Resistance Occurrence in Xanthomonas arboricola pv. pruni,Discussion-p.9- para.5,2-Discussion数据解释,Discussion interpretation,1-直接生物学效应,Direct biological mechanisms,1b-突变率,1b-突变率,升温/温度升高（上下文：温度促进耐药发生）,Xanthomonas arboricola pv. pruni,链霉素耐药（靶位点突变导致）,温度升高→促进/选择rpsL等靶位点突变累积→链霉素无法结合靶点→链霉素耐药,Mutations in this gene cause bacteria to become resistant as streptomycin cannot bind to its target. (p.87),1-实验研究,Experimental,4-文献综述总结,Review-based support,1-促进AMR,Promoting AMR,1-实验瞬时,Experimental/short-term,1-实验室/体外,Laboratory/in vitro,2026-01-09
EVID_068-M1,68,1,Sobur (2022),Higher seasonal temperature enhances the occurrence of methicillin resistance of Staphylococcus aureus in house flies (Musca domestica) under hospital and environmental settings,Results-p.5-para.4,1-Results实验数据,Results,2-环境介导,Environment-mediated pathways,2e-动物生态,2e-动物生态,温度-季节平均温度变化,S. aureus,耐药率上升,季节温度升高(夏季)→家蝇活动/携带MRSA机会↑→MDR/MRSA检出率↑→耐药率上升,"Multidrug resistance was positively associated with increase in temperature [OR = 1.10 (CI: 1.06–1.14), p < 0.001]. (p.5, para.4)",2-观察性数据,Observational,2-间接数据支持,Indirect empirical support,1-促进AMR,Promoting AMR,2-观察累积,Observational cumulative/seasonal,3-人造环境,Built or engineered environment,2026-01-09
EVID_068-M2,68,2,Sobur (2022),Higher seasonal temperature enhances the occurrence of methicillin resistance of Staphylococcus aureus in house flies (Musca domestica) under hospital and environmental settings,Discussion-p.6-para.1,4-Discussion理论推测,Discussion theoretical interpretation,1-直接生物学效应,Direct biological mechanisms,1c-HGT质粒接合,1c-水平基因转移,温度-年均温升高,Bacterial AMR,HGT频率增加,温度升高→水平基因转移(HGT)增强→耐药基因获得/传播增加→HGT频率增加,"Augmented temperature increases horizontal gene transfer, a crucial mechanism for the acquisition of antibiotic resistance (Burnham 2021). (p.6, para.1)",5-理论推测,Theoretical/projection,3-理论推测,Theoretical support,1-促进AMR,Promoting AMR,3-短期变化,Other/unclear,3-人造环境,Built or engineered environment,2026-01-09
EVID_068-M3,68,3,Sobur (2022),Higher seasonal temperature enhances the occurrence of methicillin resistance of Staphylococcus aureus in house flies (Musca domestica) under hospital and environmental settings,Discussion-p.8-para.3,4-Discussion理论推测,Discussion theoretical interpretation,1-直接生物学效应,Direct biological mechanisms,1a-生长代谢;1c-HGT质粒接合,1a-生长代谢;1c-水平基因转移,温度-年均温升高,Bacterial AMR,耐药率上升,温度升高→细菌生长促进+基因转移率↑→耐药基因传播/获得↑→耐药率上升,"High temperatures, beyond favoring bacterial growth, were also related to increased rates of gene transfer (Lorenz and Wackernagel 1994; Walsh et al. 2011). (p.8, para.3)",4-文献综述,Review-based,4-文献综述总结,Review-based support,1-促进AMR,Promoting AMR,3-短期变化,Other/unclear,3-人造环境,Built or engineered environment,2026-01-09
EVID_069-M1,69,1,Schages (2020),Winter is coming – Impact of temperature on the variation of beta-lactamase and mcr genes in a wastewater treatment plant,Results-p.5-para.1,1-Results实验数据,Results,2-环境介导,Environment-mediated pathways,2a-微生物群落,2a-微生物群落,温度-季节平均温度变化,Bacterial AMR,耐药基因丰度增加,温度降低(冬季)→污水微生物群落/耐药菌比例改变→ARG总丰度升高→耐药基因丰度增加,"The correlation of the total ARG abundance and single ARGs with the temperature revealed a signiﬁcant negative correlation in case of WW, indicating that a decrease in temperature resulted in the increase of ARGs. (p.5, para.1)",2-观察性数据,Observational,2-间接数据支持,Indirect empirical support,1-促进AMR,Promoting AMR,2-观察累积,Observational cumulative/seasonal,3-人造环境,Built or engineered environment,2026-01-09
EVID_069-M2,69,2,Schages (2020),Winter is coming – Impact of temperature on the variation of beta-lactamase and mcr genes in a wastewater treatment plant,Discussion-p.7-para.4,3-Discussion数据解释,Discussion interpretation,2-环境介导,Environment-mediated pathways,2a-微生物群落,2a-微生物群落,温度-季节平均温度变化,Bacterial AMR,耐药基因丰度增加,较低季节温度(冷月)→（与季节相关的）微生物生态变化→ARG与intI1丰度更高→耐药基因丰度增加,"The significantly higher ARG abundance (bla, mcr and intI1)inWW and S in colder months compared towarmer months aswell as the negative correlation of temperature and ARG abundance might indicate a relation between the seasons and ARG levels.. (p.7, para.4)",2-观察性数据,Observational,2-间接数据支持,Indirect empirical support,1-促进AMR,Promoting AMR,2-观察累积,Observational cumulative/seasonal,3-人造环境,Built or engineered environment,2026-01-09
EVID_069-M3,69,3,Schages (2020),Winter is coming – Impact of temperature on the variation of beta-lactamase and mcr genes in a wastewater treatment plant,Discussion-p.8-para.1,4-Discussion理论推测,Discussion theoretical interpretation,1-直接生物学效应,Direct biological mechanisms,1c-HGT质粒接合,1c-水平基因转移,温度-季节平均温度变化,Bacterial AMR,耐药基因丰度增加,温度降低→冷应激反应→HGT增强→整合子与ARG增加→耐药基因丰度增加,"Furthermore, Miller et al. (2014) showed, that lower temperatures induce an increase of integrons and ARGs due to HGT caused by cold stress response of bacteria. (p.8, para.1)",4-文献综述,Review-based,4-文献综述总结,Review-based support,1-促进AMR,Promoting AMR,3-短期变化,Other/unclear,3-人造环境,Built or engineered environment,2026-01-09
EVID_069-M4,69,4,Schages (2020),Winter is coming – Impact of temperature on the variation of beta-lactamase and mcr genes in a wastewater treatment plant,Discussion-p.8-para.1,4-Discussion理论推测,Discussion theoretical interpretation,3-生态社会介导,Socio-ecological mediation,3b-人用抗生素,3b-人用抗生素（感染增加）,温度-季节平均温度变化,Bacterial AMR,耐药基因丰度增加,低温季节→感染负担↑→人用抗生素处方量(DDD)↑→选择压力↑→ARG丰度↑→耐药基因丰度增加,"Data of the Association of Statutory Health Insurance Physicians North Rhine showed, that the deﬁned daily doses (DDD) of antibiotics in 2018 were higher in colder months (October to March) compared to warmer months (Kassenärztliche Vereinigung Nordrhein, 2018). (p.8, para.1)",2-观察性数据,Observational,3-理论推测,Theoretical support,1-促进AMR,Promoting AMR,2-观察累积,Observational cumulative/seasonal,3-人造环境,Built or engineered environment,2026-01-09
EVID_069-M5,69,5,Schages (2020),Winter is coming – Impact of temperature on the variation of beta-lactamase and mcr genes in a wastewater treatment plant,Discussion-p.8-para.2,4-Discussion理论推测,Discussion theoretical interpretation,2-环境介导,Environment-mediated pathways,2a-微生物群落,2a-微生物群落,温度-季节平均温度变化,Bacterial AMR,耐药基因丰度增加,季节温度变化→环境条件改变→污水系统微生物群落结构变化→ARG丰度随之变化→耐药基因丰度增加,"It therefore can be assumed that environmental changes affect the microbial community which might inﬂuence the ARG abundance as well. (p.8, para.2)",5-理论推测,Theoretical/projection,3-理论推测,Theoretical support,3-双向,Bidirectional or mixed,2-观察累积,Observational cumulative/seasonal,3-人造环境,Built or engineered environment,2026-01-09
EVID_71-M1,71,1,Mira et al. (2022),Evolution of antibiotic resistance impacts optimal temperature and growth rate in Escherichia coli and Staphylococcus epidermidis,Introduction-p.2-para.2,7-其他,Other,1-直接生物学效应,Direct biological mechanisms,1g-药物敏感性/MIC变化,1-不确定,温度-变化（环境温度/体温/气候变暖）,Antibiotic-resistant bacteria（泛指）,MIC变化（方向不一）,温度变化→抗生素效力/MIC改变→AMR表型变化,The effects of temperature on the minimum inhibitory concentrations (MICs) of antibiotic-resistant bacteria are highly variable across species. (p.2),4-文献综述,Review-based,4-文献综述总结,Review-based support,4-不确定,Uncertain,4-未明确/理论,Conceptual or unclear,1-实验室/体外,Laboratory/in vitro,2026-01-10
EVID_71-M2,71,2,Mira et al. (2022),Evolution of antibiotic resistance impacts optimal temperature and growth rate in Escherichia coli and Staphylococcus epidermidis,Introduction-p.2-para.3,7-其他,Other,1-直接生物学效应,Direct biological mechanisms,1h-其他直接生物学（交叉应激/共用通路）,1h-其他直接生物学-应激与交叉耐受,温度-升高/热应激,,抗生素敏感性/耐药表型改变,温度（热/冷应激）→诱导与部分抗生素相似的生理应答（热休克/冷休克等通路共用）→改变对特定抗生素的敏感性/耐药表型→AMR结局改变,"Temperature can also induce physiological responses similar to those caused by some antibiotics (Cruz-Loya et al., 2019). (p.?)",4-文献综述,Review-based,4-文献综述总结,Review-based support,3-双向作用,Bidirectional or mixed,4-未明确/理论,Conceptual or unclear,1-实验室/体外,Laboratory/in vitro,2026-01-10
EVID_71-M3,71,3,Mira et al. (2022),Evolution of antibiotic resistance impacts optimal temperature and growth rate in Escherichia coli and Staphylococcus epidermidis,Discussion-p.11-para.2,2-Results+Discussion整合,Results and discussion integration,1-直接生物学效应,Direct biological mechanisms,1a-生长代谢/温度适应,1a-生长代谢,温度-变化（环境温度）,Escherichia coli; Staphylococcus epidermidis,最适生长温度改变（耐药相关适应性变化）,温度变化→（耐药基因存在）导致最适生长温度偏移→不同温度下适应性/竞争优势改变,"Our findings show that the presence of antibiotic resistance genes can cause shifts in optimal growth temperature in two bacteria, E. coli and Staph. epidermidis. (p.11)",1-实验室测量,Experimental,1-直接实验验证,Direct empirical support,4-不确定,Uncertain,2-观察累积,Observational cumulative/seasonal,1-实验室/体外,Laboratory/in vitro,2026-01-10
EVID_72-M1,72,1,Miller et al. (2014),Elevation of antibiotic resistance genes at cold temperatures: implications for winter storage of sludge and biosolids,Introduction-p.2-para.3,7-其他,Other,1-直接生物学效应,Direct biological mechanisms,1c-HGT转化/感受态,1c-水平基因转移,温度-降低/低温,Bacteria（泛指）,细胞感受态↑（HGT潜力↑）,低温→细胞感受态增加→转化/HGT增加→ARG传播风险↑,Several studies have shown that low temperatures speciﬁcally result in increased cell competence (Kretschmer and Cohen 1979; Turner et al. 1990; Carr et al. 2010). (p.2),4-文献综述,Review-based,4-文献综述总结,Review-based support,1-促进AMR,Promoting AMR,4-未明确/理论,Conceptual or unclear,1-实验室/体外,Laboratory/in vitro,2026-01-10
EVID_72-M2,72,2,Miller et al. (2014),Elevation of antibiotic resistance genes at cold temperatures: implications for winter storage of sludge and biosolids,Discussion-p.4-para.4,2-Results+Discussion整合,Results and discussion integration,2-环境介导,Environment-mediated pathways,2f-其他环境介导（低温储存）,可删除,温度-降低/低温（4–20°C储存）,Biosolids microbial community,ARG丰度/归一化比例增加,低温/冬季储存→ARGs增加并且归一化ARG ratios上升→环境AMR风险升高,"This study has shown that the short-term (1–2 month) storage of biosolids at temperatures ranging from 4 to 20°C results in a 3- to 0.5-log increase, respectively, in ARGs and a corresponding increase in normalized ARG ratios to 16S rRNA, TS and VS. (p.4)",1-实验室测量,Experimental,1-直接实验验证,Direct empirical support,1-促进AMR,Promoting AMR,2-观察累积,Observational cumulative/seasonal,3-人造环境,Built or engineered environment,2026-01-10
EVID_73-M1,73,1,Li et al. (2020),Contrasting distribution of antibiotic resistance genes and microbial communities in suspended activated sludge versus attached biofilms in an integrated fixed film activated sludge (IFAS) system,Results-p.4-3.3-para.1,1-Results实验数据,Results,2-环境介导,Environment-mediated pathways,2b-环境理化条件（水质指标）,2c-水文条件,温度-季节平均温度变化,WWTP microbiome（AS vs attached biofilms）,ARG相对丰度与环境因子关联（温度等）,温度变化→影响水体理化条件与系统运行环境→ARG相对丰度与环境因子的相关结构改变（AS中更“connected”）→ARG分布/驱动差异,"The Pearson correlation between the relative abundance of each ARG and water physicochemical properties indicated that the ARGs in AS were more connected to the water properties than those in the attached biofilms, such as temperature, BOD5, and NH4+-N (Tables S3, S4, S5). (p.5)",2-观察性数据,Observational,2-间接数据支持,Indirect empirical support,4-不确定,Uncertain,2-观察累积,Observational cumulative/seasonal,3-人造环境（污水处理系统）,Built or engineered environment,2026-01-10
EVID_73-M2,73,2,Li et al. (2020),Contrasting distribution of antibiotic resistance genes and microbial communities in suspended activated sludge versus attached biofilms in an integrated fixed film activated sludge (IFAS) system,Results-p.5-para.1,1-Results实验数据,Results,2-环境介导,Environment-mediated pathways,2a-微生物群落,2a-微生物群落,温度-季节平均温度变化,WWTP bacterial community,微生物群落结构与温度相关（进而影响耐药组装）,温度变化→微生物群落结构波动（排序分析显示相关）→群落变化塑造耐药组/ARG分布→AMR相关特征改变,"The temperature, BOD5, and NH4+-N were found to be closely correlated with the microbial communities (Fig. 3B). (p.5)",2-观察性数据,Observational,2-间接数据支持,Indirect empirical support,4-不确定,Uncertain,2-观察累积,Observational cumulative/seasonal,3-人造环境（污水处理系统）,Built or engineered environment,2026-01-10
EVID_73-M3,73,3,Li et al. (2020),Contrasting distribution of antibiotic resistance genes and microbial communities in suspended activated sludge versus attached biofilms in an integrated fixed film activated sludge (IFAS) system,Discussion-p.9-4.3-para.1,3-Discussion数据解释,Discussion interpretation,2-环境介导,Environment-mediated pathways,2a-微生物群落,2a-微生物群落,其他-季节性（温度等季节驱动）,WWTP bacterial community（carrier biofilm vs AS）,对季节波动敏感性差异（生物膜更稳定）,季节性气候波动（含温度变化）→AS群落更易波动而载体生物膜群落更稳定→潜在导致ARG/耐药组在两相中的季节波动差异,"The Bray–Curtis distance of bacterial communities between the carrier biofilm samples was smaller than that between the AS samples, suggesting that the carrier biofilm community may be less susceptible to seasonal changes than the AS community. (p.9)",2-观察性数据,Observational,2-间接数据支持,Indirect empirical support,4-不确定,Uncertain,2-观察累积,Observational cumulative/seasonal,3-人造环境（污水处理系统）,Built or engineered environment,2026-01-10
EVID_73-M4,73,4,Li et al. (2020),Contrasting distribution of antibiotic resistance genes and microbial communities in suspended activated sludge versus attached biofilms in an integrated fixed film activated sludge (IFAS) system,Conclusion-p.10-para.1,7-其他,Other,2-环境介导,Environment-mediated pathways,2b-环境理化条件（水质指标）,2c-水文条件,温度-季节平均温度变化,WWTP microbiome（AS vs attached biofilms）,ARG相对丰度与温度等因子关联差异,温度变化→（在AS相中）更强地牵引ARG相对丰度与水质指标联动→ARG环境驱动差异（AS强、生物膜弱）→AMR风险/分布差异,"The relative abundances of ARGs were more connected to temperature, BOD5, and NH4+-N contents for AS, but not for attached biofilms. (p.10)",2-观察性数据,Observational,2-间接数据支持,Indirect empirical support,4-不确定,Uncertain,2-观察累积,Observational cumulative/seasonal,3-人造环境（污水处理系统）,Built or engineered environment,2026-01-10
EVID_74-M1,74,1,Kim et al. (2008),Differential Effects of Temperature on Natural Transformation to Erythromycin and Nalidixic Acid Resistance in Campylobacter coli,Results-p.6122; Discussion-p.6123-6124,2-Results+Discussion整合,Results and discussion integration,1-直接生物学效应,Direct biological mechanisms,2d-环境条件; 2g-自然转化,1a-生长代谢；1b-突变率；1c-水平基因转移,温度-升高 (42°C vs 25°C),"美国北卡罗来纳州火鸡源空肠弯曲杆菌(Campylobacter coli strains 961, 3237, 1702rnd)","42°C时C. coli转化为红霉素耐药的频率显著高于25°C (P<0.05); 2株菌株(961和3237)在25°C时未检测到红霉素耐药转化子; 1株菌株(1702rnd)在25°C时转化频率极低; 42°C时转化频率为10^-5级别,25°C时为10^-7级别或检测不到; 37°C时转化频率比42°C降低71%,32°C时降低96%; 萘啶酸耐药转化频率在42°C和25°C时相似或最多相差4倍","宿主体温(42-43°C家禽肠道 vs 25°C环境如表层水、土壤、粪便样本、牛奶、冷藏生肉) → 影响C. coli红霉素耐药自然转化频率。42°C(家禽肠道体温) → C. coli与供体DNA(来自红霉素耐药C. coli 1800r,携带23S rRNA基因A2075G突变)混合 → 5小时孵育 → DNA结合到受体细菌表面 → DNA内化进入细胞 → 通过同源重组整合到23S rRNA基因 → 获得红霉素耐药(MIC ≥256 μg/ml) → 转化频率为10^-5级别(Fig. 1)。25°C(环境温度如表层水、土壤) → C. coli与供体DNA混合 → 5小时孵育 → DNA结合受损(DNase I处理实验提示1小时后DNA仍未内化,易被DNase I降解) → DNA内化受损 → 整合后步骤受损(即使DNA在42°C 1小时内化后,转移到25°C 4小时仍无法产生转化子) → 转化频率极低(10^-7级别)或检测不到(菌株961和3237)(Fig. 1, Fig. 3)。作者强调:""Temperature had a profound effect, with the frequency of transformation being significantly higher at 42°C than at 25°C for all three strains (P≤0.01). For two of the strains (961 and 3237), no erythromycin-resistant transformants were detected following transformations at 25°C"" (Results-p.6122)。DNase I处理实验提示:25°C时DNA结合和内化受损(1小时后DNase I处理无转化子);即使DNA在42°C 1小时内化,转移到25°C 4小时后仍无转化子,提示整合后步骤也受温度影响(Fig. 3; Discussion-p.6124)。37°C时转化频率比42°C降低71%,32°C时降低96%,提示42°C是最佳转化温度(Discussion-p.6123)。萘啶酸耐药转化频率在42°C和25°C时相似或最多相差4倍(菌株1702rnd在需氧条件下42°C比25°C高4倍,但菌株3237无差异)(Fig. 2),提示萘啶酸耐药转化不受温度显著影响。作者推测23S rRNA基因片段单链DNA的二级结构在25°C时受限,影响其摄取和整合,而gyrA片段(萘啶酸耐药突变位点)不受此影响(Discussion-p.6124)。","Temperature had a profound effect, with the frequency of transformation being significantly higher at 42°C than at 25°C for all three strains (P≤0.01). For two of the strains (961 and 3237), no erythromycin-resistant transformants were detected following transformations at 25°C (Fig. 1). (Results-p.6122); ""As the temperature decreased from 42°C to 37°C, transformation frequency decreased by 71%, and a 96% decrease was noted at 32°C"" (Results-p.6122); ""When DNase I was added to the mixture of cells and donor DNA following an hour of incubation at 25°C, no transformants could be obtained regardless of whether the mixture was maintained at 25°C or shifted to 42°C for four additional hours (Fig. 3), suggesting that at 25°C, DNA failed to become internalized during 1 hour of incubation and, thus, was susceptible to DNase I. Transformants also failed to be produced when DNase I was added after one hour of incubation at 42°C and the mixture was then shifted to 25°C for four additional hours (Fig. 3), suggesting that steps subsequent to DNA internalization (i.e., after the first hour of transformation) were inhibited at 25°C as well."" (Results-p.6123); ""Our findings suggest that 42°C may be the optimal temperature for transformation to erythromycin resistance since a significant drop in transformation frequency was noticed even at 37°C. Thus, transformation to erythromycin resistance may take place much more efficiently in the gastrointestinal tract of poultry, whose body temperature is 42 to 43°C, than in other habitats where temperature may be lower, such as surface water, soil, excreted fecal samples, milk, and meat (e.g., refrigerated raw meat or poultry)."" (Discussion-p.6123); ""It is tempting to speculate that uptake and integration via homologous recombination of the 23S rRNA gene fragments harboring the mutation are impaired at 25°C, due to limitations on the secondary structure of the target molecules at that temperature."" (Discussion-p.6124)",1-实验数据,Experimental,1-直接数据支持,Direct empirical support,1-促进AMR (42°C促进红霉素耐药转化) / 2-抑制AMR (25°C抑制红霉素耐药转化),Bidirectional or mixed,1-实验/急性 (5小时转化实验),Experimental/short-term,4-实验室环境,Laboratory/in vitro,2025-12-22
EVID_74-M2,74,2,Kim et al. (2008),Differential Effects of Temperature on Natural Transformation to Erythromycin and Nalidixic Acid Resistance in Campylobacter coli,Results-p.6122-6123; Discussion-p.6123-6124,2-Results+Discussion整合,Results and discussion integration,1-直接生物学效应,Direct biological mechanisms,2d-环境条件; 2g-自然转化,1a-生长代谢；1b-突变率；1c-水平基因转移,温度-变化 (42°C vs 25°C vs 37°C),"美国北卡罗来纳州火鸡源空肠弯曲杆菌(Campylobacter coli strains 3237, 1702rnd)","萘啶酸耐药转化频率在42°C和25°C时相似(菌株3237)或最多相差4倍(菌株1702rnd在需氧条件下); 微需氧和需氧条件下转化频率无显著差异; 转化频率在10^-5至10^-4级别; DNase I处理实验提示仅DNA结合和内化步骤(前30分钟)受温度影响(42°C比25°C高约4倍),整合后步骤不受温度影响","环境温度(42°C家禽肠道 vs 25°C环境如表层水、土壤、粪便样本、牛奶、冷藏生肉) → 对C. coli萘啶酸耐药自然转化频率影响较小。42°C或25°C → C. coli与供体DNA(来自萘啶酸耐药C. coli 1800r,携带gyrA突变)混合 → 5小时孵育 → DNA结合到受体细菌表面(此步骤在42°C时略快于25°C,30分钟时约4倍差异) → DNA内化进入细胞 → 通过同源重组整合到gyrA基因 → 获得萘啶酸耐药(同时耐环丙沙星和其他氟喹诺酮类) → 转化频率在42°C和25°C时相似(菌株3237)或最多相差4倍(菌株1702rnd)(Fig. 2)。DNase I处理实验(Fig. 4)提示:在42°C或25°C孵育30分钟后加入DNase I,42°C时转化频率约为25°C的4倍,提示DNA结合和内化步骤在42°C时略快。但30分钟后(DNase I加入后)的孵育温度(42°C vs 25°C)不影响转化频率,提示整合后步骤不受温度影响(Discussion-p.6123-6124)。作者强调:""In contrast to what was observed with transformation to erythromycin resistance, strain 3237 was transformed with similar frequencies to nalidixic acid resistance at 42°C and at 25°C under either aerobic or microaerobic conditions (Fig. 2). The largest observed impact was a fourfold increase in the transformation frequency of strain 1702rnd under aerobic conditions at 42°C compared to that at 25°C"" (Results-p.6122-6123)。萘啶酸耐药C. coli通常同时耐环丙沙星和其他氟喹诺酮类(Discussion-p.6123)。作者推测gyrA片段(萘啶酸耐药突变位点)的单链DNA二级结构不受25°C温度限制,因此萘啶酸耐药转化在家禽肠道(42°C)和环境(25°C)中均高效发生(Discussion-p.6124)。这一发现提示氟喹诺酮耐药通过自然转化的获得可能在各种生态位(家禽肠道、环境、其他动物宿主)中频繁且一致地发生,而红霉素耐药转化主要发生在家禽肠道(Discussion-p.6123)。","In contrast to what was observed with transformation to erythromycin resistance, strain 3237 was transformed with similar frequencies to nalidixic acid resistance at 42°C and at 25°C under either aerobic or microaerobic conditions (Fig. 2). The largest observed impact was a fourfold increase in the transformation frequency of strain 1702rnd under aerobic conditions at 42°C compared to that at 25°C (Fig. 2). (Results-p.6122-6123); ""Transformation frequency was about fourfold higher when the mixture of cells and donor DNA was incubated at 42°C for the first 30 min prior to the addition of DNase I than it was at 25°C. However, the incubation temperature (42°C versus 25°C) of the transformation mixture after the first 30 min did not affect transformation frequencies (Fig. 4), suggesting that the step(s) subsequent to the internalization of DNA were not affected by temperature (42°C versus 25°C) in transformation of C. coli 1702rnd to nalidixic acid resistance."" (Results-p.6123); ""It is of interest that transformation to nalidixic acid resistance was either not significantly affected or affected to only a modest (fourfold) extent by temperature (25°C versus 42°C). Nalidixic acid-resistant C. coli isolates are typically also resistant to ciprofloxacin and other fluoroquinolones. The results from transformation to nalidixic acid resistance suggest that acquisition of fluoroquinolone resistance through transformation may occur frequently and consistently in a wide range of CO2 concentrations and temperatures, both in animal hosts and in the environment. Thus, acquisition of fluoroquinolone resistance in Campylobacter through transformation may occur frequently in various niches, whereas transformation mediated acquisition of high-level resistance to erythromycin may be much more common inside avian hosts than in animals with lower body temperatures or in the environment."" (Discussion-p.6123); ""It is tempting to speculate that uptake and integration via homologous recombination of the 23S rRNA gene fragments harboring the mutation are impaired at 25°C, due to limitations on the secondary structure of the target molecules at that temperature... On the other hand, in the case of erythromycin resistance, the target DNA involves fragments of the 23S rRNA genes, and single-stranded DNA fragments with these sequences would be expected to harbor extensive secondary structure."" (Discussion-p.6124)",1-实验数据,Experimental,1-直接数据支持,Direct empirical support,1-促进AMR (42°C和25°C均高效促进萘啶酸耐药转化),Promoting AMR,1-实验/急性 (5小时转化实验),Experimental/short-term,4-实验室环境,Laboratory/in vitro,2025-12-22
EVID_74-M3,74,3,Kim et al. (2008),Differential Effects of Temperature on Natural Transformation to Erythromycin and Nalidixic Acid Resistance in Campylobacter coli,Results-p.6122-6123; Discussion-p.6124,2-Results+Discussion整合,Results and discussion integration,1-直接生物学效应,Direct biological mechanisms,2d-环境条件; 2g-自然转化,1c-水平基因转移；1a-生长代谢,温度-变化 (42°C vs 25°C); CO2浓度-变化 (微需氧5-10% CO2 vs 需氧0.03% CO2),"美国北卡罗来纳州火鸡源空肠弯曲杆菌(Campylobacter coli strains 961, 3237, 1702rnd)",微需氧(5-10% CO2)和需氧(0.03% CO2)条件下转化频率无显著差异(P>0.05); 红霉素耐药转化频率在微需氧和需氧条件下相似(42°C和25°C均如此); 萘啶酸耐药转化频率在微需氧和需氧条件下相似(42°C和25°C均如此); 需氧条件下5小时孵育不影响受体细菌活力,"CO2浓度(微需氧5-10% CO2 vs 需氧0.03% CO2) → 对C. coli红霉素和萘啶酸耐药自然转化频率无显著影响。微需氧条件(5-10% CO2,C. coli的最适生长条件) → C. coli与供体DNA混合 → 5小时孵育 → 转化频率为10^-5级别(红霉素耐药)或10^-5至10^-4级别(萘啶酸耐药)(Fig. 1, Fig. 2)。需氧条件(0.03% CO2,非最适生长条件) → C. coli与供体DNA混合 → 5小时孵育 → 转化频率与微需氧条件相似(P>0.05),且5小时孵育不影响受体细菌活力(基于孵育前后CFU测定)(Results-p.6123)。作者强调:""No significant differences (P>0.05) in frequency of transformation to either erythromycin or nalidixic acid resistance were observed between microaerobic (5 to 10% CO2) and aerobic conditions (P>0.05) (Fig. 1 and 2). The 5-h incubation period under aerobic conditions did not affect the viability of the recipient, based on CFU determinations immediately prior to and at the completion of this period"" (Results-p.6123)。转化子在微需氧和需氧条件下均获得高水平红霉素耐药(MIC ≥256 μg/ml),与供体C. coli 1800r相似(Results-p.6123)。本研究结果与Wilson等人(2003)的发现不同:Wilson等人发现C. jejuni转化为氯霉素耐药的效率随CO2浓度从10%降至0.7%而增加10-100倍。作者推测差异可能源于弯曲杆菌种类和菌株、转化的抗生素耐药标记、实验条件(包括CO2浓度范围)的不同(Discussion-p.6124)。本研究表明,在微需氧(5-10% CO2)和需氧(0.03% CO2)条件下,C. coli的红霉素和萘啶酸耐药自然转化频率无显著差异,提示CO2浓度(在该范围内)不是影响转化频率的关键因素。","No significant differences (P>0.05) in frequency of transformation to either erythromycin or nalidixic acid resistance were observed between microaerobic (5 to 10% CO2) and aerobic conditions (P>0.05) (Fig. 1 and 2). The 5-h incubation period under aerobic conditions did not affect the viability of the recipient, based on CFU determinations immediately prior to and at the completion of this period (data not shown). At 42°C, the frequencies of transformation to erythromycin resistance were similar under microaerobic and aerobic conditions with the agar assay as well (data not shown). Transformants had high-level erythromycin resistance (MIC, ≥256 μg/ml), regardless of whether they were obtained under microaerobic or aerobic conditions. (Results-p.6123); ""Wilson et al. found that the efficiency of transformation of C. jejuni to chloramphenicol resistance increased by 10- to 100-fold as CO2 concentration declined from 10% to 0.7%. In our study, we showed that transformation was equally effective under microaerobic (5 to 10% CO2) and aerobic (0.03% CO2) conditions, suggesting that these differences in CO2 concentrations did not significantly affect transformation. Differences in the Campylobacter species and strains that were used, the antibiotic resistance markers that were transformed, and the experimental conditions, including the CO2 concentration range, may account for the difference in findings between the study of Wilson et al. and this study."" (Discussion-p.6124)",1-实验数据,Experimental,1-直接数据支持,Direct empirical support,中性 (CO2浓度在5-10% vs 0.03%范围内不影响转化频率),Uncertain,1-实验/急性 (5小时转化实验),Experimental/short-term,4-实验室环境,Laboratory/in vitro,2025-12-22
EVID_74-M4,74,4,Kim et al. (2008),Differential Effects of Temperature on Natural Transformation to Erythromycin and Nalidixic Acid Resistance in Campylobacter coli,Introduction-p.6121; Discussion-p.6123-6124,1-Introduction+Discussion整合,Results and discussion integration,1-直接生物学效应,Direct biological mechanisms,2g-自然转化; 2f-耐药机制,1b-突变率；1c水平基因转移,温度-变化 (42°C vs 25°C vs 37°C),美国北卡罗来纳州火鸡源空肠弯曲杆菌(Campylobacter coli),"C. coli通过自然转化获得红霉素高水平耐药(MIC ≥256 μg/ml),转化子携带23S rRNA基因A2075G突变(与供体C. coli 1800r相同); 转化频率在42°C时为10^-5级别,25°C时为10^-7级别或检测不到; 火鸡源C. coli转化频率高于猪源C. coli; C. coli中红霉素和氟喹诺酮耐药比C. jejuni更常见,原因不明; 23S rRNA基因点突变导致红霉素耐药,gyrA点突变导致氟喹诺酮耐药","自然转化机制 → C. coli从环境(如其他C. coli携带的裸露DNA)获得抗生素耐药基因 → 通过DNA摄取和同源重组整合到基因组 → 获得抗生素耐药表型。红霉素耐药转化:供体DNA(来自红霉素耐药C. coli 1800r,携带23S rRNA基因A2075G突变) → 受体C. coli摄取供体DNA → DNA在42°C时有效结合和内化(1小时内) → 通过同源重组整合到23S rRNA基因(3个拷贝之一或多个) → 转化子获得23S rRNA基因A2075G突变 → 导致高水平红霉素耐药(MIC ≥256 μg/ml)(Introduction-p.6121; Kim et al., 2006引文)。25°C时DNA结合和内化受损,整合后步骤也受损,导致转化频率极低或检测不到(Results-p.6122-6123; Discussion-p.6124)。萘啶酸耐药转化:供体DNA(来自萘啶酸耐药C. coli 1800r,携带gyrA突变) → 受体C. coli摄取供体DNA → DNA在42°C和25°C时均有效结合和内化 → 通过同源重组整合到gyrA基因 → 转化子获得gyrA突变 → 导致萘啶酸耐药(同时耐环丙沙星和其他氟喹诺酮类)(Introduction-p.6121; Discussion-p.6123)。作者强调:""In previous studies, we showed that C. coli from animal sources could acquire high-level resistance to erythromycin via transformation, with transformation frequencies being higher among turkey-derived C. coli than among C. coli from swine. Transformants acquired the A2075G mutation in the 23S rRNA gene that was harbored in the 23S rRNA genes of the erythromycin-resistant bacteria employed as sources of donor DNA for the transformations"" (Introduction-p.6121)。C. coli中红霉素和氟喹诺酮耐药比C. jejuni更常见,原因不明(Introduction-p.6121)。自然转化可能对C. jejuni的遗传多样性和抗生素耐药传播有重要贡献(Introduction-p.6121)。","Campylobacter is known to be naturally competent, and studies with C. jejuni have suggested that transformation (uptake of naked DNA) may make a significant contribution to genetic diversity. Transformation may also be important in the dissemination of antibiotic resistance in Campylobacter. In previous studies, we showed that C. coli from animal sources could acquire high-level resistance to erythromycin via transformation, with transformation frequencies being higher among turkey-derived C. coli than among C. coli from swine. Transformants acquired the A2075G mutation in the 23S rRNA gene that was harbored in the 23S rRNA genes of the erythromycin-resistant bacteria employed as sources of donor DNA for the transformations. (Introduction-p.6121); ""Point mutations in 23S rRNA genes and in gyrA are involved in resistance to erythromycin and (fluoro)quinolones, respectively, in Campylobacter. For reasons that remain unclear, such resistance is noticeably more common in C. coli than in C. jejuni."" (Introduction-p.6121); ""Transformants had high-level erythromycin resistance (MIC, ≥256 μg/ml), regardless of whether they were obtained under microaerobic or aerobic conditions. Erythromycin MICs for these transformants were similar to those for C. coli 1800r (≥256 μg/ml), used as the source of the donor DNA."" (Results-p.6123); ""Nalidixic acid-resistant C. coli isolates are typically also resistant to ciprofloxacin and other fluoroquinolones."" (Discussion-p.6123)",1-实验数据,Experimental,1-直接数据支持,Direct empirical support,1-促进AMR (自然转化促进抗生素耐药获得和传播),Promoting AMR,1-实验/急性 (5小时转化实验),Experimental/short-term,4-实验室环境,Laboratory/in vitro,2025-12-22
EVID_74-M5,74,5,Kim et al. (2008),Differential Effects of Temperature on Natural Transformation to Erythromycin and Nalidixic Acid Resistance in Campylobacter coli,Discussion-p.6124,3-Discussion,Discussion interpretation,1-直接生物学效应,Direct biological mechanisms,2g-自然转化; 2d-环境条件,1c-水平基因转移,温度-变化 (42°C vs 25°C vs 37°C),美国北卡罗来纳州火鸡源空肠弯曲杆菌(Campylobacter coli),"单一标记(如仅研究萘啶酸耐药转化)可能导致对环境因素(如温度)影响的错误评估; 红霉素耐药转化受温度显著影响(42°C>>25°C),萘啶酸耐药转化受温度影响较小(42°C≈25°C); 需要进一步研究确定环境因素对其他遗传决定因素(如致病性和其他适应性)转化的影响程度","使用单一抗生素耐药标记研究环境因素对自然转化的影响 → 可能导致对环境因素重要性的错误评估。例如:如果仅研究萘啶酸耐药转化 → 会得出温度对转化频率影响较小的结论(42°C和25°C时转化频率相似或最多相差4倍) → 错误地认为温度是相对不重要的因素。但如果同时研究红霉素耐药转化 → 会发现温度对转化频率有显著影响(42°C时转化频率为10^-5级别,25°C时为10^-7级别或检测不到) → 正确地认识到温度是重要的环境因素(Discussion-p.6124)。作者强调:""The findings from the current study clearly indicate that the elucidation of environmental factors influencing transformation in Campylobacter will be important for further characterization of the ecological constraints on the dissemination of antimicrobial resistance in this organism. In addition, these findings imply that the use of one marker to study environmental factors affecting transformation frequency in Campylobacter may lead to pitfalls. For example, temperature would be mistakenly considered as a relatively insignificant factor in transformation, if only transformation to nalidixic acid resistance were studied. Further studies are needed to determine the extent to which environmental factors such as temperature may affect transformation of other genetic determinants, including those involved in pathogenesis and other adaptations of this pathogen."" (Discussion-p.6124)。本研究表明不同抗生素耐药标记(红霉素vs萘啶酸)对温度的响应不同:红霉素耐药转化受温度显著影响,萘啶酸耐药转化受温度影响较小。这一发现提示环境因素对不同遗传决定因素转化的影响可能不同,需要使用多种标记来全面评估环境因素对自然转化的影响。进一步研究需要确定环境因素(如温度)对其他遗传决定因素(如致病性基因、其他适应性基因)转化的影响程度,以更全面地理解环境条件对弯曲杆菌自然转化和遗传多样性的影响。","The findings from the current study clearly indicate that the elucidation of environmental factors influencing transformation in Campylobacter will be important for further characterization of the ecological constraints on the dissemination of antimicrobial resistance in this organism. In addition, these findings imply that the use of one marker to study environmental factors affecting transformation frequency in Campylobacter may lead to pitfalls. For example, temperature would be mistakenly considered as a relatively insignificant factor in transformation, if only transformation to nalidixic acid resistance were studied. Further studies are needed to determine the extent to which environmental factors such as temperature may affect transformation of other genetic determinants, including those involved in pathogenesis and other adaptations of this pathogen. (Discussion-p.6124)",1-实验数据,Experimental,1-直接数据支持,Direct empirical support,1-促进AMR (理解环境因素对转化的影响有助于理解AMR传播),Promoting AMR,1-实验/急性 (5小时转化实验),Experimental/short-term,4-实验室环境,Laboratory/in vitro,2025-12-22
EVID_75-M1,75,1,Huang (2019),Higher Temperatures Do Not Always Achieve Better Antibiotic Resistance Gene Removal in Anaerobic Digestion of Swine Manure,Results-p.5-para.2,1-Results实验数据,Results,2-环境介导,Environment-mediated pathways,2f-其他环境介导（温度作为关键运行因子）,2d-水土理化性质,温度-极端高温（消化温度梯度）,Anaerobic digestion microbiome,ARG变异/耐药组变化（解释度最高因子之一）,温度升高（运行条件）→改变消化体系理化环境与关键属生态优势→解释ARG谱系/变异的主要部分→AMR相关特征改变,"Redundancy analysis (RDA) indicates that three experimental factors (temperature,
antibiotics, and sampling day), five chemical properties (pH, NH4
$, NO3
#, TSS, and VSS),
and four representative genera (Streptococcus, Clostridiaceae SMB53, Clostridiaceae
unknown, and Ethanoligenens) showed significant contributions to the variation of
ARGs (P ! 0.01) (Table 2). Temperature, pH, and Streptococcus had the highest
explanation among experimental factors, chemical properties, and representative gen-
era, respectively. (p.5)",1-实验室测量,Experimental,2-间接数据支持,Indirect empirical support,4-不确定,Uncertain,2-观察累积,Observational cumulative/seasonal,2-农业/养殖环境（粪污厌氧消化）,Other/unclear,2026-01-10
EVID_75-M2,75,2,Huang (2019),Higher Temperatures Do Not Always Achieve Better Antibiotic Resistance Gene Removal in Anaerobic Digestion of Swine Manure,Discussion-p.8-para.3,3-Discussion数据解释,Discussion interpretation,1-直接生物学效应,Direct biological mechanisms,2a-微生物群落,1a-生长代谢,温度-极端高温（55°C，thermophilic）,Anaerobic digestion bacteria,微生物丰度/活性增加（上游过程）,高温（55°C）→细菌丰度与活性更高（16S拷贝数更高）→潜在宿主总体增加→可能导致ARG丰度更高/去除更差,"First, the relatively high 16S rRNA gene copies in T55 indicated that there was higher bacterial abundance and activity in thermophilic digestion of swine manure (Fig. 1A). (p.8)",1-实验室测量,Experimental,2-间接数据支持,Indirect empirical support,4-不确定,Uncertain,2-观察累积,Observational cumulative/seasonal,2-农业/养殖环境（粪污厌氧消化）,Other/unclear,2026-01-10
EVID_75-M3,75,3,Huang (2019),Higher Temperatures Do Not Always Achieve Better Antibiotic Resistance Gene Removal in Anaerobic Digestion of Swine Manure,Discussion-p.8-para.3,3-Discussion数据解释,Discussion interpretation,2-环境介导,Environment-mediated pathways,2a-微生物群落,2a-微生物群落,温度-极端高温（55°C，thermophilic）,Pathogenic bacteria（总体）,ARG变化趋势与致病菌丰度同向（提示宿主驱动）,高温（55°C）→末期致病菌总丰度更高且与ARG变化趋势一致→宿主维持/占优→ARG相对/总体水平偏高,"Second, although decreased during anaerobic digestion in all the treatments, the total abundance of pathogenic bacteria was much higher in T55 (28.76%) than other treatments (!10.54%) at the end, coincident with the trend of ARG variation (Fig. S6). (p.8)",1-实验室测量,Experimental,2-间接数据支持,Indirect empirical support,1-促进AMR,Promoting AMR,2-观察累积,Observational cumulative/seasonal,2-农业/养殖环境（粪污厌氧消化）,Other/unclear,2026-01-10
EVID_75-M4,75,4,Huang (2019),Higher Temperatures Do Not Always Achieve Better Antibiotic Resistance Gene Removal in Anaerobic Digestion of Swine Manure,Discussion-p.8-para.4,3-Discussion数据解释,Discussion interpretation,2-环境介导,Environment-mediated pathways,2a-微生物群落,2a-微生物群落,温度-极端高温（55°C，thermophilic）,Streptococcus spp.,ARG丰度更高（T55）,高温（55°C）→Streptococcus spp.与ARG在网络中共现并被认为与更高ARG丰度相关→宿主/共现网络驱动→ARG丰度更高,The network analysis further suggested that Streptococcus spp. might be responsible for the higher ARG abundance in T55. (p.8),1-实验室测量,Experimental,2-间接数据支持,Indirect empirical support,1-促进AMR,Promoting AMR,2-观察累积,Observational cumulative/seasonal,2-农业/养殖环境（粪污厌氧消化）,Other/unclear,2026-01-10
EVID_75-M5,75,5,Huang (2019),Higher Temperatures Do Not Always Achieve Better Antibiotic Resistance Gene Removal in Anaerobic Digestion of Swine Manure,Discussion-p.9-para.1,3-Discussion数据解释,Discussion interpretation,1-直接生物学效应,Direct biological mechanisms,1c-HGT/整合子介导（integrase）,1c-水平基因转移,温度-极端高温（55°C，thermophilic）,Anaerobic digestion microbiome,ARG相对丰度更高（HGT潜力↑）,高温（55°C）→整合酶基因（基因转移要素）丰度更高→水平基因转移潜力增强→ARG相对丰度更高,"Right now, the variation trend of class 1 integrase gene (intI1inanaerobicdigestionhasnotreacheda consensus (11, 12, 30), as it is attributed to different substrates, inoculums, and operating conditions. In this study, the greater abundance of integrase genes at 55°C is partially responsible for the higher relative abundance of ARGs.. (p.9)",1-实验室测量,Experimental,2-间接数据支持,Indirect empirical support,1-促进AMR,Promoting AMR,2-观察累积,Observational cumulative/seasonal,2-农业/养殖环境（粪污厌氧消化）,Other/unclear,2026-01-10
EVID_76-M1,76,1,Grilo (2021),"Climatic Alterations Influence Bacterial Growth, Biofilm Production and Antimicrobial Resistance Profiles in Aeromonas spp.",Results-p.2-para.2,1-Results实验数据,Results,1-直接生物学效应,Direct biological mechanisms,1g-生物膜,1g-生物膜,综合-气候情景,Aeromonas spp. (A. caviae; A. hydrophila; A. media; A. veronii),生物膜形成增强,综合-气候情景（温度波动）→影响细菌生物膜形成能力（生物膜产量下降）→生物膜相关耐药/持留潜力降低,"Additionally, water temperature also significantly influenced biofilm production (p = 0.006), with isolates exposed to the Fluctuations treatment producing less biofilm (Figure 2). (p.2)",1-实验室测量,Experimental,1-直接实验验证,Direct empirical support,2-抑制AMR,Suppressing AMR,1-实验瞬时,Experimental/short-term,1-实验室/体外,Laboratory/in vitro,2026-01-10
EVID_76-M2,76,2,Grilo (2021),"Climatic Alterations Influence Bacterial Growth, Biofilm Production and Antimicrobial Resistance Profiles in Aeromonas spp.",Results-p.2-para.4,1-Results实验数据,Results,1-直接生物学效应,Direct biological mechanisms,1a-生长代谢,1a-生长代谢,综合-气候情景,Aeromonas spp. (A. caviae; A. hydrophila; A. media; A. veronii),适应性改变,综合-气候情景（温度与pH改变）→影响Aeromonas生长/适应性（生长量随处理组合变化）→改变耐药菌在环境中的增殖与传播潜力,Temperature (p < 0.001) and pH (p = 0.007) treatments also influenced bacterial growth. (p.2),1-实验室测量,Experimental,1-直接实验验证,Direct empirical support,3-双向作用,Bidirectional or mixed,1-实验瞬时,Experimental/short-term,1-实验室/体外,Laboratory/in vitro,2026-01-10
EVID_76-M3,76,3,Grilo (2021),"Climatic Alterations Influence Bacterial Growth, Biofilm Production and Antimicrobial Resistance Profiles in Aeromonas spp.",Results-p.4-para.3 ,1-Results实验数据,Results,2-环境介导,Environment-mediated pathways,2d-水土理化性质,2d-水土理化性质,综合-气候情景,Aeromonas spp. (A. caviae; A. hydrophila; A. media),耐药率上升,综合-气候情景（温度×pH特定组合）→改变水体理化条件→非野生型耐药表型回转为野生型（药敏恢复）→耐药表型水平下降,"In certain situations, reversion of non-wild-type to a wild-type phenotype occurred only with specific combinations of temperature and pH. (p.4)",1-实验室测量,Experimental,1-直接实验验证,Direct empirical support,2-抑制AMR,Suppressing AMR,1-实验瞬时,Experimental/short-term,1-实验室/体外,Laboratory/in vitro,2026-01-10
EVID_76-M4,76,4,Grilo (2021),"Climatic Alterations Influence Bacterial Growth, Biofilm Production and Antimicrobial Resistance Profiles in Aeromonas spp.",Discussion-p.7-3.3-para.1,2-Results+Discussion整合,Results and discussion integration,2-环境介导,Environment-mediated pathways,2d-水土理化性质,2d-水土理化性质,综合-气候情景,Aeromonas spp.,耐药率上升,综合-气候情景（温度与pH改变）→改变环境理化条件与微生物选择压力→Aeromonas药敏/耐药谱改变→耐药相关风险随情景变化,"In this study, we show that climatic scenarios of changing temperature and pH can alter the antimicrobial susceptibility profile of different Aeromonas species. (p.7)",1-实验室测量,Experimental,1-直接实验验证,Direct empirical support,3-双向作用,Bidirectional or mixed,1-实验瞬时,Experimental/short-term,1-实验室/体外,Laboratory/in vitro,2026-01-10
EVID_77-M1,77,1,Gong (2020),Low-temperature laminar flow ward for the treatment of multidrug resistance Acinetobacter baumannii pneumonia,Results-p.6-(Fig.2 legend)-,1-Results实验数据,Results,1-直接生物学效应,Direct biological mechanisms,1a-生长代谢,1a-生长代谢,温度-季节平均温度变化,Acinetobacter baumannii,耐药菌分离率上升,温度-季节平均温度变化（冬季更低、均值更高时上升）→影响AB在环境/宿主体内的存活与传播→临床A. baumannii分离水平随气温升高而上升→耐药菌暴露与传播风险增加,The average ABI were substantially low in the winter months and positively associated with mean AOTs. (p.6),2-观察性数据,Observational,2-间接数据支持,Indirect empirical support,1-促进AMR,Promoting AMR,2-观察累积,Observational cumulative/seasonal,4-宿主体内,Within host / clinical,2026-01-10
EVID_77-M2,77,2,Gong (2020),Low-temperature laminar flow ward for the treatment of multidrug resistance Acinetobacter baumannii pneumonia,Results-p.7-para.4,1-Results实验数据,Results,1-直接生物学效应,Direct biological mechanisms,1a-生长代谢,1a-生长代谢,温度-季节平均温度变化,Acinetobacter baumannii,适应性改变,温度降低（20–25°C）→AB活力/生长适应性下降→对抗生素更敏感→耐药水平下降,"AB growing at 20°C and 25°C had a significantly reduced viabil-
ity and were more sensitive to antibiotics as compared to those
growing at 35°C (P< 0.001). There was no significant difference
in AB growth at 30°C and 35°C (Fig. 4).). (p.7)",1-实验室测量,Experimental,1-直接实验验证,Direct empirical support,2-抑制AMR,Suppressing AMR,1-实验瞬时,Experimental/short-term,1-实验室/体外,Laboratory/in vitro,2026-01-10
EVID_77-M3,77,3,Gong (2020),Low-temperature laminar flow ward for the treatment of multidrug resistance Acinetobacter baumannii pneumonia,Results-p.7-para.?,1-Results实验数据,Results,1-直接生物学效应,Direct biological mechanisms,1f-基因表达,1f-基因表达,温度-季节平均温度变化,Acinetobacter baumannii,耐药基因表达上调,温度降低（20°C）→下调外排泵/毒力/整合子相关基因表达→耐药与致病潜力降低→AMR相关风险下降,"In contrast, the expression of genes encoding adeB,
adeG, adeJ, OmpA,Bap, bfs, and intI1 were considerably reduced
at 20°C (P< 0.005, Fig. 5). Together, these findings suggest that
the vitality, antibiotic resistance, and virulence ofAB are signifi-
cantly reduced in the bacteria growing at 20°C.. (p.7)",1-实验室测量,Experimental,1-直接实验验证,Direct empirical support,2-抑制AMR,Suppressing AMR,1-实验瞬时,Experimental/short-term,1-实验室/体外,Laboratory/in vitro,2026-01-10
EVID_77-M4,77,4,Gong (2020),Low-temperature laminar flow ward for the treatment of multidrug resistance Acinetobacter baumannii pneumonia,Discussion-p.8-para.2,4-Discussion理论推测,Discussion theoretical interpretation,1-直接生物学效应,Direct biological mechanisms,1g-生物膜,1g-生物膜,温度-季节平均温度变化,Acinetobacter species,生物膜形成增强,温度升高→促进Acinetobacter生物膜“bloom”形成→增强定植/持留与耐受性→AMR传播与感染风险上升,High temperatures may also promote the formation of a biofilm “bloom” of Acinetobacter species [40]. (p.8),4-文献综述,Review-based,4-文献综述总结,Review-based support,1-促进AMR,Promoting AMR,4-未明确,Conceptual or unclear,5-未明确,Mixed or unspecified,2026-01-10
EVID_77-M5,77,5,Gong_2020,Low-temperature laminar flow ward for the treatment of multidrug resistance Acinetobacter baumannii pneumonia,Discussion-p.8-para.2,3-Discussion数据解释,Discussion interpretation,1-直接生物学效应,Direct biological mechanisms,1a-生长代谢+1f-基因表达,1a-生长代谢；1f-基因表达,温度-降低/低温（20°C vs 35°C；LTLFW）,Acinetobacter baumannii,抗生素耐药水平下降,低温环境（20°C/LTLFW）→AB生长变慢+活力/毒力/耐药相关基因表达下调→耐药性与致病性降低→交叉感染与暴露风险下降→临床结局改善,"Third, the microbiological trial indicates that AB grew slowly and had reduced antibiotic resistance in low temperature environment (P < 0.001). Furthermore, the expression of genes related to vitality, virulence, and an- tibiotic resistance of AB is significantly reduced when they were cultured in 20°C compared to those grew at 35°C. De Silva et al. suggested that the upregulation of Fsr may be due to lower iron transport efficiency at low temperature [23]. This finding may explain why patients with MDR-ABP treated in LTLFW wards achieved significantly improved outcome. Owing to the ability to survive on environmental surfaces and patients skin, AB strains can cause widespread contamination and cross-infection in the hospital environment [12, 27].",1-实验室测量,Experimental,2-间接数据支持,Indirect empirical support,2-抑制AMR,Suppressing AMR,2-观察累积,Observational cumulative/seasonal,3-人造环境（医院低温病房+体外培养）,Laboratory/in vitro,2026-01-10
EVID_079-M1,79,1,Zhu et al. (2023),Unraveling antibiotic resistomes associated with bacterial and viral communities in intertidal mudflat aquaculture area,Results-p.4-Section 3.1-para.2,2-Results+Discussion整合,Results and discussion integration,2-环境介导,Environment-mediated pathways,2d-水土理化性质,2d-水土理化性质,温度-季节性变化,滩涂沉积物耐药组 (Total ARGs),耐药基因丰度增加,季节变化（春季 vs 秋季）→ 导致水温和养殖周期（繁殖期 vs 成熟期）差异 → 促进微生物在春季的代谢活性与累积 → 春季 ARGs 的丰度（0.081 copies/16S rRNA）显著高于秋季（0.038 copies/16S rRNA）。,"""Both of the abundance and the diversity of ARGs had presented the temporal difference that not only the general abundance was significantly higher in spring (0.081 copies/16S rRNA) than in autumn (0.038 copies/16S rRNA)."" (p.4, Section 3.1, para.2)",2-观察性数据,Observational,2-间接数据支持,Indirect empirical support,1-促进AMR,Promoting AMR,2-观察累积,Observational cumulative/seasonal,2-自然环境,Natural environment,2025-12-25
EVID_079-M2,79,2,Zhu et al. (2023),Unraveling antibiotic resistomes associated with bacterial and viral communities in intertidal mudflat aquaculture area,Results-p.8-para.2,2-Results+Discussion整合,Results and discussion integration,2-环境介导,Environment-mediated pathways,2d-水土理化性质,2d-水土理化性质,降水-年降雨量增加,滩涂沉积物耐药组 (Total ARGs),耐药基因丰度增加,降水或养殖排放导致沉积物总氮(TN)增加 → 氮素作为主导非生物因子，通过显著降低病毒和细菌多样性产生间接效应 → 导致耐药基因(ARGs)的整体丰度显著上升。,"“As the dominant abiotic factor of ARG profiles, nitrogen had a significant positive total effect (r = 0.375). To affect the ARG profiles, nitrogen initially exerted significant negative direct effects on bacterial (r = -0.567) and viral diversity (r = -0.603).”

“These results indicated that higher concentration of nitrogen could lead to the lower diversity of bacteria/virus and higher abundance of ARGs.”（Results-p.8-para.2）",2-观察性数据,Observational,2-间接数据支持,Indirect empirical support,1-促进AMR,Promoting AMR,2-观察累积,Observational cumulative/seasonal,2-自然环境,Natural environment,2025-12-25
EVID_079-M3,79,3,Zhu et al. (2023),Unraveling antibiotic resistomes associated with bacterial and viral communities in intertidal mudflat aquaculture area,Results-p.7-para.3,2-Results+Discussion整合,Results and discussion integration,1-直接生物学效应,Direct biological mechanisms,1c-HGT质粒接合,1c-水平基因转移,综合-多因子,移动遗传元件 (MGEs),耐药基因丰度增加,环境因子（含温度、盐度等）造成选择压力 → 促进移动遗传元件（MGEs）在沉积物中的丰度与多样性（两者正相关） → 通过增强水平基因转移（HGT）过程，直接驱动耐药基因在不同微生物间的传播。,"“Among the biotic factors, the results of the final SEM showed that the MGE profiles was the dominating factor of ARG profiles (Fig. 6a, b), which exerted a significant positive direct effect (r = 0.599) on ARGs. The result confirms that MGEs are carries of ARGs which can effectively disseminate ARGs among microorganisms.”（Results-p.7-para.3）",2-观察性数据,Observational,2-间接数据支持,Indirect empirical support,1-促进AMR,Promoting AMR,2-观察累积,Observational cumulative/seasonal,2-自然环境,Natural environment,2025-12-25
EVID_80-M1,80,1,Zhou et al. (2018),Occurrence and Distribution of Urban Dust-Associated Bacterial Antibiotic Resistance in Northern China,"Results and Discussion-p.51-para.1,2",1-Results实验数据,Results,1-直接生物学效应,Direct biological mechanisms,1a-生长代谢,1a-生长代谢,其他-季节性,"总细菌(16S rRNA); ARGs (sul1/2/3, tet, ermB, blaTEM-1等)",耐药基因丰度增加,夏季较高的环境温度和适宜的湿度条件→促进了城市粉尘中细菌的生长与繁殖→导致16S rRNA基因总丰度显著升高→由于细菌生物量增加，进而使得抗生素耐药基因（ARGs）的绝对丰度在夏季显著高于冬季。,"""The total abundances of bacteria detected by real-time PCR were significantly higher (P < 0.05) in summer samples than in winter samples... Generally, the absolute abundance of ARGs was higher in the summer than in the winter."" (p.51, para.1-2)",2-观察性数据,Observational,2-间接数据支持,Indirect empirical support,1-促进AMR,Promoting AMR,2-观察累积,Observational cumulative/seasonal,3-人造环境,Built or engineered environment,2025-12-25
EVID_80-M2,80,2,Zhou et al. (2018),Occurrence and Distribution of Urban Dust-Associated Bacterial Antibiotic Resistance in Northern China,Results and Discussion-p.52-para.3,1-Results实验数据,Results,2-环境介导,Environment-mediated pathways,2f-其他环境介导,2f-其他环境介导-气溶胶,综合-气候情景,Dust-associated bacteria,耐药基因/细菌群落同质化,冬季频发的区域性雾霾事件（伴随特定的大气稳定性和气溶胶运动）→促进了携带耐药基因的大气颗粒物在大范围区域内的迁移与混合→消解了不同城市间粉尘细菌群落的局部差异→导致北方城市冬季粉尘及其伴随的耐药性分布呈现高度同质化。,"“However, the widespread haze events prior to the sampling events in the winter prevent differentiation between local dust-associated bacterial communities ”（p.52-para.3）",2-观察性数据,Observational,2-间接数据支持,Indirect empirical support,1-促进AMR,Promoting AMR,2-观察累积,Observational cumulative/seasonal,3-人造环境,Built or engineered environment,2025-12-25
EVID_80-M3,80,3,Zhou et al. (2018),Occurrence and Distribution of Urban Dust-Associated Bacterial Antibiotic Resistance in Northern China,Results and Discussion-p.52-para.2,2-Results+Discussion整合,Results and discussion integration,4-宿主易感性,Host susceptibility pathways,3e-人口流动,4d-行为改变,温度-季节平均温度变化,Enterococcus; Bacillus; Lactococcus,耐药细菌多样性增加,冬季低温环境下伴随中国春节期间的大规模人口流动（春运）→火车站等交通枢纽的人口密度激增→导致人类携带的微生物向环境排放增加→显著提升了火车站区域粉尘的细菌多样性及其潜在的耐药细菌携带率。,"""...in the winter, the railway station tended to show bacterial diversity that was much higher than those of the other districts... because the number of passengers traveling through railway stations surged during the Spring Festival in the winter... thus increasing bacterial diversity."" (p.52, para.1)",2-观察性数据,Observational,2-间接数据支持,Indirect empirical support,1-促进AMR,Promoting AMR,2-观察累积,Observational cumulative/seasonal,3-人造环境,Built or engineered environment,2025-12-25
EVID_81-M1,81,1,Zdragas et al. (2012),"Prevalence, seasonal occurrence and antimicrobial resistance of Salmonella in poultry retail products in Greece",Abstract-p.308,1-Results实验数据,Results,1-直接生物学效应,Direct biological mechanisms,1a-生长代谢,可删除,温度-季节平均温度变化,Salmonella spp.,耐药率上升,夏季环境温度升高→为沙门氏菌在零售禽肉及其内脏中的存活与定殖提供了适宜条件→导致零售市场禽肉产品的沙门氏菌检出率从冬季的18.7%显著升至夏季的60.4%→由于该地区分离株具有高水平耐药性（79%的菌株耐药），季节性高流行率直接导致了环境中耐药菌丰度的增加。,"""Higher isolation rate (60·4%) was observed in carcasses detected during summer (May to October), and lower isolation rate (18·7%) was observed in carcasses detected during winter (November to April)..."" (p.308, Abstract)",2-观察性数据,Observational,2-间接数据支持,Indirect empirical support,1-促进AMR,Promoting AMR,2-观察累积,Observational cumulative/seasonal,3-人造环境,Built or engineered environment,2025-12-25
EVID_81-M2,81,2,Zdragas et al. (2012),"Prevalence, seasonal occurrence and antimicrobial resistance of Salmonella in poultry retail products in Greece",Discussion-p.311-para.3,3-Discussion数据解释,Discussion interpretation,1-直接生物学效应,Direct biological mechanisms,1a-生长代谢,可删除,温度-季节平均温度变化,Salm. Enteritidis,耐药率上升,环境温度升高→特定的耐药血清型（肠炎沙门氏菌 Salm. Enteritidis）对温度变化表现出较高的生物学敏感性→使其在夏季更容易在禽类产品中存活并达到检出高峰（81.8%的肠炎沙门氏菌分离于夏季）→由于该血清型包含多重耐药株，夏季高温促进了高危耐药菌株的传播。,"""...nine of 11 isolates occurred during summer, which is in agreement with the aspect that this serotype appears to be more sensitive to the effects of environmental temperature..."" (p.311, para.3)",2-观察性数据,Observational,2-间接数据支持,Indirect empirical support,1-促进AMR,Promoting AMR,2-观察累积,Observational cumulative/seasonal,3-人造环境,Built or engineered environment,2025-12-25
EVID_81-M3,81,3,Zdragas et al. (2012),"Prevalence, seasonal occurrence and antimicrobial resistance of Salmonella in poultry retail products in Greece",Discussion-p.311-para.2,6-综述整合,Review synthesis,3-生态社会介导,Socio-ecological mediation,3a-疾病负担,3b-人用抗生素（感染增加）,温度-季节平均温度变化,Salmonella spp.,临床感染率上升,夏季高温环境→影响零售环节禽肉及其内脏（如肝脏）的储存稳定性→实验观测到夏季禽肉和肝脏的沙门氏菌污染率分别是冬季的3.2倍和4倍→通过受污染食品的流通与消费，显著提升了夏季人群暴露于耐药性沙门氏菌的风险。,"""These data seem to be correlated with our results, showing a 3·2 and 4 times higher rate of contamination in chicken meat and liver, respectively, during summer than during winter."" (p.311, para.2)",4-文献综述,Review-based,4-文献综述总结,Review-based support,1-促进AMR,Promoting AMR,2-观察累积,Observational cumulative/seasonal,3-人造环境,Built or engineered environment,2025-12-25
EVID_81-M4,81,4,Zdragas et al. (2012),"Prevalence, seasonal occurrence and antimicrobial resistance of Salmonella in poultry retail products in Greece",Discussion-p.312-para.2,4-Discussion理论推测,Discussion theoretical interpretation,3-生态社会介导,Socio-ecological mediation,3c-兽用抗生素,3c-兽用抗生素,温度-季节平均温度变化,Salmonella spp.,耐药菌扩散,夏季特定的气候与环境因素（如温度升高影响处理与分销过程）→增加了动物生产链及零售环境中的风险因子→促进了耐药性在动物群体与人群之间的传播与扩散→使得夏季成为耐药性策略控制的关键窗口期。,"""Therefore, there is a need to find strategies to minimize the risk of spreading antimicrobial resistance among animal and human populations, especially in summer when risk factors are much higher than in winter."" (p.312, para.2)",5-理论推测,Theoretical/projection,3-理论推测,Theoretical support,1-促进AMR,Promoting AMR,4-未明确,Conceptual or unclear,5-未明确,Mixed or unspecified,2025-12-25
EVID_82-M1,82,1,Yuan et al. (2014),Monitoring and assessing the impact of wastewater treatment on release of both antibiotic-resistant bacteria and their typical genes in a Chinese municipal wastewater treatment plant,Abstract-p.1930,1-Results实验数据,Results,1-直接生物学效应,Direct biological mechanisms,1a-生长代谢,1a-生长代谢,温度-季节平均温度变化,ARB (Heterotrophic bacteria),耐药菌排放负荷增加,采样季节显著影响耐药菌释放→春季环境气温回升至适宜范围→促进污水中耐药异养菌(ARB)的增殖与代谢活动→导致春季出水和生物固体中的耐药菌排放负荷达到全年峰值，而冬季低温则显著抑制其释放 。,"""High release loads of most ARB were detected in the spring, while low release loads were generally found in the winter."" (p.1930, Abstract)",2-观察性数据,Observational,2-间接数据支持,Indirect empirical support,1-促进AMR,Promoting AMR,2-观察累积,Observational cumulative/seasonal,3-人造环境,Built or engineered environment,2025-12-25
EVID_82-M2,82,2,Yuan et al. (2014),Monitoring and assessing the impact of wastewater treatment on release of both antibiotic-resistant bacteria and their typical genes in a Chinese municipal wastewater treatment plant,Abstract-p.1930,1-Results实验数据,Results,2-环境介导,Environment-mediated pathways,2a-微生物群落,2a-微生物群落,温度-年均温升高,ARB (Heterotrophic bacteria),耐药菌流行率降低,环境气温升高→协同溶解氧(DO)等操作条件共同影响污水处理效能→耐药菌在微生物群落中的竞争优势或去除效率发生改变→导致耐药菌流行率(Prevalence/Proportion)与温度呈现显著的负相关关系 。,"""DO and temperature exhibited strong negative relevance to most ARB prevalence."" (p.1930, Abstract)",2-观察性数据,Observational,2-间接数据支持,Indirect empirical support,2-抑制AMR,Suppressing AMR,2-观察累积,Observational cumulative/seasonal,3-人造环境,Built or engineered environment,2025-12-25
EVID_82-M3,82,3,Yuan et al. (2014),Monitoring and assessing the impact of wastewater treatment on release of both antibiotic-resistant bacteria and their typical genes in a Chinese municipal wastewater treatment plant,Results-p.1935-para.1,3-Discussion数据解释,Discussion interpretation,1-直接生物学效应,Direct biological mechanisms,1a-生长代谢,1a-生长代谢,温度-年均温升高,ARB (Heterotrophic bacteria),耐药率上升,春季气温升高→为污水处理系统中的异养细菌提供适宜的热力学生长条件→细菌分裂速度加快且生物量累积→直接驱动了污水处理厂出水中各类耐药菌(如耐四环素菌)排放水平的季节性升高 。,"""Spring provided suitable conditions for bacterial growth, while low temperatures in the winter inhibited bacterial growth."" (p.1935, para.1)",5-理论推测,Theoretical/projection,3-理论推测,Theoretical support,1-促进AMR,Promoting AMR,4-未明确,Conceptual or unclear,3-人造环境,Built or engineered environment,2025-12-25
EVID_82-M4,82,4,Yuan et al. (2014),Monitoring and assessing the impact of wastewater treatment on release of both antibiotic-resistant bacteria and their typical genes in a Chinese municipal wastewater treatment plant,Results-p.1935-para.1,1-Results实验数据,Results,1-直接生物学效应,Direct biological mechanisms,1d-HGT转化,1a-生长代谢；1c-水平基因转移,温度-季节平均温度变化,ARGs (vanA; ampC; sul1; ereA; aacC1; tetA),耐药基因丰度稳定,季节性温度波动→显著改变宿主细菌(ARB)的生长与存活→但耐药基因(ARGs)对温度变化表现出较强的耐受性，且可能通过水平基因转移(HGT)在变化的环境中维持其丰度→导致ARG排放负荷随季节的变化远小于耐药菌 。,"""In comparison, most ARGs exhibited more tolerance to temperature, which may partially be connected to gene transfer."" (p.1935, para.1)",2-观察性数据,Observational,2-间接数据支持,Indirect empirical support,3-双向作用,Bidirectional or mixed,2-观察累积,Observational cumulative/seasonal,3-人造环境,Built or engineered environment,2025-12-25
EVID_83-M1,83,1,Yu et al. (2023),An extensive assessment of seasonal rainfall on intracellular and extracellular antibiotic resistance genes in Urban River systems,Results-p.4-3.2-para.1,1-Results实验数据,Results,2-环境介导,Environment-mediated pathways,2d-水土理化性质,2d-水土理化性质,降水-极端降雨,Opportunistic pathogens,耐药基因丰度增加,季节性强降雨（雨季）→通过地表径流冲刷地表土壤、陆源物质及宿主细菌进入城市河道→携带大量胞内抗生素耐药基因(iARGs)进入水体→导致河道及水库中iARGs的绝对丰度显著增加（较旱季提升约2个数量级）。,"""During the rainy season, the absolute abundance of intracellular 16 S rRNAs gene and iARGs in both river and reservoir systems was two orders higher than that in the dry season (p < 0.01)."" (p.4-3.2-para.1)",2-观察性数据,Observational,1-直接实验验证,Direct empirical support,1-促进AMR,Promoting AMR,2-观察累积,Observational cumulative/seasonal,2-自然环境,Natural environment,2025-12-25
EVID_83-M3,83,3,Yu et al. (2023),An extensive assessment of seasonal rainfall on intracellular and extracellular antibiotic resistance genes in Urban River systems,Abstract-p.2-para.1,2-Results+Discussion整合,Results and discussion integration,2-环境介导,Environment-mediated pathways,2a-微生物群落,2c-水文条件,降水-季节模式改变,Acinetobacter sp.,耐药基因动态演变,季节性降雨→加速城镇排水及受污染地表径流入河→引入大量携带耐药基因的病原微生物（如不动杆菌属等）→病原体丰度的增加成为河流系统eARGs谱图特征的主要驱动因子→决定了雨季河流中耐药基因的垂直与水平传播风险。,"""...pathogens was responsible for eARGs in the river during the wet season."" (p.2, para.1)",2-观察性数据,Observational,2-间接数据支持,Indirect empirical support,1-促进AMR,Promoting AMR,2-观察累积,Observational cumulative/seasonal,2-自然环境,Natural environment,2025-12-25
EVID_83-M4,83,4,Yu et al. (2023),An extensive assessment of seasonal rainfall on intracellular and extracellular antibiotic resistance genes in Urban River systems,Abstract-p.1-para.1,1-Results实验数据,Results,2-环境介导,Environment-mediated pathways,2a-微生物群落,2d-水土理化性质,降水-极端降雨,未明确,耐药基因多样性降低,强降雨导致的剧烈环境波动（如稀释效应、环境物理化学性质改变）→对水体微生物群落及基因库产生筛选压力→减少了胞外耐药基因(eARGs)的种类数量→导致雨季系统中eARGs的多样性以及iARGs与eARGs间的共有基因比例显著下降。,"""Meanwhile, seasonal rainfall significantly decreased the diversity of eARGs and the number of shared genes between iARGs and eARGs (p < 0.01)."" (p.1, Abstract)",2-观察性数据,Observational,1-直接实验验证,Direct empirical support,2-抑制AMR,Suppressing AMR,2-观察累积,Observational cumulative/seasonal,2-自然环境,Natural environment,2025-12-25
EVID_84-M1,84,1,Xu et al. (2020),"Characteristics of antibiotics and antibiotic resistance genes in Qingcaosha Reservoir in Yangtze River Delta, China",Abstract-p.1-para.1; Results-p.3-para.1,1-Results实验数据,Results,2-环境介导,Environment-mediated pathways,2b-抗生素残留,2c-水文条件；2b-抗生素残留,降水-极端降雨,环境微生物群落,抗生素残留浓度降低,季节性强降雨（5月）→降雨产生显著的物理稀释效应（Dilution effect）作用于库区水体→导致库区内大部分抗生素残留（如SMX、PenG）的平均浓度在雨季显著低于降雨量较少的旱季（11月和2月）。,"""Overall, the concentrations of antibiotics in May were relatively lower than those in November and February... sampling campaign in May 2019 was characterized by heavy rainfalls."" (p.1; p.3)",2-观察性数据,Observational,2-间接数据支持,Indirect empirical support,2-抑制AMR,Suppressing AMR,2-观察累积,Observational cumulative/seasonal,3-人造环境,Built or engineered environment,2025-12-25
EVID_84-M2,84,2,Xu et al. (2020),"Characteristics of antibiotics and antibiotic resistance genes in Qingcaosha Reservoir in Yangtze River Delta, China",Results-p.4-para.3,1-Results实验数据,Results,2-环境介导,Environment-mediated pathways,2d-水土理化性质,2d-水土理化性质,降水-极端降雨,环境微生物群落,耐药基因检出频率增加,5月发生季节性强降雨事件→雨水冲刷周边陆地环境及上游径流→将携带特定耐药基因的宿主菌或外源物质引入水库系统→导致四环素类耐药基因tetW的检出频率从旱季（11月/2月）的12.5%大幅上升至雨季的75%。,"""The tetW was detected less frequently in November (12.5%) and February (12.5%) than in May (75%)."" (Results-p.4-para.3)",2-观察性数据,Observational,1-直接实验验证,Direct empirical support,1-促进AMR,Promoting AMR,2-观察累积,Observational cumulative/seasonal,3-人造环境,Built or engineered environment,2025-12-25
EVID_84-M3,84,3,Xu et al. (2020),"Characteristics of antibiotics and antibiotic resistance genes in Qingcaosha Reservoir in Yangtze River Delta, China",Results-p.5-para.3,1-Results实验数据,Results,1-直接生物学效应,Direct biological mechanisms,1a-生长代谢,1a-生长代谢,温度-极端低温,环境微生物群落,耐药基因绝对丰度增加,冬季（2月）环境温度达到全年最低值（6-12°C）→低温可能通过减缓抗生素的生物降解或改变耐药菌在群落中的竞争优势→导致喹诺酮类耐药基因qurS的绝对丰度（10⁷ copies/L）比温暖月份高出2-3个数量级。,"""The qurS was 2-3 orders of magnitude higher in February than the other 2 months, which ranged from 2.88 × 10⁶ to 2.95 × 10⁷ copies/L water."" (p.5, para.3)",2-观察性数据,Observational,1-直接实验验证,Direct empirical support,1-促进AMR,Promoting AMR,2-观察累积,Observational cumulative/seasonal,3-人造环境,Built or engineered environment,2025-12-25
EVID_84-M4,84,4,Xu et al. (2020),"Characteristics of antibiotics and antibiotic resistance genes in Qingcaosha Reservoir in Yangtze River Delta, China",Abstract-p.1-para.1,2-Results+Discussion整合,Results and discussion integration,2-环境介导,Environment-mediated pathways,2b-抗生素残留,2b-抗生素残留,温度-季节性变化,环境微生物群落,耐药基因相关性增强,"冬季低温条件（6-12°C）→改变了抗生素与耐药基因间的相互作用动力学→使得sul1, ermB, mphA等耐药基因的丰度与对应抗生素浓度表现出显著的正相关性，暗示低温期抗生素对耐药基因的选择压力更为突出。","""Correlation analysis indicated sul1, ermB and mphA had positive correlation with corresponding antibiotics in February..."" (p.1, Abstract)",2-观察性数据,Observational,2-间接数据支持,Indirect empirical support,1-促进AMR,Promoting AMR,2-观察累积,Observational cumulative/seasonal,3-人造环境,Built or engineered environment,2025-12-25
EVID_84-M5,84,5,Xu et al. (2020),"Characteristics of antibiotics and antibiotic resistance genes in Qingcaosha Reservoir in Yangtze River Delta, China",Abstract-p.1-para.1,3-Discussion数据解释,Discussion interpretation,2-环境介导,Environment-mediated pathways,2d-水土理化性质,2d-水土理化性质,降水-季节模式改变,环境微生物群落,耐药基因清除效率改变,季节性降雨驱动库区水动力过程变化→水库作为“功能区”通过物理沉降或生物降解发挥作用→结果表现为入水口ARGs丰度显著高于出水口，这种由季节性降雨调节的库区处理效应有助于减少ARGs向末梢水的传播风险。,"""As the ARGs abundance was found to be higher in the inflow of the reservoir compared to the outflow, it is considered that reservoir could serve as a functional area contributing to the elimination or dilution of ARGs."" (p.1, Abstract)",5-理论推测,Theoretical/projection,3-理论推测,Theoretical support,2-抑制AMR,Suppressing AMR,4-未明确,Conceptual or unclear,3-人造环境,Built or engineered environment,2025-12-25
EVID_85-M1,85,1,Xie et al. (2018),Seasonal Disparities in Airborne Bacteria and Associated ARGs in PM2.5 between Urban and Rural Sites,Results-p.75-para.1; Abstract-p.74-para.1,1-Results实验数据,Results,2-环境介导,Environment-mediated pathways,2f-其他环境介导,2f-其他环境介导-气溶胶,温度-季节平均温度变化,空气微生物群落,总细菌载量显著降低,季节进入冬季→气温下降导致植被枯萎且农村地区土壤开始结冰或被雪覆盖→显著抑制了源自土壤和植物表面的细菌向大气中的释放（排放通量降低）→最终导致农村地区PM2.5中总细菌（16S rRNA）绝对丰度在冬季出现显著下降。,"""Seasonality was most apparent at the rural site with a remarkable wintertime reduction in the total level of bacteria..."" (p.74, Abstract); ""...levels dramatically declined in winter..."" (Results-p.75-para.1).",2-观察性数据,Observational,1-直接实验验证,Direct empirical support,2-抑制AMR,Suppressing AMR,2-观察累积,Observational cumulative/seasonal,2-自然环境,Natural environment,2025-12-25
EVID_85-M2,85,2,Xie et al. (2018),Seasonal Disparities in Airborne Bacteria and Associated ARGs in PM2.5 between Urban and Rural Sites,Results-p.76-para.2; Abstract-p.74-para.1,1-Results实验数据,Results,2-环境介导,Environment-mediated pathways,2f-其他环境介导,2f-其他环境介导-气溶胶,温度-季节平均温度变化,空气微生物群落,耐药基因丰度增加,"季节性气象变化（冬季）→大气条件趋于静稳且雾霾频发→尽管总细菌载量可能下降，但特定耐药基因（如tetW, ermB）在PM2.5颗粒物中的相对丰度（Normalized to 16S rRNA）发生显著富集→反映了冬季颗粒物载体对ARGs的选择性累积效应。","""...an enrichment of certain ARGs in winter but dilution in spring."" (p.74, Abstract); ""The increasing level of enrichment of ARGs from spring to winter... at the rural site..."" (p.76, para.2).",2-观察性数据,Observational,1-直接实验验证,Direct empirical support,1-促进AMR,Promoting AMR,2-观察累积,Observational cumulative/seasonal,2-自然环境,Natural environment,2025-12-25
EVID_85-M3,85,3,Xie et al. (2018),Seasonal Disparities in Airborne Bacteria and Associated ARGs in PM2.5 between Urban and Rural Sites,Results-p.75-para.2,2-Results+Discussion整合,Results and discussion integration,2-环境介导,Environment-mediated pathways,2f-其他环境介导,2f-其他环境介导-气溶胶,湿度-降低,土壤源细菌,大气细菌载量增加,秋季气候干燥（低湿度）→导致土壤含水率下降，地表变得干燥松散→在风力作用下土壤尘埃更易被卷扬进入大气（排放通量增加）→从而携带更多土壤源细菌进入PM2.5，导致该季节大气中特定细菌群落载量出现峰值。,"""...like the higher emission flux of soil-related bacteria in autumn caused by the low level of humidity..."" (Results-p.75-para.2).",2-观察性数据,Observational,2-间接数据支持,Indirect empirical support,1-促进AMR,Promoting AMR,2-观察累积,Observational cumulative/seasonal,2-自然环境,Natural environment,2025-12-25
EVID_85-M4,85,4,Xie et al. (2018),Seasonal Disparities in Airborne Bacteria and Associated ARGs in PM2.5 between Urban and Rural Sites,Results-p.75-para.2,4-Discussion理论推测,Discussion theoretical interpretation,2-环境介导,Environment-mediated pathways,2f-其他环境介导,2f-其他环境介导-气溶胶,温度-季节性变化,Opportunistic pathogens,耐药基因持久性增强,冬季气温低且大气扩散条件差（雾霾期）→大气PM2.5中累积了高浓度的水溶性无机离子和低分子量有机酸→这些化学组分为颗粒物附着的细菌提供了生存所需的营养成分→支持了耐药菌在大气中的存活与复制，增强了耐药性的持久性。,"""...higher pollution levels in winter... provide considerable amounts of nutrients... for the survival and replication of bacteria..."" (Results-p.75-para.2).",5-理论推测,Theoretical/projection,3-理论推测,Theoretical support,1-促进AMR,Promoting AMR,2-观察累积,Observational cumulative/seasonal,3-人造环境,Built or engineered environment,2025-12-26
EVID_85-M5,85,5,Xie et al. (2018),Seasonal Disparities in Airborne Bacteria and Associated ARGs in PM2.5 between Urban and Rural Sites,Results-p.75-para.1,1-Results实验数据,Results,2-环境介导,Environment-mediated pathways,2d-水土理化性质,2d-水土理化性质,温度-季节性变化,植物源细菌,大气细菌载量恢复/增加,季节交替进入春季→气温回升导致植物进入花期（Blooming）且冻土解冻→植物源和土壤源细菌的释放过程重新激活→使得大气中总细菌载量从冬季的低谷中迅速恢复，PM2.5相关的16S rRNA基因丰度重新上升。,"""...levels dramatically declined in winter while recovering in the following spring..."" (Results-p.75-para.1); ""...total bacteria loading changing with the blooming (spring and summer)..."" (Results-p.75-para.1).",2-观察性数据,Observational,1-直接实验验证,Direct empirical support,1-促进AMR,Promoting AMR,2-观察累积,Observational cumulative/seasonal,2-自然环境,Natural environment,2025-12-26
EVID_86-M1,86,1,Xie et al. (2019),Bacteria and ARGs in PM2.5 from China: Implications for Human Exposure,Results-p.965-para.1,1-Results实验数据,Results,2-环境介导,Environment-mediated pathways,2d-水土理化性质,2d-水土理化性质,温度-季节性变化,空气微生物群落,细菌及耐药基因丰度显著下降,季节性气温下降（冬季）→温带地区地表植被及土壤源活动减弱→大气自然源排放通量显著降低→导致大气PM2.5中总细菌（16S rRNA）及ARGs的绝对浓度在冬季出现断崖式下降（约3个数量级）。,"""Seasonality of the total bacterial loading was most apparent in the temperate urban Beijing, where the absolute concentration of the 16S rRNA gene declined from spring to winter by nearly 3 orders of magnitude..."" (pResults-p.965-para.1)",2-观察性数据,Observational,1-直接实验验证,Direct empirical support,2-抑制AMR,Suppressing AMR,2-观察累积,Observational cumulative/seasonal,2-自然环境,Natural environment,2025-12-26
EVID_86-M2,86,2,Xie et al. (2019),Bacteria and ARGs in PM2.5 from China: Implications for Human Exposure,Results-p.966-para.3,1-Results实验数据,Results,2-环境介导,Environment-mediated pathways,2f-其他环境介导,2f-其他环境介导-气溶胶,温度-季节性变化,Cyanobacteria (蓝细菌),特定耐药菌群相对丰度锐减,季节步入冬季→气温下降导致植物进入休眠期→植物相关细菌（如蓝细菌等潜在耐药宿主）的释放过程受到抑制→导致大气PM2.5中该类特定菌群的相对丰度从春季的24%骤降至1%以下。,"""...the Cyanobacteria phylum... dropped from 24% of total bacteria in spring... to less than 1% in winter... and revived to 47% in the following spring..."" (p.966, para.3)",2-观察性数据,Observational,1-直接实验验证,Direct empirical support,2-抑制AMR,Suppressing AMR,2-观察累积,Observational cumulative/seasonal,2-自然环境,Natural environment,2025-12-26
EVID_86-M3,86,3,Xie et al. (2019),Bacteria and ARGs in PM2.5 from China: Implications for Human Exposure,Results-p.967-para.1,3-Discussion数据解释,Discussion interpretation,3-生态社会介导,Socio-ecological mediation,3e-人口流动,可删除,季节-无显著季节性,人类活动相关细菌 (Anthropogenic),细菌载量季节节律扁平化,城市环境及高人口密度→人类活动相关的稳定源（如垃圾处理、人为排放等）替代了季节性的自然源（如植被）→提供了不受季节气候波动影响的稳定耐药宿主排放→使得城市区域大气ARGs的季节性波动特征消失或被掩盖。,"""With intense anthropogenic activities in urban areas, contributions of natural sources (e.g., vegetation)... were likely replaced by those from anthropogenic sources that are more stable across seasons, thus flattening the seasonal rhythms..."" (p.967, para.1)",2-观察性数据,Observational,2-间接数据支持,Indirect empirical support,3-双向作用,Bidirectional or mixed,2-观察累积,Observational cumulative/seasonal,3-人造环境,Built or engineered environment,2025-12-26
EVID_86-M4,86,4,Xie et al. (2019),Bacteria and ARGs in PM2.5 from China: Implications for Human Exposure,Introduction-p.964-para.3,4-Discussion理论推测,Discussion theoretical interpretation,2-环境介导,Environment-mediated pathways,2d-水土理化性质,2d-水土理化性质,其他-风速风向,地表耐药菌及ARGs,耐药基因全球跨界传播,地表风力作用→驱动土壤、水体表面的细菌及ARG颗粒发生再悬浮或水雾化→形成气溶胶进入大气环流→通过大气远距离传输跨越区域边界→促进了耐药性在全球范围内的广泛播散。,"""...surface bacteria enter the atmosphere via soil resuspension or water spray, and undergo long-range transport driven by wind. Correspondingly, air circulation is one of the driving mechanisms for the global mass movement of microbial life."" (p.964, para.3)",5-理论推测,Theoretical/projection,4-文献综述总结,Review-based support,1-促进AMR,Promoting AMR,3-模型演化,Model/evolutionary,2-自然环境,Natural environment,2025-12-26
EVID_87-M1,87,1,Xiao et al. (2024),Spatial Distribution and Seasonal Variation of Antibiotic-Resistant Bacteria in an Urban River in Northeast China,Introduction-p.2-para.3,4-Discussion理论推测,Discussion theoretical interpretation,2-环境介导,Environment-mediated pathways,2d-水土理化性质,2d-水土理化性质,降水-季节模式改变,未明确菌种 (ARB),耐药基因丰度增加,降水事件发生→雨水对地表及排水系统产生冲刷作用→将环境中残留的抗生素、耐药菌（ARB）及耐药基因（ARGs）直接或间接（通过排水管网）带入河流→导致松花江等城市河流遭受严重的耐药性污染 。,"""These antibiotics, ARB, and ARGs are usually directly discharged into the Songhua River through rainwater washing... which makes the pollution of ARGs in the Songhua River water serious."" (p.2, para.3)",5-理论推测,Theoretical/projection,3-理论推测,Theoretical support,1-促进AMR,Promoting AMR,2-观察累积,Observational cumulative/seasonal,2-自然环境,Natural environment,2025-12-26
EVID_87-M2,87,2,Xiao et al. (2024),Spatial Distribution and Seasonal Variation of Antibiotic-Resistant Bacteria in an Urban River in Northeast China,Results-p.5-para.1; Abstract-p.1-para.1,1-Results实验数据,Results,2-环境介导,Environment-mediated pathways,2d-水土理化性质,2d-水土理化性质,温度-季节性变化,总可培养细菌,总细菌载量增加,季节由冬入春→气温升高及潜在的融雪过程→激活了河道或周边环境中的微生物活性，或加速了支流自然源的释放→导致河流部分采样点（如S5、S6）的总细菌绝对载量在春季显著高于秋季 。,"""...at S5 and S6, the total number of culturable bacteria in spring was higher than that in autumn, and the difference was extremely significant (p < 0.001)."" (Results-p.5-para.1)",2-观察性数据,Observational,1-直接实验验证,Direct empirical support,1-促进AMR,Promoting AMR,2-观察累积,Observational cumulative/seasonal,2-自然环境,Natural environment,2025-12-26
EVID_87-M3,87,3,Xiao et al. (2024),Spatial Distribution and Seasonal Variation of Antibiotic-Resistant Bacteria in an Urban River in Northeast China,Results-p.7-para.1; Abstract-p.1-para.1,1-Results实验数据,Results,2-环境介导,Environment-mediated pathways,2f-其他环境介导,2c-水文条件,温度-季节性变化,多重耐药菌 (MARB),耐药率上升,春季复杂的水文及气象条件（如径流波动或温度适宜性）→促进了具有多种抗生素抗性的菌株在河流环境中的存活与扩散→使得除S2点外的大多数采样点均能筛检出多重耐药菌，其分布广度远超仅在两点检出的秋季 。,"""No multiple antibiotic-resistant bacteria (MARB) were screened in the other four sites in autumn, while MARB were screened in the other three samples except S2 in spring."" (p.1, Abstract)",2-观察性数据,Observational,1-直接实验验证,Direct empirical support,1-促进AMR,Promoting AMR,2-观察累积,Observational cumulative/seasonal,2-自然环境,Natural environment,2025-12-26
EVID_87-M4,87,4,Xiao et al. (2024),Spatial Distribution and Seasonal Variation of Antibiotic-Resistant Bacteria in an Urban River in Northeast China,Results-p.5-para.2,1-Results实验数据,Results,2-环境介导,Environment-mediated pathways,2f-其他环境介导,2-不确定,温度-季节性变化,四环素耐药菌,特定抗生素耐药率增加,秋季特定的环境因素（如较低的水温或降水减少导致的稀释效应减弱）→有利于特定耐药表型的菌株在特定河段富集→导致S1、S3和S4采样点的四环素耐药菌流行率在统计学上显著高于春季 。,"""Among them, tetracycline-resistant bacteria at sampling sites S1, S3, and S4 were more prevalent in autumn than in spring, and there was a significant difference (p < 0.05)."" (Results-p.5-para.2)",2-观察性数据,Observational,1-直接实验验证,Direct empirical support,1-促进AMR,Promoting AMR,2-观察累积,Observational cumulative/seasonal,2-自然环境,Natural environment,2025-12-26
EVID_87-M5,87,5,Xiao et al. (2024),Spatial Distribution and Seasonal Variation of Antibiotic-Resistant Bacteria in an Urban River in Northeast China,Abstract-p.1-para.1; Results-p.7-para.3,2-Results+Discussion整合,Results and discussion integration,2-环境介导,Environment-mediated pathways,2f-其他环境介导,2a-微生物群落,温度-季节性变化,Pseudomonas (假单胞菌属),耐药病原体持续存在,东北寒冷地区季节交替（春秋循环）→调节河流水微生态环境→在该特殊气候背景下，筛选出以假单胞菌属为主的51株耐药菌，涵盖8个致病菌属→证实了季节性波动下耐药病原体在环境中的持续留存与潜在暴露风险 。,"""A total of 51 ARB strains from 15 bacterial genera were screened in the Songhua River, of which 20 ARB strains were from Pseudomonas... Among the 15 bacterial genera, 8 have pathogenicity."" (p.1, Abstract)",2-观察性数据,Observational,1-直接实验验证,Direct empirical support,1-促进AMR,Promoting AMR,2-观察累积,Observational cumulative/seasonal,2-自然环境,Natural environment,2025-12-26
EVID_88-M1,88,1,Xiang (2021),Seasonal change is a major driver of soil resistomes at a watershed scale,Results-p.2-para.1; Results-p.2-para.2,1-Results实验数据,Results,2-环境介导,Environment-mediated pathways,2a-微生物群落,可删除,其他-季节性,,耐药基因多样性增加; 耐药基因丰度增加,其他-季节性（春/夏/秋/冬）→土壤环境中ARG检测数量与相对丰度出现显著季节差异→表现为ARG多样性与丰度在不同季节升高/降低,"“A total of 193 ARGs and 9 MGEs including 8 transposase genes and 1 intI-1(clinic) integron-integrase gene were detected from the watershed soil samples. Numbers of detected ARGs ranged from 21 to 131 in spring, 41 to 99 in summer, 17 to 79 in autumn, and 20 to 102 in winter (Fig. 1A).” (p.2, para.1); “The number of ARGs detected in spring was significantly higher than all other seasons (Fig. 1A). The relative abundance of ARGs ranged from 6.50E-05 to 1.067 copies per 16S rRNA gene in spring, 0.012–0.136 copies per 16S rRNA gene in summer, 0.009–0.242 copies per 16S rRNA gene in autumn, and 0.005–0.928 copies per 16S rRNA gene in winter (Supplementary Fig. S2). By comparison, autumn had significantly lower abundances of ARGs than the other three seasons (P < 0.05).” (p.2, para.2)",2-观察性数据,Observational,2-间接数据支持,Indirect empirical support,3-双向作用,Bidirectional or mixed,2-观察累积,Observational cumulative/seasonal,2-自然环境,Natural environment,2025-12-26
EVID_88-M2,88,2,Xiang (2021),Seasonal change is a major driver of soil resistomes at a watershed scale,Results-p.3-para.1,1-Results实验数据,Results,2-环境介导,Environment-mediated pathways,2a-微生物群落,可删除,其他-季节性,,耐药基因丰度增加,其他-季节性→驱动土壤ARG整体谱系（profile）在季节间发生位移→ARG相对丰度与“季节差异性/不相似度”显著相关→提示季节变化塑造ARG丰度分布,"“Non-metric multidimensional scaling (nMDS) ordinations indicated that seasonal change shifted the overall profile of soil ARGs (Stress = 0.1884, P < 0.01) (Supplementary Fig. S3A).” (p.3, para.1); “A significant correlation was identified between the relative abundance of ARGs and seasonal dissimilarity (R² = 0.0269, P < 0.001) (Supplementary Fig. S4A).” (p.3, para.1)",2-观察性数据,Observational,2-间接数据支持,Indirect empirical support,1-促进AMR,Promoting AMR,2-观察累积,Observational cumulative/seasonal,2-自然环境,Natural environment,2025-12-26
EVID_88-M3,88,3,Xiang (2021),Seasonal change is a major driver of soil resistomes at a watershed scale,Results-p.3-para.1,1-Results实验数据,Results,2-环境介导,Environment-mediated pathways,2a-微生物群落,2a-微生物群落,温度-年均温升高; 降水-年降雨量增加,,耐药基因丰度增加,温度/降水（年均温、年均降水）变化→与潜在ARG宿主菌门（Actinobacteria、Firmicutes、Proteobacteria）显著相关→这些菌群与多类ARG亚型共现紧密→通过“宿主/群落结构”影响ARG丰度与分布,"“Actinobacteria, Firmicutes, and Proteobacteria were highly connected with a variety of ARG subtypes (Supplementary Fig. S7), which covered almost all major classes of antibiotics and were thought to be possible ARG hosts.” (p.3, para.1); “Season played a role in determining the abundance of certain phyla (Supplementary Fig. S7) as annual mean temperature and annual mean precipitation were significantly correlated with Actinobacteria, Firmicutes, and Proteobacteria in soil (P < 0.01) (Supplementary Fig. S8).” (p.3, para.1)",2-观察性数据,Observational,2-间接数据支持,Indirect empirical support,1-促进AMR,Promoting AMR,2-观察累积,Observational cumulative/seasonal,2-自然环境,Natural environment,2025-12-26
EVID_88-M4,88,4,Xiang (2021),Seasonal change is a major driver of soil resistomes at a watershed scale,Discussion-p.4-para.1,3-Discussion数据解释,Discussion interpretation,2-环境介导,Environment-mediated pathways,2b-抗生素残留,2b-抗生素残留,其他-季节性,,耐药基因丰度增加,其他-季节性（冬季等）→（作者解释）有机肥带来的抗生素残留在特定季节形成选择压力→增加驻留耐药性并加速ARG出现与扩散→促进土壤ARG增殖,"“Consequently, antibiotic residues derived from organic fertilizers applied in winter may pose a selection pressure on the soil microbes, increasing resident antibiotic resistance and accelerating new ARG occurrence and subsequent dispersal.” (p.4, para.1)",5-理论推测,Theoretical/projection,3-理论推测,Theoretical support,1-促进AMR,Promoting AMR,4-未明确,Conceptual or unclear,2-自然环境,Natural environment,2025-12-26
EVID_88-M5,88,5,Xiang (2021),Seasonal change is a major driver of soil resistomes at a watershed scale,Discussion-p.5-para.1,3-Discussion数据解释,Discussion interpretation,2-环境介导,Environment-mediated pathways,2d-水土理化性质,2d-水土理化性质,其他-季节性,,耐药基因丰度增加,其他-季节性→（作者解释）季节作为综合代理变量，概括土壤理化条件多重变化→这些变化驱动土壤ARG格局→影响ARG丰度/分布,"“Thus, season is a comprehensive proxy that encapsulates many changes to soil physiochemical conditions that may be driving soil ARG patterns.” (p.5, para.1)",5-理论推测,Theoretical/projection,3-理论推测,Theoretical support,4-不确定,Uncertain,4-未明确,Conceptual or unclear,2-自然环境,Natural environment,2025-12-26
EVID_88-M6,88,6,Xiang (2021),Seasonal change is a major driver of soil resistomes at a watershed scale,Conclusions-p.6-para.1,2-Results+Discussion整合,Results and discussion integration,2-环境介导,Environment-mediated pathways,2a-微生物群落,2a-微生物群落,其他-季节性,,耐药基因丰度增加,其他-季节性→土壤ARG呈季节依赖性，并与ARG谱系季节差异显著负相关→结合模型分析提示“季节变异性”在塑造土壤ARG谱系中起重要作用→影响环境中ARG变化预测,"“ARGs were seasonally dependent. The significant distance-decay relationships identified in spring, summer and winter had low fitness indicating weak distance-decay patterns of soil resistomes. The significant negative correlation between soil ARG profiles and seasonal dissimilarity together with RF model, indicated that seasonal variability played a major role in shaping soil ARG profiles.” (p.6, para.1)",2-观察性数据,Observational,2-间接数据支持,Indirect empirical support,1-促进AMR,Promoting AMR,2-观察累积,Observational cumulative/seasonal,2-自然环境,Natural environment,2025-12-26
EVID_89-M1,89,1,Wu (2022),"Antibiotic resistance genes in Chishui River, a tributary of the Yangtze River, China: Occurrence, seasonal variation and its relationships with antibiotics, heavy metals and microbial communities",Results and discussion-p.7-para.1,2-Results+Discussion整合,Results and discussion integration,2-环境介导,Environment-mediated pathways,2f-其他环境介导,2c-微生物群落,其他-季节性,,环境/样本中耐药基因的绝对或相对数量增加,干季/雨季季节性变化→河流水体环境条件在不同季节发生改变→多数ARGs的平均绝对丰度在干季达到最高→环境中ARGs负荷升高,"“Overall, except for sul3 and erm36, the mean absolute abundance of ARGs reached the maximum in the dry season, and the seasonal variation characteristics of the same ARGs (ermB, erm36, sul1, sul3) were different.” (p.7, para.1)",2-观察性数据,Observational,2-间接数据支持,Indirect empirical support,1-促进AMR,Promoting AMR,2-观察累积,Observational cumulative/seasonal,2-自然环境,Natural environment,2025-12-26
EVID_89-M2,89,2,Wu (2022),"Antibiotic resistance genes in Chishui River, a tributary of the Yangtze River, China: Occurrence, seasonal variation and its relationships with antibiotics, heavy metals and microbial communities",Results and discussion-p.7-para.2,2-Results+Discussion整合,Results and discussion integration,2-环境介导,Environment-mediated pathways,2f-其他环境介导,2c-水文条件,其他-季节性,,环境/样本中耐药基因的绝对或相对数量增加,季节性（干季）→水体稀释/冲刷与输入输出格局改变→特定采样点（W14）ARGs在干季更高并出现累积→局地ARGs负荷升高,"“The abundance of ARGs in W14 (Gulin River) in the dry season was higher than that in other sampling sites (the average abundance of total resistance genes was 1.90 × 10^8 copies/L).” (p.7, para.2)",2-观察性数据,Observational,2-间接数据支持,Indirect empirical support,1-促进AMR,Promoting AMR,2-观察累积,Observational cumulative/seasonal,2-自然环境,Natural environment,2025-12-26
EVID_89-M3,89,3,Wu (2022),"Antibiotic resistance genes in Chishui River, a tributary of the Yangtze River, China: Occurrence, seasonal variation and its relationships with antibiotics, heavy metals and microbial communities",Results and discussion-p.7-para.2,3-Discussion数据解释,Discussion interpretation,2-环境介导,Environment-mediated pathways,2f-其他环境介导,2c-水文条件,其他-季节性,,环境/样本中耐药基因的绝对或相对数量增加,季节性水文/稀释过程→沿河向下游污染物与基因负荷被逐步稀释→ARGs沿河流方向呈下降趋势→ARGs环境丰度降低（但提示受水文稀释调控）,"“Among the four genes (sul1, sul3, tetA and tetW) with a detection rate of >50 %, except sul3, resistance genes showed a decreasing trend along the river direction, of which is consistent with the conclusion drawn by Lee et al., the dilution effect leads to a gradual decrease in ARG abundance along the river direction (Lee et al., 2021).” (p.7, para.2)",5-理论推测,Theoretical/projection,3-理论推测,Theoretical support,2-抑制AMR,Suppressing AMR,4-未明确,Conceptual or unclear,2-自然环境,Natural environment,2025-12-26
EVID_89-M4,89,4,Wu (2022),"Antibiotic resistance genes in Chishui River, a tributary of the Yangtze River, China: Occurrence, seasonal variation and its relationships with antibiotics, heavy metals and microbial communities",Results and discussion-p.4-para.3,3-Discussion数据解释,Discussion interpretation,2-环境介导,Environment-mediated pathways,2b-抗生素残留,2c-水文条件；2b-抗生素残留,降水-极端降雨,,环境/样本中耐药基因的绝对或相对数量增加,强降水（雨季）→径流增加导致河流中抗生素浓度被稀释→环境抗生素选择压力降低→ARGs扩增/维持压力下降（相对干季风险更低）,"“Overall, the concentration level of antibiotics in surface water in the dry season (54.18–425.74 ng/L) was higher than that in the rainy season (66.57–256.40 ng/L), and increased runoff caused by heavy precipitation in the rainy season may dilute the concentration of antibiotics in rivers (Luo et al., 2011).” (p.4, para.3)",2-观察性数据,Observational,2-间接数据支持,Indirect empirical support,4-不确定,Uncertain,2-观察累积,Observational cumulative/seasonal,2-自然环境,Natural environment,2025-12-26
EVID_89-M5,89,5,Wu (2022),"Antibiotic resistance genes in Chishui River, a tributary of the Yangtze River, China: Occurrence, seasonal variation and its relationships with antibiotics, heavy metals and microbial communities",Results and discussion-p.7-para.4,2-Results+Discussion整合,Results and discussion integration,2-环境介导,Environment-mediated pathways,2a-微生物群落,2a-微生物群落,其他-季节性,,环境/样本中耐药基因的绝对或相对数量增加,干季/雨季季节性变化→细菌群落多样性在雨季更高→潜在宿主/载体群落结构与多样性改变→ARGs的环境归趋与传播载体基础发生变化（影响ARGs传播风险）,"“The bacterial community diversity of samples in the rainy season was higher than that in the dry season, and the coverage rate of each sample was >95 %.” (p.7, para.4",2-观察性数据,Observational,2-间接数据支持,Indirect empirical support,4-不确定,Uncertain,2-观察累积,Observational cumulative/seasonal,2-自然环境,Natural environment,2025-12-26
EVID_90-M1,90,1,Wu (2024),"Non-negligible roles of upstream rivers in determining the antibiotic resistance gene community in an interconnected river-lake system (Dongting lake, China)",Discussion-p.7-para.1,3-Discussion数据解释,Discussion interpretation,2-环境介导,Environment-mediated pathways,2a-微生物群落,2c-水文条件,降水-年降雨量增加,NA（环境微生物群落/宏基因组）,耐药基因丰度增加,降水增加（湿季）→流域水动力/输入增强、环境条件改变→ARG呈明显季节格局→湿季ARG丰度显著高于旱季,"“In interconnected river-lake systems, our findings showed an obvious seasonal pattern, characterized by a substantially higher abundance of ARGs during the wet season compared to the dry season (Fernanda et al., 2022; Liang et al., 2020; Rao et al., 2024; Wang et al., 2020, 2021).” (p.7, para.1)",2-观察性数据,Observational,2-间接数据支持,Indirect empirical support,1-促进AMR,Promoting AMR,2-观察累积,Observational cumulative/seasonal,2-自然环境,Natural environment,2025-12-26
EVID_90-M2,90,2,Wu (2024),"Non-negligible roles of upstream rivers in determining the antibiotic resistance gene community in an interconnected river-lake system (Dongting lake, China)",Discussion-p.7-para.2,3-Discussion数据解释,Discussion interpretation,2-环境介导,Environment-mediated pathways,2d-水土理化性质,2d-水土理化性质,降水-年降雨量增加,NA（环境微生物群落/宏基因组）,耐药基因丰度增加,降水增加（湿季）→支流水量/入湖通量↑→重金属类型与输入量↑→重金属共选择压力增强→改变ARG组成并促进ARG维持/传播,"“During the wet season, increased precipitation in Dongting Lake basin resulted in a maximum water volume from tributaries (Ou et al., 2014), which potentially introduced a more types and larger amounts of heavy metals into the lake (Tables S5 and S6) (Bi et al., 2018; Li et al., 2013; Zhang et al., 2018). This, in turn, affected the composition of ARGs (Huang et al., 2012; X. Liu et al., 2018; L. Liu et al., 2018; Zhang et al., 2015).” (p.7, para.2)",2-观察性数据,Observational,2-间接数据支持,Indirect empirical support,1-促进AMR,Promoting AMR,2-观察累积,Observational cumulative/seasonal,2-自然环境,Natural environment,2025-12-26
EVID_90-M3,90,3,Wu (2024),"Non-negligible roles of upstream rivers in determining the antibiotic resistance gene community in an interconnected river-lake system (Dongting lake, China)",Discussion-p.7-para.4,3-Discussion数据解释,Discussion interpretation,2-环境介导,Environment-mediated pathways,2d-水土理化性质,2d-水土理化性质,温度-季节平均温度变化,NA（环境微生物群落/宏基因组）,耐药基因丰度增加,温度季节变化（湿季水温等环境因子改变）→水体理化性质（pH、DO等）与营养盐/重金属变化→ARG群落组成受环境筛选→影响ARG分布与丰度格局,"“Through Mantel analysis conducted in our study, a significant correlation was observed between ARGs communities and various environmental factors during the wet season, including nutrients (e.g. C and N), water temperature, pH, DO, and heavy metals (Fig. 3).” (p.7, para.4)",2-观察性数据,Observational,2-间接数据支持,Indirect empirical support,1-促进AMR,Promoting AMR,2-观察累积,Observational cumulative/seasonal,2-自然环境,Natural environment,2025-12-26
EVID_90-M4,90,4,Wu (2024),"Non-negligible roles of upstream rivers in determining the antibiotic resistance gene community in an interconnected river-lake system (Dongting lake, China)",Discussion-p.8-para.1,3-Discussion数据解释,Discussion interpretation,2-环境介导,Environment-mediated pathways,2d-水土理化性质,2d-水土理化性质,降水-干旱,NA（环境微生物群落/宏基因组）,耐药基因丰度增加,干旱/少雨（旱季）→湖泊水文状态更稳定、扩散与混合过程改变→耐药菌与ARG在水体-沉积物间随机扩散/交换增强→促进ARG在多栖息地定殖与扩散,"“These factors, not only enhanced the stability of the lake but also promoted the random diffusion of antibiotic-resistant bacteria and ARGs, enabling them to colonize, grow, or disperse across the different habitats (water and sediment) (Lin et al., 2021; Nnadozie and Odume, 2019; Suzuki et al., 2019). This diffusion process potentially introduces new ARGs into microbial communities and facilitates the mixing and exchange of ARGs between different microbial populations (Li et al., 2023; Lin et al., 2021).” (p.8, para.1)",5-理论推测,Theoretical/projection,3-理论推测,Theoretical support,1-促进AMR,Promoting AMR,4-未明确,Conceptual or unclear,2-自然环境,Natural environment,2025-12-26
EVID_90-M5,90,5,Wu (2024),"Non-negligible roles of upstream rivers in determining the antibiotic resistance gene community in an interconnected river-lake system (Dongting lake, China)",Conclusion-p.10-para.3,2-Results+Discussion整合,Results and discussion integration,2-环境介导,Environment-mediated pathways,2a-微生物群落,2a-微生物群落,降水-年降雨量增加; 降水-干旱,NA（环境微生物群落/宏基因组）,耐药基因丰度增加,湿季（降水更强）→确定性过程主导ARG群落组装、重金属等环境因子驱动→ARG群落结构受筛选；旱季（少雨）→随机过程主导且长江成为关键影响因子→推动ARG扩散与传播风险,"“During the wet season, deterministic processes dominated the assembly of ARGs communities, with environmental factors such as heavy metals serving as the main driving forces. However, during the dry season, stochastic processes dominated, and the Yangtze River became the significant factor influencing the ARGs.” (p.10, para.3)",2-观察性数据,Observational,2-间接数据支持,Indirect empirical support,1-促进AMR,Promoting AMR,2-观察累积,Observational cumulative/seasonal,2-自然环境,Natural environment,2025-12-26
EVID_91-M1,91,1,Wu (2020),Contamination profile of antibiotic resistance genes in ground water in comparison with surface water,Results-p.6-para.2,1-Results实验数据,Results,2-环境介导,Environment-mediated pathways,2d-水土理化性质,2d-水土理化性质,降水-季节模式改变,,耐药基因多样性增加,干湿季变化（dry vs wet）→地下水环境条件随季节变化→ARG多样性发生显著季节差异（dry season更高）,"“Shannon diversity index in groundwater (Fig. S2) showed that the diversity of ARGs was influenced by seasonal changes in groundwater (p < 0.05). The diversity of ARGs in the dry season was higher than that in the wet season.” (p.6, para.2",2-观察性数据,Observational,2-间接数据支持,Indirect empirical support,1-促进AMR,Promoting AMR,2-观察累积,Observational cumulative/seasonal,2-自然环境,Natural environment,2025-12-26
EVID_91-M2,91,2,Wu (2020),Contamination profile of antibiotic resistance genes in ground water in comparison with surface water,Results-p.6-para.5,1-Results实验数据,Results,2-环境介导,Environment-mediated pathways,2d-水土理化性质,2d-水土理化性质,降水-季节模式改变,,耐药基因丰度增加,干湿季变化（dry vs wet）→河流水体中部分ARG丰度出现显著季节差异→干季（dry season）ARG丰度显著升高,"“The univariate test showed that the abundances of tetH, blaTEM and uidA in river water from the dry season were significantly higher than those from the wet season (p < 0.01).” (p.6, para.5)",2-观察性数据,Observational,2-间接数据支持,Indirect empirical support,1-促进AMR,Promoting AMR,2-观察累积,Observational cumulative/seasonal,2-自然环境,Natural environment,2025-12-26
EVID_91-M3,91,3,Wu (2020),Contamination profile of antibiotic resistance genes in ground water in comparison with surface water,Results-p.6-para.3,1-Results实验数据,Results,2-环境介导,Environment-mediated pathways,2d-水土理化性质,2d-水土理化性质,降水-季节模式改变,,耐药基因多样性增加,干湿季变化（dry vs wet）→河流水体ARG群落结构/多样性随季节波动→ARG多样性在河流水体呈显著季节性变化,"“Additionally, the Shannon diversity index indicated that the ARG diversities had seasonal variations in river water (p < 0.01) but did not appear in sediment (Fig. S2).” (p.6, para.5)",2-观察性数据,Observational,2-间接数据支持,Indirect empirical support,4-不确定,Uncertain,2-观察累积,Observational cumulative/seasonal,2-自然环境,Natural environment,2025-12-26
EVID_91-M4,91,4,Wu (2020),Contamination profile of antibiotic resistance genes in ground water in comparison with surface water,Discussion-p.7-para.5,3-Discussion数据解释,Discussion interpretation,2-环境介导,Environment-mediated pathways,2d-水土理化性质,2d-水土理化性质,降水-季节模式改变,,耐药基因丰度增加,干湿季变化（dry vs wet）→地表水ARG分布总体差异不显著但特定基因丰度在干季升高→tetH与blaTEM在干季显著更高,"“According to Hotelling's T2 test, the distributions of ARGs in groundwater, surface water and sediment between two seasons had no significant difference. Only the abundance of tetH and blaTEM in surface water from the dry season were significantly higher than those in the wet season.” (p.7, para.3)",2-观察性数据,Observational,2-间接数据支持,Indirect empirical support,1-促进AMR,Promoting AMR,2-观察累积,Observational cumulative/seasonal,2-自然环境,Natural environment,2025-12-26
EVID_91-M5,91,5,Wu (2020),Contamination profile of antibiotic resistance genes in ground water in comparison with surface water,Discussion-p.7-para.5; Discussion-p.7-para.3,3-Discussion数据解释,Discussion interpretation,3-生态社会介导,Socio-ecological mediation,3g-其他社会介导,可删除,温度-季节性变化,,耐药基因丰度/分布季节性变化,冬夏季节变化→市政污水中抗生素浓度呈季节性（冬高夏低）→ARG季节性变化可能部分由抗生素浓度变化驱动,"“Seasonal variation of ARGs may be partly due to the changed antibiotics concentration. The concentration of antibiotics in municipal wastewater presented obvious seasonal variation: higher in winter and lower in summer,” (p.7, para.2) + “summer, which is positive and is associated with the usage of antibiotics in different seasons” (p.7, para.3)",5-理论推测,Theoretical/projection,3-理论推测,Theoretical support,1-促进AMR,Promoting AMR,4-未明确,Conceptual or unclear,3-人造环境,Built or engineered environment,2025-12-26
EVID_93-M1,93,1,Wang (2024),Wastewater surveillance for antibiotics and resistance genes in a river catchment: Spatiotemporal variations and the main drivers,Results and discussion-p.6-para.2,3-Discussion数据解释,Discussion interpretation,2-环境介导,Environment-mediated pathways,2a-微生物群落,2a-微生物群落,温度-季节平均温度变化,,耐药基因丰度增加,季节平均温度变化（夏>冬）→细菌群落绝对丰度受温度驱动改变→ARGs丰度在夏季相对更高→环境中耐药基因负荷上升,"“ARG abundance was higher during the summer than winter, as temperature was an important factor influencing the absolute abundance of the bacterial community (Zheng et al., 2018), which was also in agreement with this study.” (p.6, para.2)",2-观察性数据,Observational,2-间接数据支持,Indirect empirical support,1-促进AMR,Promoting AMR,2-观察累积,Observational cumulative/seasonal,3-人造环境,Built or engineered environment,2025-12-26
EVID_93-M2,93,2,Wang (2024),Wastewater surveillance for antibiotics and resistance genes in a river catchment: Spatiotemporal variations and the main drivers,Results and discussion-p.9-para.2,4-Discussion理论推测,Discussion theoretical interpretation,1-直接生物学效应,Direct biological mechanisms,1h-其他直接生物学,1c-水平基因转移,温度-季节平均温度变化,,HGT频率增加,温度与太阳辐射/紫外辐射增强→整合酶（integrases）活性增强→ARGs水平转移更易发生→HGT频率增加并促进耐药基因扩散,"“Environmental conditions, such as temperature and solar radiation, have been evidenced to promote the horizontal transfer of ARGs by enhancing the activity of integrases (Wang et al., 2022).” (p.9, para.2)",5-理论推测,Theoretical/projection,3-理论推测,Theoretical support,1-促进AMR,Promoting AMR,4-未明确,Conceptual or unclear,5-未明确,Mixed or unspecified,2025-12-26
EVID_93-M3,93,3,Wang (2024),Wastewater surveillance for antibiotics and resistance genes in a river catchment: Spatiotemporal variations and the main drivers,Results and discussion-p.9-para.2,3-Discussion数据解释,Discussion interpretation,2-环境介导,Environment-mediated pathways,2f-其他环境介导,2c-水文条件,降水-年降雨量增加,,耐药基因丰度增加,年降雨量增加→年径流/河流冲刷与稀释增强→河流中ARGs发生频率/浓度受径流负向驱动下降→耐药基因丰度降低（稀释效应）,"“As shown in Fig. 5F, the levels were positively correlation with prescription data (0.46), per capital GDP (0.25), and population served (0.57), and negatively correlated with annual runoff (−0.49).” (p.9, para.2)",2-观察性数据,Observational,2-间接数据支持,Indirect empirical support,2-抑制AMR,Suppressing AMR,2-观察累积,Observational cumulative/seasonal,2-自然环境,Natural environment,2025-12-26
EVID_93-M4,93,4,Wang (2024),Wastewater surveillance for antibiotics and resistance genes in a river catchment: Spatiotemporal variations and the main drivers,Results and discussion-p.9-para.2,3-Discussion数据解释,Discussion interpretation,2-环境介导,Environment-mediated pathways,2f-其他环境介导,2c-水文条件,降水-季节模式改变,,耐药基因丰度增加,降水季节模式改变→径流（runoff）时空差异改变→与抗生素使用及社会经济活动共同作用→影响河流/污水中ARGs分布格局与水平→改变耐药基因丰度,"“This suggests that variations in precipitation (runoff), antibiotic usage, and socio-economic activities affect the distribution patterns of ARGs in rivers (Sabri et al., 2020; Awad et al., 2015).” (p.9, para.2)",5-理论推测,Theoretical/projection,3-理论推测,Theoretical support,4-不确定,Uncertain,4-未明确,Conceptual or unclear,2-自然环境,Natural environment,2025-12-26
EVID_93-M5,93,5,Wang (2024),Wastewater surveillance for antibiotics and resistance genes in a river catchment: Spatiotemporal variations and the main drivers,Conclusion-p.9-para.3,2-Results+Discussion整合,Results and discussion integration,2-环境介导,Environment-mediated pathways,2f-其他环境介导,2c-水文条件,温度-季节平均温度变化,,耐药基因丰度增加,季节平均温度变化（秋季vs春季）→ARGs在不同季节出现稳定的季节差异与分布格局→导致流域/污水与受纳水体ARGs发生“inter-season”变化→耐药基因丰度发生季节性波动,"“The peak values were found on the weekends, and the change patterns of ARGs were constant inter-week and inter-season (autumn and spring).” (p.9, para.3)",2-观察性数据,Observational,2-间接数据支持,Indirect empirical support,4-不确定,Uncertain,2-观察累积,Observational cumulative/seasonal,3-人造环境,Built or engineered environment,2025-12-26
EVID_94-M1,94,1,Wang (2022),Seasonal distribution of antibiotic resistance genes under the influence of land-ocean interaction in a semi-enclosed bay,Results and discussion-p.4-para.2,1-Results实验数据,Results,2-环境介导,Environment-mediated pathways,2d-水土理化性质,2d-水土理化性质,温度-季节平均温度变化,,耐药基因丰度增加,温度季节变化（夏季水温更高）→与ARG丰度显著正相关→高温季节ARG绝对丰度升高→推动沿海海湾水体ARG增加,"“Water temperature was regarded as a significant factor to drive the change of bacterial community and ARGs (Zheng et al., 2018). It was found that the abundance of ARGs in summer (21–26 °C) was the highest (2.81 × 10⁹ copies/L) through the year (2–5 °C) was significantly lower (0.12–0.36 times), and other seasons reported by Zheng et al. (2018).” (p.4, para.2)",2-观察性数据,Observational,2-间接数据支持,Indirect empirical support,1-促进AMR,Promoting AMR,2-观察累积,Observational cumulative/seasonal,2-自然环境,Natural environment,2025-12-26
EVID_94-M2,94,2,Wang (2022),Seasonal distribution of antibiotic resistance genes under the influence of land-ocean interaction in a semi-enclosed bay,Results and discussion-p.7-para.6,2-Results+Discussion整合,Results and discussion integration,2-环境介导,Environment-mediated pathways,2d-水土理化性质,2d-水土理化性质,降水-极端降雨,,耐药基因丰度增加,降雨增加→淡水输入与稀释效应改变→降雨最少季节稀释效应最弱→沿海水体ARG水平升高,"“The average monthly rainfall was shown in Fig. 7. Autumn was the season with the least rainfall and dilution effect on ARGs in Yantai, which leading to the higher ARGs abundance in coastal waters, TN and TP reflected the nutrient level of waters and were positively correlated with ARGs and intI1 (Lu et al., 2020, 2022b; )” (p.7, para.6)",2-观察性数据,Observational,2-间接数据支持,Indirect empirical support,1-促进AMR,Promoting AMR,2-观察累积,Observational cumulative/seasonal,2-自然环境,Natural environment,2025-12-26
EVID_94-M3,94,3,Wang (2022),Seasonal distribution of antibiotic resistance genes under the influence of land-ocean interaction in a semi-enclosed bay,Results and discussion-p.7-para.6,1-Results实验数据,Results,2-环境介导,Environment-mediated pathways,2d-水土理化性质,2d-水土理化性质,温度-季节平均温度变化,,耐药基因丰度增加,温度、盐度及营养盐等环境变量季节变化→共同解释ARG丰度变化→PCA/RDA显示温度与营养盐为关键驱动→推动ARG在不同季节增殖,"“It was illustrated that the ARGs proliferation of the samples was influenced by the significant environmental factors. As shown in Fig. 6b, TN, TP, salinity, nitrate, silicate and temperature were the significant environmental variables affecting ARGs proliferation.” (p.7, para.6)",2-观察性数据,Observational,2-间接数据支持,Indirect empirical support,1-促进AMR,Promoting AMR,2-观察累积,Observational cumulative/seasonal,2-自然环境,Natural environment,2025-12-26
EVID_94-M4,94,4,Wang (2022),Seasonal distribution of antibiotic resistance genes under the influence of land-ocean interaction in a semi-enclosed bay,Results and discussion-p.5-para.2,3-Discussion数据解释,Discussion interpretation,2-环境介导,Environment-mediated pathways,2d-水土理化性质,2d-水土理化性质,温度-季节平均温度变化,,耐药基因丰度增加,高温→水体溶解氧下降→改变好氧/厌氧菌群结构→促使ARG与移动遗传元件传播→ARG传输与扩增,"“Dissolved oxygen would be reduced at high temperature, and the lower dissolved oxygen would inevitably affect the microbial community structure of aerobic bacteria and anaerobic bacteria in the aquatic environment (Sun et al., 2021). Therefore, dissolved oxygen in the sampling environment was identified as an important factor related to the absolute abundance of ARGs (Rodriguez et al., 2021). Rainfall was reported as a mobile reservoir to facilitate the transmission and proliferation of ARGs and mobile genetic elements (MGEs) from other media to soil (Pallares-Vega et al., 2021).” (p.5, para.2)",5-理论推测,Theoretical/projection,3-理论推测,Theoretical support,1-促进AMR,Promoting AMR,4-未明确,Conceptual or unclear,2-自然环境,Natural environment,2025-12-26
EVID_94-M5,94,5,Wang (2022),Seasonal distribution of antibiotic resistance genes under the influence of land-ocean interaction in a semi-enclosed bay,Conclusions-p.8-para.2,2-Results+Discussion整合,Results and discussion integration,2-环境介导,Environment-mediated pathways,2a-微生物群落,2a-微生物群落,温度-季节平均温度变化,,耐药基因丰度增加,温度、降雨稀释效应、海水分层与陆源排放等季节性变化→共同驱动ARG季节分布→导致表层海水ARG在特定季节上升,"“In brief, the land-based discharge, seawater stratification, rainfall dilution effect, and human activity intensity were the main driving factors for the seasonal proliferation of ARGs. The proposed mechanisms for the seasonal proliferation of ARGs in coastal bay under the influence of land-ocean interaction were summarized as Fig. 7. The predominant driving factors including the land-based discharge and seawater stratification increased from spring to summer, which led to the sharp increase in ARGs abundance.” (p.8, para.2)",2-观察性数据,Observational,2-间接数据支持,Indirect empirical support,1-促进AMR,Promoting AMR,2-观察累积,Observational cumulative/seasonal,2-自然环境,Natural environment,2025-12-26
EVID_95-M1,95,1,Wang (2020),"Occurrence, distribution, and source track of antibiotics and antibiotic resistance genes in the rivers of Chongqing city, southwestern China",Results and discussion-p.9-para.1,1-Results实验数据,Results,2-环境介导,Environment-mediated pathways,2a-微生物群落,可删除,其他-季节性,,耐药基因丰度增加,季节性（March vs September）→ARG相对丰度呈季节差异→March更高→耐药基因丰度增加,"“In summary, the relative abundance of ARGs was higher in March than that in September, higher in waters than in sediments, and higher in downtown than in county.” (p.9, para.1)",2-观察性数据,Observational,2-间接数据支持,Indirect empirical support,1-促进AMR,Promoting AMR,2-观察累积,Observational cumulative/seasonal,2-自然环境,Natural environment,2025-12-26
EVID_95-M2,95,2,Wang (2020),"Occurrence, distribution, and source track of antibiotics and antibiotic resistance genes in the rivers of Chongqing city, southwestern China",Results and discussion-p.9-para.2,2-Results+Discussion整合,Results and discussion integration,3-生态社会介导,Socio-ecological mediation,3b-人用抗生素,可删除,其他-季节性,,耐药基因丰度增加,季节性（March vs September）→粪源污染指示物（MST）相对丰度呈季节差异→与抗生素分布一致→可能增强耐药相关选择压力,"“The results of the detection frequencies of HF183 and Pig-2-Bac in this study were 100 % and 83.33 % (n = 48), respectively, and the average relative abundance of HF183 and Pig-2-Bac in water and sediments were higher in March than those in September, which was consistent with the distribution of antibiotics.” (p.9, para.2)",2-观察性数据,Observational,2-间接数据支持,Indirect empirical support,1-促进AMR,Promoting AMR,2-观察累积,Observational cumulative/seasonal,2-自然环境,Natural environment,2025-12-26
EVID_95-M3,95,3,Wang (2020),"Occurrence, distribution, and source track of antibiotics and antibiotic resistance genes in the rivers of Chongqing city, southwestern China",Results and discussion-p.10-para.4,2-Results+Discussion整合,Results and discussion integration,2-环境介导,Environment-mediated pathways,2d-水土理化性质,2d-水土理化性质,温度-季节性变化,,耐药基因丰度增加,温度等理化因子（September水体）→调控抗生素与MST指示物分布→环境条件变化与耐药相关暴露背景耦合,"“Temperature, pH, oxidation reduction potential, total organic carbon and nitrite were the main factors that regulated the distribution and occurrence of antibiotics (STZ, SMZ, SMX, NOR and RTM) and MST (HF183) indicators in waters in September of this study with most of their p value lower than 0.05 (Fig. 5c).” (p.10, para.4)",2-观察性数据,Observational,2-间接数据支持,Indirect empirical support,1-促进AMR,Promoting AMR,2-观察累积,Observational cumulative/seasonal,2-自然环境,Natural environment,2025-12-26
EVID_95-M4,95,4,Wang (2020),"Occurrence, distribution, and source track of antibiotics and antibiotic resistance genes in the rivers of Chongqing city, southwestern China",Results and discussion-p.10-para.4,2-Results+Discussion整合,Results and discussion integration,2-环境介导,Environment-mediated pathways,2d-水土理化性质,2d-水土理化性质,温度-季节性变化,,耐药基因丰度增加,温度等理化因子（September水体）→对ARG分布影响不显著→提示“气候/理化→ARG”在该月不一定成立,"“However, the occurrence and distribution of target ARGs were not affected by detected physio-chemical properties in water in September.” (p.10, para.4)",2-观察性数据,Observational,2-间接数据支持,Indirect empirical support,4-不确定,Uncertain,2-观察累积,Observational cumulative/seasonal,2-自然环境,Natural environment,2025-12-26
EVID_95-M5,95,5,Wang (2020),"Occurrence, distribution, and source track of antibiotics and antibiotic resistance genes in the rivers of Chongqing city, southwestern China",Results and discussion-p.10-para.4,2-Results+Discussion整合,Results and discussion integration,2-环境介导,Environment-mediated pathways,2d-水土理化性质,2d-水土理化性质,温度-季节性变化,,耐药基因丰度增加,温度变化→粪源指示物HF183与温度呈负相关→提示气候相关因子可影响粪源输入/存活→间接影响AMR暴露背景,"“HF183 showed positive correlation with pH and chemical oxygen demand (p < 0.05) but negative correlation with temperature and dissolved oxygen contents (p < 0.05).” (p.10, para.4)",2-观察性数据,Observational,2-间接数据支持,Indirect empirical support,1-促进AMR,Promoting AMR,2-观察累积,Observational cumulative/seasonal,2-自然环境,Natural environment,2025-12-26
EVID_96-M1,96,1,Wang (2025),Effect of cyanobacterial bloom proliferation on antibiotic resistance genes in the lake sediments of a eutrophic lake,Results-p.4-para.1,1-Results实验数据,Results,2-环境介导,Environment-mediated pathways,2a-微生物群落,2a-微生物群落,温度-季节性变化,未明确,耐药基因丰度增加,温度-季节变化（冬春 vs 夏秋）→蓝藻水华季节性暴发并促进底泥微生物群落变化→ARGs更丰富/丰度更高→耐药基因丰度增加,"""Chl-a abundance at each sampling point gradually increased from winter to summer and decreased in autumn. Throughout the year, Chl-a abundance was much higher in summer and autumn than in winter and spring."" (p.4, para.1)",2-观察性数据,Observational,2-间接数据支持,Indirect empirical support,1-促进AMR,Promoting AMR,2-观察累积,Observational cumulative/seasonal,2-自然环境,Natural environment,2025-12-26
EVID_96-M2,96,2,Wang (2025),Effect of cyanobacterial bloom proliferation on antibiotic resistance genes in the lake sediments of a eutrophic lake,Results-p.4-para.1,1-Results实验数据,Results,2-环境介导,Environment-mediated pathways,2d-水土理化性质,2d-水土理化性质,温度-季节性变化,未明确,耐药基因丰度增加,温度-季节变化→底泥中ARGs组成呈现明显季节差异（冬春 vs 夏秋）→水华季节ARGs在夏秋更占优势→耐药基因丰度增加,"""A total of 22 ARGs and 199 ARG subtypes were detected in the ChaoHu Lake sediments, with the total ARG abundance from 174.56 to 821.34."" (p.4, para.1)",2-观察性数据,Observational,2-间接数据支持,Indirect empirical support,1-促进AMR,Promoting AMR,2-观察累积,Observational cumulative/seasonal,2-自然环境,Natural environment,2025-12-26
EVID_96-M3,96,3,Wang (2025),Effect of cyanobacterial bloom proliferation on antibiotic resistance genes in the lake sediments of a eutrophic lake,Results-p.4-para.2,1-Results实验数据,Results,2-环境介导,Environment-mediated pathways,2d-水土理化性质,2d-水土理化性质,温度-季节性变化,未明确,耐药基因丰度增加,温度-季节变化→ARGs季节变化：夏秋显著高于冬春→蓝藻水华期ARGs更丰富→耐药基因丰度增加,"""Compared with winter and spring, in summer and autumn, the total ARG abundance was significantly higher in January and April than in June and November (P < 0.05)."" (p.4, para.2)",2-观察性数据,Observational,2-间接数据支持,Indirect empirical support,1-促进AMR,Promoting AMR,2-观察累积,Observational cumulative/seasonal,2-自然环境,Natural environment,2025-12-26
EVID_96-M4,96,4,Wang (2025),Effect of cyanobacterial bloom proliferation on antibiotic resistance genes in the lake sediments of a eutrophic lake,Results-p.5-para.2,1-Results实验数据,Results,2-环境介导,Environment-mediated pathways,2a-微生物群落,2a-微生物群落,温度-季节性变化,未明确,耐药基因丰度增加,温度-季节变化→蓝藻水华在夏秋更强→与ARGs优势类型变化一致（bacitracin→multidrug→sulfonamides）→ARGs组成转变并增加→耐药基因丰度增加,"""The top two ARG types in the sediments of ChaoHu Lake were bacitracin and multidrug, respectively, accounting for 16.15 % and 15.13 % of total ARGs abundance, followed by sulfonamide, tetracycline, beta lactam, aminoglycoside, etc."" (p.5, para.2)",2-观察性数据,Observational,2-间接数据支持,Indirect empirical support,1-促进AMR,Promoting AMR,2-观察累积,Observational cumulative/seasonal,2-自然环境,Natural environment,2025-12-26
EVID_96-M5,96,5,Wang (2025),Effect of cyanobacterial bloom proliferation on antibiotic resistance genes in the lake sediments of a eutrophic lake,Discussion-p.7-para.3,3-Discussion数据解释,Discussion interpretation,2-环境介导,Environment-mediated pathways,2a-微生物群落,2a-微生物群落,温度-季节性变化,未明确,耐药基因丰度增加,温度-季节变化→蓝藻水华与环境因子共同驱动→ARGs在冬春与夏秋显著不同→季节性“水华强度”改变微生物结构→促进ARGs,"""ARGs in the sediments showed seasonal variations about 1.0 % for the total, high-rich ARG included in mgatA [bacitracin resistance genes (CphoA, CphoB, CphoC, CphoD)], multidrug resistance gene [mdtF and acrB], sulfonamide resistance genes (sul1, sul2, and sul3), with dominant distribution in winter and spring."" (p.7, para.3)",2-观察性数据,Observational,2-间接数据支持,Indirect empirical support,3-双向作用,Bidirectional or mixed,2-观察累积,Observational cumulative/seasonal,2-自然环境,Natural environment,2025-12-26
EVID_96-M6,96,6,Wang (2025),Effect of cyanobacterial bloom proliferation on antibiotic resistance genes in the lake sediments of a eutrophic lake,Conclusion-p.10-para.1,2-Results+Discussion整合,Results and discussion integration,2-环境介导,Environment-mediated pathways,2a-微生物群落,2a-微生物群落,温度-季节性变化,未明确,耐药基因丰度增加,温度-季节变化→蓝藻水华暴发→改变水体微生物群落与环境理化条件→促进ARGs富集与传播风险→耐药基因丰度增加,"""The results showed that cyanobacterial bloom proliferation could increase ARGs abundance in lake sediments."" (p.10, para.1)",4-文献综述,Review-based,2-间接数据支持,Indirect empirical support,1-促进AMR,Promoting AMR,2-观察累积,Observational cumulative/seasonal,2-自然环境,Natural environment,2025-12-26
EVID_98-M1,98,1,van Hees (2007),Regional and seasonal differences in incidence and antibiotic resistance of Campylobacter from a nationwide surveillance study in The Netherlands: an overview of 2000–2004,Results-Temporal and seasonal trends-p.307-para.4,1-Results实验数据,Results,2-环境介导,Environment-mediated pathways,2a-微生物群落,2a-微生物群落,温度-季节平均温度变化,Campylobacter spp.,耐药率升高,温度季节变化（夏季）→Campylobacter感染发病率在夏季更高→人群暴露/传播机会增加→与耐药季节差异共同出现,"“Analysis of fluoroquinolone and macrolide resistance among Campylobacter isolates in the ISIS project demonstrated an inverse seasonal pattern, with higher incidence and lower resistance rates in summer, and lower incidence and higher resistance rates in winter (Fig. 3).” (p.307, para.4)",2-观察性数据,Observational,2-间接数据支持,Indirect empirical support,3-双向作用,Bidirectional or mixed,2-观察累积,Observational cumulative/seasonal,2-自然环境,Natural environment,2025-12-27
EVID_98-M2,98,2,van Hees (2007),Regional and seasonal differences in incidence and antibiotic resistance of Campylobacter from a nationwide surveillance study in The Netherlands: an overview of 2000–2004,Results-Temporal and seasonal trends-p.307-para.4,1-Results实验数据,Results,2-环境介导,Environment-mediated pathways,2a-微生物群落,可删除,温度-季节平均温度变化,Campylobacter spp.,耐药率升高,温度季节变化（冬季）→Campylobacter感染发病率降低→耐药率反而升高→提示季节性环境/行为改变影响耐药选择与传播,"“Analysis of fluoroquinolone and macrolide resistance among Campylobacter isolates in the ISIS project demonstrated an inverse seasonal pattern, with higher incidence and lower resistance rates in summer, and lower incidence and higher resistance rates in winter (Fig. 3).” (p.307, para.4)",2-观察性数据,Observational,2-间接数据支持,Indirect empirical support,1-促进AMR,Promoting AMR,2-观察累积,Observational cumulative/seasonal,2-自然环境,Natural environment,2025-12-27
EVID_98-M3,98,3,van Hees (2007),Regional and seasonal differences in incidence and antibiotic resistance of Campylobacter from a nationwide surveillance study in The Netherlands: an overview of 2000–2004,Results-Temporal and seasonal trends-p.307-para.4,1-Results实验数据,Results,2-环境介导,Environment-mediated pathways,2a-微生物群落,可删除,温度-季节平均温度变化,Campylobacter spp.,耐药率升高,温度季节变化→阳性培养比例冬季更高而夏季更低→与耐药季节差异一致→季节环境条件改变影响感染检出/传播与耐药格局,"“The percentage of positive Campylobacter cultures was higher in the winter than in the summer (8.2% vs. 4.3%). This inverse relationship was confirmed in the LSI project.” (p.307, para.4)",2-观察性数据,Observational,2-间接数据支持,Indirect empirical support,3-双向作用,Bidirectional or mixed,2-观察累积,Observational cumulative/seasonal,2-自然环境,Natural environment,2025-12-27
EVID_98-M4,98,4,van Hees (2007),Regional and seasonal differences in incidence and antibiotic resistance of Campylobacter from a nationwide surveillance study in The Netherlands: an overview of 2000–2004,Discussion-p.309-para.2,3-Discussion数据解释,Discussion interpretation,3-生态社会介导,Socio-ecological mediation,3a-疾病负担,3b-人用抗生素（感染增加）,温度-季节平均温度变化,Campylobacter spp.,耐药率升高,季节变化（冬季呼吸道感染等增加）→抗生素处方频率冬季更高→选择压力增强→导致大环内酯/氟喹诺酮耐药季节性升高,"“An alternative explanation for seasonal variation in resistance to erythromycin and fluoroquinolones may be selective pressure resulting from antibiotic therapy for respiratory infections, prescribed most frequently during the winter.” (p.309, para.2)",5-理论推测,Theoretical/projection,3-理论推测,Theoretical support,1-促进AMR,Promoting AMR,4-未明确,Conceptual or unclear,2-自然环境,Natural environment,2025-12-27
EVID_98-M5,98,5,van Hees (2007),Regional and seasonal differences in incidence and antibiotic resistance of Campylobacter from a nationwide surveillance study in The Netherlands: an overview of 2000–2004,Discussion-p.309-para.2,3-Discussion数据解释,Discussion interpretation,3-生态社会介导,Socio-ecological mediation,3b-人用抗生素,3b-人用抗生素（感染增加）,温度-季节平均温度变化,Campylobacter spp.,耐药率升高,季节变化（夏季烧烤等食品行为）→可能增加暴露与感染→驱动季节性发病上升→在不同季节与耐药差异共同出现,"“Presumably, different sources of Campylobacter (e.g., swimming, water) predominated during summer, and were associated with lower rates of fluoroquinolone and macrolide resistance [24].” (p.309, para.2)",5-理论推测,Theoretical/projection,3-理论推测,Theoretical support,4-不确定,Uncertain,4-未明确,Conceptual or unclear,2-自然环境,Natural environment,2025-12-27
EVID_99-M1,99,1,Truong et al. (2021),Prevalence of Antibiotic Resistance Genes in the Saigon River Impacted by Anthropogenic Activities,Results and Discussion-3.3-p.9-para.1,1-Results实验数据,Results,2-环境介导,Environment-mediated pathways,2d-水土理化性质,2d-水土理化性质,降水-干旱,NA（环境微生物群落）,耐药基因相对丰度增加,旱季（降水少/干旱）→河流水体稀释效应较弱、污染物/选择压力相对集中→观察到几乎所有ARG与整合子相对丰度在旱季高于雨季→对应ARG水平较高,"“In general, almost all of the ARGs and integrons in the dry season were detected at significantly higher levels than those in the wet season (Figure 3, Table S4).” (p.9, para.1)",2-观察性数据,Observational,2-间接数据支持,Indirect empirical support,1-促进AMR,Promoting AMR,2-观察累积,Observational cumulative/seasonal,2-自然环境,Natural environment,2025-12-30
EVID_99-M2,99,2,Truong et al. (2021),Prevalence of Antibiotic Resistance Genes in the Saigon River Impacted by Anthropogenic Activities,Results and Discussion-3.3-p.9-para.1,1-Results实验数据,Results,2-环境介导,Environment-mediated pathways,2d-水土理化性质,2d-水土理化性质,降水-干旱,NA（环境微生物群落）,耐药基因相对丰度增加,旱季（降水少）→多个ARG（aac(6)-Ib-cr、blaCTX、blaSHV、blaTEM、sul2、dfrA、intI2、oqxB等）在旱季达到雨季的1–2个数量级→与旱季ARG维持/富集相一致,"“The levels of aac(6)-Ib-cr, blaCTX, blaSHV, blaTEM, sul2, dfrA, intI2, and oqxB in the dry season were found to be one to two orders of magnitude higher than those in the wet season, while the levels of qnrA, qnrB, sul1, intI1, and intI3 in the dry season were observed to be less than one order of magnitude higher than those in the wet season.” (p.9, para.1)",2-观察性数据,Observational,2-间接数据支持,Indirect empirical support,1-促进AMR,Promoting AMR,2-观察累积,Observational cumulative/seasonal,2-自然环境,Natural environment,2025-12-30
EVID_99-M3,99,3,Truong et al. (2021),Prevalence of Antibiotic Resistance Genes in the Saigon River Impacted by Anthropogenic Activities,Results and Discussion-3.3-p.9-para.1,3-Discussion数据解释,Discussion interpretation,2-环境介导,Environment-mediated pathways,2d-水土理化性质,2d-水土理化性质,降水-年降雨量增加,NA（环境微生物群落）,耐药基因相对丰度降低,雨季（降雨量增加、日常降雨）→河流水体对“选择性因子”（抗菌剂、重金属、生物杀灭剂等）稀释增强→选择压力下降→与雨季ARG/整合子水平更低相一致,"“The abundances of those selective agents for the development of antibiotic resistance in the Saigon River can be highly diluted in the wet season by the daily rains in Ho Chi Minh City.” (p.9, para.1)",5-理论推测,Theoretical/projection,3-理论推测,Theoretical support,2-抑制AMR,Suppressing AMR,4-未明确,Conceptual or unclear,2-自然环境,Natural environment,2025-12-30
EVID_99-M4,99,4,Truong et al. (2021),Prevalence of Antibiotic Resistance Genes in the Saigon River Impacted by Anthropogenic Activities,Results and Discussion-3.4-p.10-para.1,1-Results实验数据,Results,2-环境介导,Environment-mediated pathways,2d-水土理化性质,2d-水土理化性质,温度-季节平均温度变化,NA（环境微生物群落）,耐药基因丰度增加,水温升高（样品温度范围）→与ARG/整合子/16S rRNA呈显著正相关→对应较高温条件下ARG及相关细菌丰度较高,"“Significant positive correlations were found between BOD5, pH, and temperature with all ARGs, integrons, and 16S rRNA gene samples (Tables S5 and S6). The pH and temperature values of all the surface water samples were detected in the range of 6.1–7.14 and 28.1–31.1 °C, respectively (data not shown), which were the neutral conditions for bacterial growth, while the high BOD5 values indicated organic contamination in the surface water. These strong correlations indicated that organic contamination could facilitate the growth of total bacteria, including the ARG/integron-carrying bacteria in surface water in the Saigon River.” (p.10, para.1)",2-观察性数据,Observational,2-间接数据支持,Indirect empirical support,1-促进AMR,Promoting AMR,2-观察累积,Observational cumulative/seasonal,2-自然环境,Natural environment,2025-12-30
EVID_99-M5,99,5,Truong et al. (2021),Prevalence of Antibiotic Resistance Genes in the Saigon River Impacted by Anthropogenic Activities,Conclusions-p.12-para.1,2-Results+Discussion整合,Results and discussion integration,2-环境介导,Environment-mediated pathways,2d-水土理化性质,2d-水土理化性质,降水-干旱,NA（环境微生物群落）,耐药基因相对丰度增加,旱季（降水少）→ARG与整合子整体丰度高于雨季约一个数量级→与季节性降雨/稀释变化相关的河流ARG水平差异相一致,"“Although the overall abundances of ARGs and integrons in the dry season were observed to be about one order of magnitude higher than those in the wet season, increasing sampling with long-term monitoring is necessary to fully understand the exact mechanisms.” (p.12, para.1)",2-观察性数据,Observational,2-间接数据支持,Indirect empirical support,1-促进AMR,Promoting AMR,2-观察累积,Observational cumulative/seasonal,2-自然环境,Natural environment,2025-12-30
EVID_100-M1,100,1,Tavares (2024),Integron-associated genes are reliable indicators of antibiotic resistance in wastewater despite treatment- and seasonality-driven fluctuations,Results-3.1.3-p.7-para.1,1-Results实验数据,Results,2-环境介导,Environment-mediated pathways,2a-微生物群落,2a-微生物群落,其他-季节性,NA（污水微生物群落）,耐药基因丰度增加,季节性变化（冬/春/夏/秋）→整合子整合酶基因（integrase genes）呈季节波动→冬季为最低、冬到夏上升、随后下降→影响抗性相关基因携带与传播潜力→耐药相关基因丰度随季节波动,"“In terms of seasonal variation, winter was the season with the lowest integrase gene abundance, both in influent and effluent samples (Fig. 3). In the effluent, the median abundance of each integrase gene increased from winter to summer (significant for intI1 and intI3 between winter and spring, and for intI1c between spring and summer; Dunn test with Bonferroni correction, adjusted p-value < 0.05), and to decrease in the autumn (significant for intI3; Dunn test with Bonferroni correction, adjusted p-value < 0.05) (Fig. 3).” (p.7, para.1)",2-观察性数据,Observational,2-间接数据支持,Indirect empirical support,4-不确定,Uncertain,2-观察累积,Observational cumulative/seasonal,3-人造环境,Built or engineered environment,2025-12-30
EVID_100-M2,100,2,Tavares (2024),Integron-associated genes are reliable indicators of antibiotic resistance in wastewater despite treatment- and seasonality-driven fluctuations,Results-3.1.1-p.5-para.1,1-Results实验数据,Results,2-环境介导,Environment-mediated pathways,2a-微生物群落,2a-微生物群落,其他-季节性,NA（污水微生物群落）,耐药基因丰度增加,季节性变化→出水（effluent）菌群ASVs在不同季节相对丰度显著变化→菌群结构随季节重排→为耐药相关基因组成与丰度季节波动提供生态基础→促进耐药相关特征随季节改变,"“For effluent samples, significant differences were also observed according to sampling season (PERMANOVA, p-value < 0.05), which were confirmed by a pairwise PERMANOVA for winter vs spring and spring vs summer (pairwise PERMANOVA, p-value < 0.05).” (p.5, para.1)",2-观察性数据,Observational,2-间接数据支持,Indirect empirical support,4-不确定,Uncertain,2-观察累积,Observational cumulative/seasonal,3-人造环境,Built or engineered environment,2025-12-30
EVID_100-M3,100,3,Tavares (2024),Integron-associated genes are reliable indicators of antibiotic resistance in wastewater despite treatment- and seasonality-driven fluctuations,Results-3.1.4-p.7-para.2,1-Results实验数据,Results,2-环境介导,Environment-mediated pathways,2a-微生物群落,2a-微生物群落,其他-季节性,NA（污水微生物群落）,耐药基因丰度增加,季节性变化→出水端的resistome结构存在季节差异→夏季与冬/春显著不同→耐药基因类别/组成随季节改变→提示季节驱动抗性谱波动,"“The resistome structure (number of detected genes and relative abundance of each ARG) changed significantly from influent to effluent (PERMANOVA, p-value = 0.001; Figure S14.A, supplementary material) and seasonal differences in the resistome structure of effluent samples were observed (PERMANOVA, p-value = 0.01; Figure S14.D, supplementary material). However, pairwise comparisons showed that only the resistome from summer samples was significantly different from winter and spring samples (pairwise PERMANOVA, p-value = 0.036).” (p.7, para.2)",2-观察性数据,Observational,2-间接数据支持,Indirect empirical support,4-不确定,Uncertain,2-观察累积,Observational cumulative/seasonal,3-人造环境,Built or engineered environment,2025-12-30
EVID_100-M4,100,4,Tavares (2024),Integron-associated genes are reliable indicators of antibiotic resistance in wastewater despite treatment- and seasonality-driven fluctuations,Results-3.1.4-p.7-para.3,1-Results实验数据,Results,2-环境介导,Environment-mediated pathways,2a-微生物群落,2a-微生物群落,其他-季节性,NA（污水微生物群落）,耐药基因丰度增加,季节性变化→不同耐药机制（sulphonamide、disinfectant等）在冬/夏间出现显著差异→夏季更高→耐药机制结构季节性富集→促进耐药相关基因/机制在夏季上升,"“Seasonal changes were only identified in the relative abundance of sulphonamide and disinfectant resistance mechanisms, namely between winter and summer (higher in summer samples; Dunn test, p-value < 0.05).” (p.7, para.3)",2-观察性数据,Observational,2-间接数据支持,Indirect empirical support,1-促进AMR,Promoting AMR,2-观察累积,Observational cumulative/seasonal,3-人造环境,Built or engineered environment,2025-12-30
EVID_100-M5,100,5,Tavares (2024),Integron-associated genes are reliable indicators of antibiotic resistance in wastewater despite treatment- and seasonality-driven fluctuations,Conclusions-p.11-para.1,2-Results+Discussion整合,Results and discussion integration,2-环境介导,Environment-mediated pathways,2a-微生物群落,2a-微生物群落,其他-季节性,NA（污水微生物群落）,耐药基因丰度增加,季节性变化→细菌群落、resistome与整合酶基因含量随季节与进/出水来源而变→但intI1、qacEΔ1、blaGES、blaVIM等在波动下仍可作为抗性指示物→用于监测耐药潜力与处理效率→指向耐药风险随季节波动,"“The bacterial community, resistome profile and integrase genes’ content differed according to sample source (influent or effluent) and season. Despite this, integron-related genes, namely intI1, qacEΔ1, blaGES and blaVIM, are robust indicators of antibiotic resistance in wastewater, being suitable targets for wastewater-based surveillance and for monitoring WWTP’s treatment efficiency in terms of antibiotic resistance loads.” (p.11, para.1)",2-观察性数据,Observational,2-间接数据支持,Indirect empirical support,4-不确定,Uncertain,2-观察累积,Observational cumulative/seasonal,3-人造环境,Built or engineered environment,2025-12-30
EVID_101-M1,101,1,Talsma (1999),Resistance in Campylobacter Species: Increased Resistance to Fluoroquinolones and Seasonal Variation,Results-p.846-para.2,1-Results实验数据,Results,2-环境介导,Environment-mediated pathways,2a-微生物群落,可删除,温度-季节平均温度变化,Campylobacter spp.,耐药率升高,季节变化（夏季与冬季）→Campylobacter感染发生率呈明显季节波动→在冬季感染率较低时，氟喹诺酮耐药率反而较高→形成季节性耐药差异格局,"“Resistance against fluoroquinolones was seasonally influenced, with relatively high rates during winter.” (p.846, para.2)",2-观察性数据,Observational,2-间接数据支持,Indirect empirical support,1-促进AMR,Promoting AMR,2-观察累积,Observational cumulative/seasonal,2-自然环境,Natural environment,2025-12-30
EVID_101-M2,101,2,Talsma (1999),Resistance in Campylobacter Species: Increased Resistance to Fluoroquinolones and Seasonal Variation,Results-p.846-para.3,1-Results实验数据,Results,2-环境介导,Environment-mediated pathways,2a-微生物群落,可删除,温度-季节平均温度变化,Campylobacter spp.,耐药率升高,季节变化→Campylobacter感染发病率在夏季更高、冬季更低→与耐药率的季节性变化共同出现→提示环境季节因子参与调控耐药格局,"“Expressed as 91-day moving averages, the incidence of campylobacteriosis showed a clear seasonal pattern, with ~20 cases per 100,000 person-years occurring during the northern-hemisphere winter months and >50 cases per 100,000 person-years during July, August, and September.” (p.846, para.3)",2-观察性数据,Observational,2-间接数据支持,Indirect empirical support,3-双向作用,Bidirectional or mixed,2-观察累积,Observational cumulative/seasonal,2-自然环境,Natural environment,2025-12-30
EVID_101-M3,101,3,Talsma (1999),Resistance in Campylobacter Species: Increased Resistance to Fluoroquinolones and Seasonal Variation,Discussion-p.846-para.4,3-Discussion数据解释,Discussion interpretation,3-生态社会介导,Socio-ecological mediation,3b-人用抗生素,3b-人用抗生素,温度-季节平均温度变化,Campylobacter spp.,耐药率升高,季节变化（冬季）→人群抗生素使用频率上升→选择压力增强→推动Campylobacter对氟喹诺酮的耐药率升高,"“An explanation could be that during the winter months poultry is the most important source for Campylobacter species isolated from humans, while during summer, isolates from other sources associated with a low rate of fluoroquinolone resistance become more important.” (p.846, para.4)",5-理论推测,Theoretical/projection,3-理论推测,Theoretical support,1-促进AMR,Promoting AMR,4-未明确,Conceptual or unclear,2-自然环境,Natural environment,2025-12-30
EVID_101-M4,101,4,Talsma (1999),Resistance in Campylobacter Species: Increased Resistance to Fluoroquinolones and Seasonal Variation,Discussion-p.847-para.1,3-Discussion数据解释,Discussion interpretation,3-生态社会介导,Socio-ecological mediation,3a-疾病负担,3c-兽用抗生素,温度-季节平均温度变化,Campylobacter spp.,耐药率升高,季节变化→家禽成为冬季主要暴露来源→家禽中氟喹诺酮使用相关耐药菌更易进入人群→推动冬季耐药率升高,"“The seasonal variation of fluoroquinolone resistance in the Netherlands noted in our study does not support this observation: in summer, when most trips abroad are undertaken, resistance to fluoroquinolones was substantially lower than in winter.” (p.847, para.1)",2-观察性数据,Observational,2-间接数据支持,Indirect empirical support,1-促进AMR,Promoting AMR,2-观察累积,Observational cumulative/seasonal,2-自然环境,Natural environment,2025-12-30
EVID_101-M5,101,5,Talsma (1999),Resistance in Campylobacter Species: Increased Resistance to Fluoroquinolones and Seasonal Variation,Discussion-p.847-para.2,3-Discussion数据解释,Discussion interpretation,3-生态社会介导,Socio-ecological mediation,3c-兽用抗生素,3c-兽用抗生素,温度-季节平均温度变化,Campylobacter spp.,耐药率升高,长期季节性暴露叠加→兽医领域氟喹诺酮使用→人群分离株中耐药率持续上升→体现气候-季节背景下的耐药演变,"“The continuous increase in the rate of resistance against fluoroquinolones stresses the impact of antibiotic use in veterinary medicine on the resistance rates of isolates in human medicine.” (p.847, para.2)",2-观察性数据,Observational,2-间接数据支持,Indirect empirical support,1-促进AMR,Promoting AMR,2-观察累积,Observational cumulative/seasonal,2-自然环境,Natural environment,2025-12-30
EVID_102-M1,102,1,Sun (2012),Seasonality and Temporal Correlation between Community Antibiotic Use and Resistance in the United States,Results-p.687-para.2,1-Results实验数据,Results,3-生态社会介导,Socio-ecological mediation,3b-人用抗生素,3b-人用抗生素,其他-季节性,E. coli,耐药率升高,季节性变化→社区处方抗生素使用呈季节波动→（滞后1个月）与耐药E. coli流行率显著相关→抗生素使用通过选择压力促进耐药上升,"“Prevalence of resistant Escherichia coli was significantly correlated with lagged (by 1 month) antibiotic prescriptions for aminopenicillins (0.22, P = .03) and fluoroquinolones (0.24, P = .02), which are highly prescribed, but was uncorrelated to antibiotic classes with lower prescription levels.” (p.687, para.2)",2-观察性数据,Observational,2-间接数据支持,Indirect empirical support,1-促进AMR,Promoting AMR,2-观察累积,Observational cumulative/seasonal,2-自然环境,Natural environment,2025-12-30
EVID_102-M2,102,2,Sun (2012),Seasonality and Temporal Correlation between Community Antibiotic Use and Resistance in the United States,Results-p.687-para.2,1-Results实验数据,Results,3-生态社会介导,Socio-ecological mediation,3b-人用抗生素,3b-人用抗生素,其他-季节性,MRSA,耐药率升高,季节性变化→氟喹诺酮与大环内酯/林可酰胺类处方季节波动→（滞后1个月）MRSA对环丙沙星/克林霉素耐药流行率上升→选择压力促进耐药,"“Fluoroquinolone prescriptions were also significantly correlated with lagged (1-month lag) with the prevalence of ciprofloxacin-resistant MRSA (0.23, P = .03).” (p.687, para.2)",2-观察性数据,Observational,2-间接数据支持,Indirect empirical support,1-促进AMR,Promoting AMR,2-观察累积,Observational cumulative/seasonal,2-自然环境,Natural environment,2025-12-30
EVID_102-M3,102,3,Sun (2012),Seasonality and Temporal Correlation between Community Antibiotic Use and Resistance in the United States,Conclusions-p.687-para.3,2-Results+Discussion整合,Results and discussion integration,3-生态社会介导,Socio-ecological mediation,3b-人用抗生素,3b-人用抗生素,其他-季节性,NA（多病原体）,耐药率升高,季节性抗生素零售销售变化→导致耐药季节模式并在短时间尺度内波动→冬季抗生素使用增加可对耐药产生显著影响→促进耐药上升,"“Large-scale usage of antibiotics can generate seasonal patterns of resistance that fluctuate on a short time scale with changes in antibiotic retail sales, suggesting that use of antibiotics in the winter could have a significant effect on resistance.” (p.687, para.3)",2-观察性数据,Observational,2-间接数据支持,Indirect empirical support,1-促进AMR,Promoting AMR,2-观察累积,Observational cumulative/seasonal,2-自然环境,Natural environment,2025-12-30
EVID_102-M4,102,4,Sun (2012),Seasonality and Temporal Correlation between Community Antibiotic Use and Resistance in the United States,Discussion-p.691-para.1,3-Discussion数据解释,Discussion interpretation,3-生态社会介导,Socio-ecological mediation,3b-人用抗生素,3b-人用抗生素,其他-季节性,E. coli; S. aureus,耐药率升高,季节性变化→部分抗生素处方与耐药之间呈时间序列相关→但时间序列可能存在自相关与外因驱动→提示季节性因素可共同驱动“处方与耐药”同步波动,"“In this study, we demonstrated temporal correlation between some combinations of antibiotic prescriptions and drug resistance levels in E. coli and S. aureus. Even though we observed seasonal patterns in both prescriptions and resistance for all classes of antibiotics, these associations do not imply a causal relationship, since time-series data are autocorrelated and extrinsic factors could be causing similar seasonal variations in both prescription and resistance time series.” (p.691, para.1)",2-观察性数据,Observational,2-间接数据支持,Indirect empirical support,4-不确定,Uncertain,2-观察累积,Observational cumulative/seasonal,2-自然环境,Natural environment,2025-12-30
EVID_102-M5,102,5,Sun (2012),Seasonality and Temporal Correlation between Community Antibiotic Use and Resistance in the United States,Discussion-p.692-para.2,3-Discussion数据解释,Discussion interpretation,3-生态社会介导,Socio-ecological mediation,3b-人用抗生素,3b-人用抗生素（感染增加）,其他-季节性,NA（多病原体）,耐药率升高,季节性变化（冬季呼吸道感染）→导致抗生素处方增加→并非全部处方都适当→增加选择压力→推动耐药上升,"“One suggestion is that influenza and other respiratory infections, which rise and fall in near unison with antibiotic prescriptions, result in more prescriptions during the cold months [15, 37]. Though some bacterial infections also increase in the winter, a large fraction of antibiotic prescriptions in the winter are estimated to be inappropriate [38].” (p.692, para.2)",5-理论推测,Theoretical/projection,3-理论推测,Theoretical support,1-促进AMR,Promoting AMR,4-未明确,Conceptual or unclear,2-自然环境,Natural environment,2025-12-30
EVID_103-M1,103,1,Sun (2022),Analysis of multiple bacterial species and antibiotic classes reveals large variation in the association between seasonal antibiotic use and resistance,Results-Seasonal antibiotic use varies across classes-p.3-para.2,1-Results实验数据,Results,3-生态社会介导,Socio-ecological mediation,3b-人用抗生素,3b-人用抗生素,其他-季节性,NA（多菌种背景）,耐药率季节性波动,季节性变化→抗生素使用量呈季节模式（冬季峰值、夏季峰值或双峰）→不同药物类别使用季节波动显著→形成对耐药率季节波动的选择压力基础,"“The 5 antibiotic classes included in this study each displayed statistically significant seasonal patterns of use (Fig 1A). Penicillins and macrolides were most frequently prescribed, with year-round averages of 4.8 and 4.1 daily claims per 10,000 people, respectively. Quinolones, tetracyclines, and nitrofurantoin were prescribed with year-round averages of 1.8, 1.0, and 0.54 daily claims per 10,000 people, respectively.” (p.3, para.2)",2-观察性数据,Observational,2-间接数据支持,Indirect empirical support,4-不确定,Uncertain,2-观察累积,Observational cumulative/seasonal,2-自然环境,Natural environment,2025-12-30
EVID_103-M2,103,2,Sun (2022),Analysis of multiple bacterial species and antibiotic classes reveals large variation in the association between seasonal antibiotic use and resistance,Results-Seasonal antibiotic use varies across classes-p.2-para.2,1-Results实验数据,Results,3-生态社会介导,Socio-ecological mediation,3b-人用抗生素,3b-人用抗生素,其他-季节性,,耐药率升高,季节性变化→冬季抗生素使用峰值时间明确（1–2月）→抗生素使用集中于冬季→增加短期选择压力→推动耐药,"“The timing of peak prescribing varied by antibiotic class (Fig 1B). Macrolide and penicillin use peaked in the winter, around January 1 and early February (phase, 2.2 months; 95% CI, 2.0 to 2.5), respectively.” (p.2, para.2)",2-观察性数据,Observational,2-间接数据支持,Indirect empirical support,1-促进AMR,Promoting AMR,2-观察累积,Observational cumulative/seasonal,2-自然环境,Natural environment,2025-12-30
EVID_103-M3,103,3,Sun (2022),Analysis of multiple bacterial species and antibiotic classes reveals large variation in the association between seasonal antibiotic use and resistance,Results-Seasonality in antibiotic resistance is prevalent across species and antibiotic classes-p.3-para.1,1-Results实验数据,Results,3-生态社会介导,Socio-ecological mediation,3b-人用抗生素,3b-人用抗生素,其他-季节性,E. coli; K. pneumoniae; S. aureus,耐药率季节性波动,季节性变化→在多菌种-抗生素组合中检测到耐药季节性→耐药率峰值多出现在冬季或春季→提示冬季抗生素使用/感染流行驱动耐药,"“Resistance was seasonal for 9 out of 15 species–antibiotic combinations (Figs 2 and S1 and S2), with statistically significant amplitudes of seasonality (false discovery rate (FDR) < 0.05), ranging from a peak log2 (minimum inhibitory concentration (MIC)) increase of 0.038 to 0.063 above the yearly average (Fig 3A). Ciprofloxacin resistance and nitrofurantoin resistance were seasonal in all 3 species with a 12-month period (Figs 2 and S1 and S2), indicating seasonality is common.” (p.3, para.1)",2-观察性数据,Observational,2-间接数据支持,Indirect empirical support,4-不确定,Uncertain,2-观察累积,Observational cumulative/seasonal,2-自然环境,Natural environment,2025-12-30
EVID_103-M4,103,4,Sun (2022),Analysis of multiple bacterial species and antibiotic classes reveals large variation in the association between seasonal antibiotic use and resistance,Results-Seasonality in antibiotic resistance is prevalent across species and antibiotic classes-p.3-para.2,1-Results实验数据,Results,3-生态社会介导,Socio-ecological mediation,3b-人用抗生素,3b-人用抗生素,其他-季节性,E. coli; K. pneumoniae,耐药率季节性波动,季节性变化→某些耐药类型冬季/春季峰值明显→与处方季节峰值对应或滞后→体现季节性选择压力,"“Resistance peaked in the winter or spring months in all 9 seasonal species–antibiotic combinations (Fig 2). Comparing across species, with peak resistance ranging from early December to mid-July (Table 1), we found mean peak resistance for quinolone resistance in E. coli and K. pneumoniae occurred in the winter (mean phase, 1.1; range, 0.9 to 2.2). Penicillin resistance to macrolides and penicillins in S. aureus and the first peak in nitrofurantoin resistance to E. coli also occurred in the winter. The mean time of year at peak resistance for resistance to ampicillin in E. coli was 2.2 months.” (p.3, para.2)",2-观察性数据,Observational,2-间接数据支持,Indirect empirical support,1-促进AMR,Promoting AMR,2-观察累积,Observational cumulative/seasonal,2-自然环境,Natural environment,2025-12-30
EVID_103-M5,103,5,Sun (2022),Analysis of multiple bacterial species and antibiotic classes reveals large variation in the association between seasonal antibiotic use and resistance,Results-Seasonal resistance is positively correlated with use of winter peaking antibiotic classes-p.7-para.1,1-Results实验数据,Results,3-生态社会介导,Socio-ecological mediation,3b-人用抗生素,3b-人用抗生素,其他-季节性,E. coli; K. pneumoniae; S. aureus,耐药率升高,冬季峰值抗生素使用→耐药季节性幅度与使用季节性幅度呈正相关（含滞后0–3个月）→表明冬季处方上升可能驱动耐药上升,"“Spearman correlations between seasonal use and resistance varied by a month lag and antibiotic class, species, and lag time, ranging from −0.91 to 0.92 (Figs 4A and S3). The number of statistically significant correlations between use–resistance associations peaked at lag 0 (0.45; median Spearman’s ρ across all lag 0 correlations) and lag 1 (0.38; median Spearman’s ρ across all lag 1 correlations). We found that use and resistance were most positively correlated with use of winter peaking classes, penicillins, and macrolides (median Spearman’s ρ across all lag 0 correlations 0.55 to 0.76). Resistance to most antibiotics and species was most correlated with use, as opposed to peaking classes.” (p.7, para.1)",2-观察性数据,Observational,2-间接数据支持,Indirect empirical support,1-促进AMR,Promoting AMR,2-观察累积,Observational cumulative/seasonal,2-自然环境,Natural environment,2025-12-30
EVID_106-M1,106,1,Soucy (2020),Fluoroquinolone Use and Seasonal Patterns of Ciprofloxacin Resistance in Community-Acquired Urinary Escherichia coli Infection in a Large Urban Center,Results-Ciprofloxacin-p.218-para.3,1-Results实验数据,Results,3-生态社会介导,Socio-ecological mediation,3b-人用抗生素,3b-人用抗生素,其他-季节性,E. coli,耐药率季节性波动,季节性变化→环丙沙星耐药比例存在显著季节分量（12个月周期）→且与总氟喹诺酮使用的季节变化相关→提示冬季/流感季抗生素用量变化驱动耐药季节波动,"“Seasonality. The prevalence of ciprofloxacin resistance was positively associated (on the logit scale, with total fluoroquinolone use lagged by 1 (0.257, 95% credible interval (CrI): 0.072, 0.438) and 2 (0.261, 95% CrI: 0.110, 0.412) months (Figure 1A).” (p.218, para.3)",3-模型模拟,Model-based,2-间接数据支持,Indirect empirical support,1-促进AMR,Promoting AMR,3-模型演化,Model/evolutionary,2-自然环境,Natural environment,2025-12-31
EVID_106-M2,106,2,Soucy (2020),Fluoroquinolone Use and Seasonal Patterns of Ciprofloxacin Resistance in Community-Acquired Urinary Escherichia coli Infection in a Large Urban Center,Results-Ciprofloxacin-p.218-para.3,1-Results实验数据,Results,3-生态社会介导,Socio-ecological mediation,3b-人用抗生素,3b-人用抗生素,其他-季节性,E. coli,耐药率季节性波动,季节性变化→总氟喹诺酮使用量存在季节波动→峰值在冬季（2月）、最低在夏季（7月）→形成冬季选择压力增强→推动耐药季节波动,"“Total fluoroquinolone use was (on the logit scale) seasonal, with the highest usage occurring from October to February and the lowest usage occurring in July (Figure 2A); similar seasonal patterns were observed for levofloxacin (Figure 2B) and moxifloxacin (Figure 2C) use, which also had similar shapes of association as the total fluoroquinolone model (Web Figure 2).” (p.218, para.3)",2-观察性数据,Observational,2-间接数据支持,Indirect empirical support,1-促进AMR,Promoting AMR,2-观察累积,Observational cumulative/seasonal,2-自然环境,Natural environment,2025-12-31
EVID_106-M3,106,3,Soucy (2020),Fluoroquinolone Use and Seasonal Patterns of Ciprofloxacin Resistance in Community-Acquired Urinary Escherichia coli Infection in a Large Urban Center,Results-Ciprofloxacin-p.218-para.2,1-Results实验数据,Results,3-生态社会介导,Socio-ecological mediation,3b-人用抗生素,3b-人用抗生素,其他-季节性,E. coli,耐药率升高,季节性抗生素使用波动→总氟喹诺酮为最优预测变量→且滞后关联显著→支持“处方波动驱动耐药”的时间序列机制,"“The overall best model included total fluoroquinolone use, with a third-order Almon model transfer function.” (p.218, para.2)",3-模型模拟,Model-based,2-间接数据支持,Indirect empirical support,1-促进AMR,Promoting AMR,3-模型演化,Model/evolutionary,2-自然环境,Natural environment,2025-12-31
EVID_106-M4,106,4,Soucy (2020),Fluoroquinolone Use and Seasonal Patterns of Ciprofloxacin Resistance in Community-Acquired Urinary Escherichia coli Infection in a Large Urban Center,Results-Ciprofloxacin-p.218-para.1,1-Results实验数据,Results,2-环境介导,Environment-mediated pathways,2a-微生物群落,可删除,其他-季节性,E. coli,耐药率升高,季节性变化（冬季更高）→环丙沙星耐药水平在11月–3月较高、8–9月较低→提示冬季环境/行为（用药）因素与耐药水平同步→耐药季节波动,"“Ciprofloxacin resistance tended to be highest from November to March and lowest around September (Figure 3A).” (p.218, para.1)",2-观察性数据,Observational,2-间接数据支持,Indirect empirical support,1-促进AMR,Promoting AMR,2-观察累积,Observational cumulative/seasonal,2-自然环境,Natural environment,2025-12-31
EVID_106-M5,106,5,Soucy (2020),Fluoroquinolone Use and Seasonal Patterns of Ciprofloxacin Resistance in Community-Acquired Urinary Escherichia coli Infection in a Large Urban Center,Discussion-p.219-para.2,2-Results+Discussion整合,Results and discussion integration,3-生态社会介导,Socio-ecological mediation,3a-抗生素使用/处方,3b-人用抗生素（感染增加）,其他-季节性,E. coli,耐药率升高,冬季抗生素使用增加（流感季）→对耐药具有短期响应→限制处方可减少冬季用药→从而降低耐药风险→支持抗生素管理干预机制,"“The association between use and resistance was lagged by 1–2 months. A particularly notable example of this relationship occurred in September 2011, the lowest value in the series for ciprofloxacin resistance (Figure 3A), which was preceded by a noticeable drop in total fluoroquinolone use 2 months earlier (Web Figure 8). Generally, the strength of this association translated in fluctuations within 2 percentage points of the mean (Figure 1B). Fluoroquinolone use was highest during the influenza season, when many inappropriate prescriptions are written for viral acute respiratory tract infections (53, 54).” (p.219, para.2)",2-观察性数据,Observational,2-间接数据支持,Indirect empirical support,1-促进AMR,Promoting AMR,2-观察累积,Observational cumulative/seasonal,2-自然环境,Natural environment,2025-12-31
EVID_110-M1,110,1,Siedlecka (2019),Antibiotic resistance in tap water during the summer season – preliminary research,Results and discussion-p.5-para.1,2-Results+Discussion整合,Results and discussion integration,2-环境介导,Environment-mediated pathways,2f-其他环境介导,2c-水文条件,温度-极端高温,,耐药菌丰度/比例增加,夏季（8月）极端高温→自来水管网下游细菌污染增加（再生长）→耐药菌相关负荷上升/风险加大,"“In August, however, the bacterial contamination increased apparently in sampling points located downstream both WTPs. It could be the effect of extremely high temperatures noted in Wrocław during August; however, despite the high air temperature, tap water temperature remained stable in every point-of-use tap in two sampling campaigns (data not shown).” (p.5, para.1)",2-观察性数据,Observational,2-间接数据支持,Indirect empirical support,1-促进AMR,Promoting AMR,2-观察累积,Observational cumulative/seasonal,3-人造环境,Built or engineered environment,2025-12-31
EVID_110-M2,110,2,Siedlecka (2019),Antibiotic resistance in tap water during the summer season – preliminary research,Results and discussion-p.5-para.4,2-Results+Discussion整合,Results and discussion integration,2-环境介导,Environment-mediated pathways,2f-其他环境介导,2c-水文条件,温度-季节性变化,,耐药菌比例增加,夏季期间（8月）→WTP下游/管网末端细菌负荷更高→并出现四环素耐药微生物群落再生长→增加耐药菌暴露风险,"“In August, all points from the area supplied by Na Grobli WTP seem to have even ARB contamination in the cases of β-lactams, fluoroquinolones and 3rd generation cephalosporins; however, the re-growth of tetracycline resistant microflora downstream the WTP might be observed.” (p.5, para.4)",2-观察性数据,Observational,2-间接数据支持,Indirect empirical support,1-促进AMR,Promoting AMR,2-观察累积,Observational cumulative/seasonal,3-人造环境,Built or engineered environment,2025-12-31
EVID_110-M3,110,3,Siedlecka (2019),Antibiotic resistance in tap water during the summer season – preliminary research,Results and discussion-p.5-para.7,3-Discussion数据解释,Discussion interpretation,2-环境介导,Environment-mediated pathways,2f-其他环境介导,2d-水土理化性质,温度-季节性变化,,耐药菌比例/总体细菌负荷变化,夏季不同月份→（可能）温度/硝酸盐/总有机碳等理化条件变化→影响总体细菌与耐药菌出现→可能改变AMR风险,"“These may lead to the conclusion, that the overall bacteria and ARB occurrence may be correlated with other physical-chemical parameters, like temperature, nitrates or total organic carbon – but the results of routine water analyses kindly provided by Municipal Water and Sewerage Company do not indicate such relationships.” (p.5, para.7)",2-观察性数据,Observational,2-间接数据支持,Indirect empirical support,4-不确定,Uncertain,2-观察累积,Observational cumulative/seasonal,3-人造环境,Built or engineered environment,2025-12-31
EVID_110-M4,110,4,Siedlecka (2019),Antibiotic resistance in tap water during the summer season – preliminary research,Results and discussion-p.6-para.2,1-Results实验数据,Results,2-环境介导,Environment-mediated pathways,2f-其他环境介导,可删除,温度-季节性变化,,耐药基因检出/存在,夏季管网系统→生物膜/管道内ARB与ARG“库”存在→生物膜/生物量偶发脱落→导致取样点ARG随机检出（提示传播/暴露）,"“It does not seem like the genes were introduced with treated water, but randomly appeared in several points in the pipeline networks. This might be explained by external contamination of the network (for example as the results of main line renovations etc.) or the presence of biofilm reservoirs of ARB and ARGs within the pipelines [19] – in this case, the accidental detachment of biomass [21] might result in the presence of few ARGs in collected tap water samples.” (p.6, para.2)",2-观察性数据,Observational,2-间接数据支持,Indirect empirical support,1-促进AMR,Promoting AMR,2-观察累积,Observational cumulative/seasonal,3-人造环境,Built or engineered environment,2025-12-31
EVID_110-M5,110,5,Siedlecka (2019),Antibiotic resistance in tap water during the summer season – preliminary research,Results and discussion-p.7-para.1,3-Discussion数据解释,Discussion interpretation,1-直接生物学效应,Direct biological mechanisms,2f-其他环境介导,1g-生物膜,温度-季节性变化,,耐药基因检出/存在,夏季自来水系统→（水处理过程）形成生物膜→intI1/sul1/qacEΔ1/qacH等与整合子相关基因在生物膜中常见→促进耐药基因维持与潜在传播,"“Therefore, the detection of intI1, sul1, qacEΔ1 and qacH genes in tap water samples is not surprising, as it was proven, that these genes are commonly present in biofilms formed during water treatment [22].” (p.7, para.1)",4-文献综述,Review-based,4-文献综述总结,Review-based support,1-促进AMR,Promoting AMR,4-未明确,Conceptual or unclear,3-人造环境,Built or engineered environment,2025-12-31
EVID_110-M6,110,6,Siedlecka (2019),Antibiotic resistance in tap water during the summer season – preliminary research,Conclusions-p.7-para.3,2-Results+Discussion整合,Results and discussion integration,2-环境介导,Environment-mediated pathways,2f-其他环境介导,可删除,温度-季节性变化,,耐药菌比例随距离变化,夏季不同月份→采样点距离WTP差异→7月总体污染不受距离影响但ARB比例随距离增加；8月距离可能成为影响总体污染的重要因素→改变AMR暴露格局,"“The distance of sampling points from WTPs seems to not influence the overall bacterial contamination in July, while might be considered a meaning factor in August. From the other hand, despite the even overall bacteria contamination, the percentage of ARB seems to increase with the distance from WTPs in July, but not in August.” (p.7, para.3)",2-观察性数据,Observational,2-间接数据支持,Indirect empirical support,3-双向作用,Bidirectional or mixed,2-观察累积,Observational cumulative/seasonal,3-人造环境,Built or engineered environment,2025-12-31
EVID_111-M1,111,1,Rossi (2024),Temporal variations of antimicrobial resistance genes in aerosols: A one-year monitoring at the puy de Dôme summit (Central France),Results-p.4-para.1,1-Results实验数据,Results,2-环境介导,Environment-mediated pathways,2a-微生物群落,可删除,其他-季节性,Bacterial community,耐药基因多样性增加,季节性变化（春夏 vs 冬秋）→空气气溶胶中ARGs检出谱/丰富度随时间显著波动（春夏更高、冬秋更低）→ARGs多样性增加,"“Noteworthy, the richness of ARGs varied from one air sample to another (ranging from 4 to 28 different genes, with a median of 17) with marked temporal variations: values were overall higher during spring and summer, but lower during winter and fall (Table 1).” (p.4, para.1)",2-观察性数据,Observational,2-间接数据支持,Indirect empirical support,1-促进AMR,Promoting AMR,2-观察累积,Observational cumulative/seasonal,2-自然环境,Natural environment,2025-12-31
EVID_111-M2,111,2,Rossi (2024),Temporal variations of antimicrobial resistance genes in aerosols: A one-year monitoring at the puy de Dôme summit (Central France),Results-p.4-para.1,1-Results实验数据,Results,2-环境介导,Environment-mediated pathways,2a-微生物群落,可删除,其他-季节性,Bacterial community,耐药基因丰度增加,冬季条件→喹诺酮耐药在ARGs中的占比下降、同时大环内酯耐药丰度上升→特定耐药基因/耐药类别丰度增加（macrolide相关）,"“Nevertheless, a sharp decrease in the proportion of quinolone resistance was observed during winter (down to ~60 % on average) along with the concurrent increase of the abundance of macrolide resistance (up to ~35 % on average).” (p.4, para.1)",2-观察性数据,Observational,2-间接数据支持,Indirect empirical support,1-促进AMR,Promoting AMR,2-观察累积,Observational cumulative/seasonal,2-自然环境,Natural environment,2025-12-31
EVID_111-M3,111,3,Rossi (2024),Temporal variations of antimicrobial resistance genes in aerosols: A one-year monitoring at the puy de Dôme summit (Central France),Results-p.5-para.1,1-Results实验数据,Results,2-环境介导,Environment-mediated pathways,2a-微生物群落,2a-微生物群落,其他-风速风向,Bacterial community,耐药基因丰度增加,气团/边界层影响（气团在大陆大气边界层停留更久、且春夏更受其影响）→携带/输入更多来自大陆边界层的微生物与ARGs→ARGs总浓度与丰富度升高,"“Noteworthy, differences could be observed between seasons: the summer and spring periods were more influenced by the continental boundary layer (respectively 13 % and 10 % of the time), than winter and autumn (< 5 %). Nonetheless, the time spent by the air masses within the continental atmospheric boundary layer was positively correlated with the total concentration (ρ = 0.58, P < 0.01) and richness (ρ = 0.41, P < 0.05) of ARGs, but negatively with ARGs evenness (ρ = 0.30, P < 0.05), which indicated peaks in abundance of limited numbers of ARG groups.” (p.5, para.1)",2-观察性数据,Observational,2-间接数据支持,Indirect empirical support,1-促进AMR,Promoting AMR,2-观察累积,Observational cumulative/seasonal,2-自然环境,Natural environment,2025-12-31
EVID_111-M4,111,4,Rossi (2024),Temporal variations of antimicrobial resistance genes in aerosols: A one-year monitoring at the puy de Dôme summit (Central France),Discussion-p.9-para.1,2-Results+Discussion整合,Results and discussion integration,2-环境介导,Environment-mediated pathways,2a-微生物群落,2f-其他环境介导-气溶胶,综合-多因子,Sphingomonas; Bacterial community,耐药基因丰度增加,夏/春季（更高温度与更强太阳辐射等）→湍流增强、地表物质排放/输入增强并伴随特定属增多→气溶胶中ARGs浓度升高→耐药基因丰度增加,"“Nevertheless, a higher concentration of ARGs during the summer / spring was observed, which coincided with an increased abundance of the epiphytic genus Sphingomonas (Tignat-Perrier et al., 2020). Higher temperatures and solar irradiation during summer cause increased turbulence, which leads to stronger emissions of material from Earth surface (Carotenuto et al., 2017), along with planetary boundary layer elevation (Medeiros et al., 2005; Seidel et al., 2010).” (p.9, para.1)",2-观察性数据,Observational,2-间接数据支持,Indirect empirical support,1-促进AMR,Promoting AMR,2-观察累积,Observational cumulative/seasonal,2-自然环境,Natural environment,2025-12-31
EVID_111-M5,111,5,Rossi (2024),Temporal variations of antimicrobial resistance genes in aerosols: A one-year monitoring at the puy de Dôme summit (Central France),Conclusion-p.9-para.1,3-Discussion数据解释,Discussion interpretation,2-环境介导,Environment-mediated pathways,2a-微生物群落,2a-微生物群落,综合-多因子,Bacterial community,耐药基因丰度增加,多种气象参数与周边景观变化→影响细菌多样性与丰度→导致ARGs呈显著时间波动；冬季贡献更显著→ARGs暴露/扩散风险增加,"“Antimicrobial resistance genes can spread through the air. Here, we demonstrate that they can also be found at high altitudes within the free troposphere, and with marked temporal variations. These can be attributed to numerous factors, including meteorological parameters and surrounding landscapes, itself influencing bacterial diversity and abundance. … Nonetheless, they proved to be much more important during the winter, indicative of a sporadic and certainly spatially variable contributions.” (p.9, para.1)",2-观察性数据,Observational,3-理论推测,Theoretical support,1-促进AMR,Promoting AMR,2-观察累积,Observational cumulative/seasonal,2-自然环境,Natural environment,2025-12-31
EVID_112-M1,112,1,Rao (2024),"Determining the spatiotemporal variation, sources, and ecological processes of antibiotic resistance genes in a typical lake of the middle reaches of the Yangtze River",Results-p.5-para.1,1-Results实验数据,Results,2-环境介导,Environment-mediated pathways,2a-微生物群落,可删除,温度-季节性变化,,耐药基因丰度增加,温度-季节性变化（春冬与夏秋差异）→ARGs相对丰度呈显著季节模式→春冬ARGs相对丰度更高→耐药基因丰度增加,"“The relative abundance of ARGs displayed a pronounced seasonal pattern, with higher levels observed in spring and winter compared to summer and autumn in all samples (Fig. 2C).” (p.5, para.1)",2-观察性数据,Observational,2-间接数据支持,Indirect empirical support,3-双向作用,Bidirectional or mixed,2-观察累积,Observational cumulative/seasonal,2-自然环境,Natural environment,2025-01-01
EVID_112-M2,112,2,Rao (2024),"Determining the spatiotemporal variation, sources, and ecological processes of antibiotic resistance genes in a typical lake of the middle reaches of the Yangtze River",Results-p.5-para.2,1-Results实验数据,Results,2-环境介导,Environment-mediated pathways,2d-水土理化性质,2d-水土理化性质,温度-季节平均温度变化,,耐药基因丰度增加,温度-季节平均温度变化→水体理化因子与微生物群落驱动改变→ARGs变化与温度呈正相关→耐药基因丰度增加,"“Fig. 5B demonstrates a significant positive correlation (p < 0.001) between the relative abundance of MGEs and ARGs, while the variation in ARGs is positively correlated with temperature, NH, Chl.a, TN, and pH, and negatively correlated with NO2-N, COD, and ORP.” (p.5, para.2)",2-观察性数据,Observational,2-间接数据支持,Indirect empirical support,1-促进AMR,Promoting AMR,2-观察累积,Observational cumulative/seasonal,2-自然环境,Natural environment,2025-01-01
EVID_112-M3,112,3,Rao (2024),"Determining the spatiotemporal variation, sources, and ecological processes of antibiotic resistance genes in a typical lake of the middle reaches of the Yangtze River",Results-p.6-para.1,2-Results+Discussion整合,Results and discussion integration,2-环境介导,Environment-mediated pathways,2f-其他环境介导,可删除,温度-季节性变化,,耐药基因丰度增加,温度-季节性变化（较冷季节）→沉积物作为ARGs重要“库/源”向湖水贡献增强→春冬沉积物为湖水ARGs主要来源→耐药基因丰度增加,"“The results indicated that in the colder seasons of spring and winter, lake sediments constituted the primary source of ARGs in lake water, accounting for approximately 53 % and 58 %, respectively (Fig. 7). In the warmer season of summer, the proportion of unattributed ARGs reached its highest point, at approximately 18 % (Fig. 7).” (p.6, para.1)",3-模型模拟,Model-based,2-间接数据支持,Indirect empirical support,1-促进AMR,Promoting AMR,2-观察累积,Observational cumulative/seasonal,2-自然环境,Natural environment,2025-01-01
EVID_112-M4,112,4,Rao (2024),"Determining the spatiotemporal variation, sources, and ecological processes of antibiotic resistance genes in a typical lake of the middle reaches of the Yangtze River",Discussion-p.10-para.1,3-Discussion数据解释,Discussion interpretation,3-生态社会介导,Socio-ecological mediation,3f-农业实践,3f-农业实践,温度-季节性变化,,耐药基因丰度增加,温度-季节性变化（夏秋人类活动更强）→农业/人类活动与污染物输入增加→湖水ARGs出现更多“未知来源/外源输入”→耐药基因丰度增加,"“Additionally, we observed an increased proportion of unknown sources of ARGs in the lake water during the autumn and summer seasons, which can be attributed to increased agricultural and human activities, as well as an influx of pollutants.” (p.10, para.1)",5-理论推测,Theoretical/projection,3-理论推测,Theoretical support,1-促进AMR,Promoting AMR,2-观察累积,Observational cumulative/seasonal,2-自然环境,Natural environment,2025-01-01
EVID_112-M5,112,5,Rao (2024),"Determining the spatiotemporal variation, sources, and ecological processes of antibiotic resistance genes in a typical lake of the middle reaches of the Yangtze River",Conclusions-p.10-para.1,7-其他,Other,2-环境介导,Environment-mediated pathways,2a-微生物群落,2a-微生物群落,温度-季节性变化,,耐药基因多样性增加,温度-季节性变化→夏秋与春冬环境条件差异→ARGs与细菌群落多样性在夏秋与春冬显著不同→耐药基因多样性增加,"“The main findings are as follows: (1) The diversity of ARGs and bacterial communities in the summer and autumn seasons showed significant differences compared to the spring and winter seasons.” (p.10, para.1)",2-观察性数据,Observational,2-间接数据支持,Indirect empirical support,4-不确定,Uncertain,2-观察累积,Observational cumulative/seasonal,2-自然环境,Natural environment,2025-01-01
EVID_112-M6,112,6,Ramsey (2019),Seasonal variation in antimicrobial resistance rates of community-acquired Escherichia coli bloodstream isolates,Results-p.2-para.2,1-Results实验数据/2-Results+Discussion整合,Results and discussion integration,3-生态社会介导,Socio-ecological mediation,3b-人用抗生素,3b-人用抗生素,其他-季节性,E.coli,耐药率上升,其他-季节性（夏季）→社区门诊抗菌药物处方/使用强度降低→耐药选择压力下降→社区获得性E.coli血流感染分离株对常用药物的耐药率降低,"“AMR rates of community-acquired E. coli bloodstream isolates were significantly lower during the summer months compared with the rest of the year for AMC, cefazolin, ceftriaxone and TMP-SMX (Fig. 1).” (p.2, para.2)",2-观察性数据,Observational,2-间接数据支持,Indirect empirical support,2-抑制AMR,Suppressing AMR,2-观察累积,Observational cumulative/seasonal,3-人造环境,Built or engineered environment,2025-01-01
EVID_113-M1,113,1,Ramsey (2019),Seasonal variation in antimicrobial resistance rates of community-acquired Escherichia coli bloodstream isolates,Results-p.3-para.2,1-Results实验数据,Results,3-生态社会介导,Socio-ecological mediation,3b-人用抗生素,3b-人用抗生素,其他-季节性,E.coli,耐药率上升,其他-季节性（夏季）→（控制年份/人口学/临床变量后）仍与较低耐药风险相关→提示季节相关的人用抗生素暴露/选择压力差异→耐药率降低,"“Following adjustments for calendar year, demographics and clinical variables in the respective multivariate models, the summer months remained independently associated with a significant decrease in AMR to AMC (aOR = 0.53, 95% CI 0.30–0.92; P = 0.02), cefazolin (aOR = 0.26, 95% CI 0.10–0.58; P < 0.001), ceftriaxone (aOR = 0.25, 95% CI 0.04–0.93; P = 0.04) and TMP-SMX (aOR = 0.27, 95% CI 0.13–0.53; P < 0.001).” (p.3, para.2)",2-观察性数据,Observational,2-间接数据支持,Indirect empirical support,2-抑制AMR,Suppressing AMR,2-观察累积,Observational cumulative/seasonal,3-人造环境,Built or engineered environment,2025-01-01
EVID_113-M2,113,2,Ramsey (2019),Seasonal variation in antimicrobial resistance rates of community-acquired Escherichia coli bloodstream isolates,Results-p.4-para.2,1-Results实验数据,Results,3-生态社会介导,Socio-ecological mediation,3b-人用抗生素,3b-人用抗生素,其他-季节性,E.coli,MDR比例增加,其他-季节性（冬季/非夏季）→人用抗生素使用高峰与选择压力增强→社区获得性E.coli耐多药株占比升高；夏季相反→MDR占比下降,"“Only 12% of E. coli isolates were MDR during summer months (June–September) compared with 31% during the rest of the year (P < 0.001). After adjustments in multivariate logistic regression, E. coli bloodstream isolates were less likely to be MDR during the summer than rest of the year (aOR = 0.32, 95% CI 0.17–0.59; P < 0.001). When plotted against time, the proportion of MDR E. coli peaked in the winter and declined during the summer months every year throughout the study period (Fig. 4).” (p.4, para.2)",2-观察性数据,Observational,2-间接数据支持,Indirect empirical support,3-双向作用,Bidirectional or mixed,2-观察累积,Observational cumulative/seasonal,3-人造环境,Built or engineered environment,2025-01-01
EVID_113-M3,113,3,Ramsey (2019),Seasonal variation in antimicrobial resistance rates of community-acquired Escherichia coli bloodstream isolates,Results-p.4-para.1,1-Results实验数据,Results,3-生态社会介导,Socio-ecological mediation,3b-人用抗生素,3b-人用抗生素,其他-季节性,E.coli,MDR比例增加,其他-季节性（夏季）→门诊抗菌药物处方率降低（69 vs 91/100人年）→人群层面耐药选择压力下降→MDR E.coli比例随处方率下降而同步下降（量化：每下降10/100人年，MDR比例下降6.8%）,"“There was seasonal variation in ambulatory antimicrobial consumption in South Carolina. The mean antimicrobial prescription rate was 69 per 100 person-years during the summer and 91 per 100 person-years during the rest of the year in 2012–2015 (P < 0.001) (Fig. 5). There was a significant association between the proportion of community-acquired MDR E. coli bloodstream isolates and ambulatory antimicrobial consumption in South Carolina (P = 0.01). The proportion of MDR E. coli declined by 6.8% (95% CI 2.3–11.2%) for each interval decrease in the rate of ambulatory antimicrobial prescription of 10/100 person-years.” (p.4, para.1)",2-观察性数据,Observational,2-间接数据支持,Indirect empirical support,2-抑制AMR,Suppressing AMR,2-观察累积,Observational cumulative/seasonal,3-人造环境,Built or engineered environment,2025-01-01
EVID_113-M4,113,4,Ramsey (2019),Seasonal variation in antimicrobial resistance rates of community-acquired Escherichia coli bloodstream isolates,Discussion-p.4-para.2,4-Discussion理论推测,Discussion theoretical interpretation,2-环境介导,Environment-mediated pathways,3b-人用抗生素,3b-人用抗生素（感染增加）,其他-季节性,E.coli,耐药率上升,其他-季节性（冬季“cold and flu season”）→上呼吸道感染相关口服青霉素/头孢使用增加→肠道定植与后续感染更易由耐药E.coli引起→耐药率上升（解释AMC/cefazolin/ceftriaxone的季节差异）,"“It is likely that high consumption of oral penicillins and cephalosporins mostly for upper respiratory tract infections during the cold and flu season contribute to colonisation and subsequent infection with antimicrobial-resistant E. coli isolates [11]. This likely explains the seasonal variation in AMR of community-acquired E. coli bloodstream isolates to AMC, cefazolin and ceftriaxone.” (p.4, para.2)",5-理论推测,Theoretical/projection,3-理论推测,Theoretical support,1-促进AMR,Promoting AMR,4-未明确,Conceptual or unclear,3-人造环境,Built or engineered environment,2025-01-01
EVID_113-M5,113,5,Ramsey (2019),Seasonal variation in antimicrobial resistance rates of community-acquired Escherichia coli bloodstream isolates,Discussion-p.5-para.2,4-Discussion理论推测,Discussion theoretical interpretation,2-环境介导,Environment-mediated pathways,2a-微生物群落,2a-微生物群落,其他-季节性,E.coli,耐药率上升,其他-季节性（冬季）→环境中耐药E.coli克隆的周期性出现/扩增→人群暴露与传播机会增加→AMR率升高（对观察到的季节差异的另一解释）,"“Current observations may also be due to the cyclic emergence of antimicrobial-resistant E. coli clones in the environment during the winter for unexplained reasons [33].” (p.5, para.2)",5-理论推测,Theoretical/projection,3-理论推测,Theoretical support,1-促进AMR,Promoting AMR,4-未明确,Conceptual or unclear,2-自然环境,Natural environment,2025-01-01
EVID_113-M6,113,6,Ramsey (2019),Seasonal variation in antimicrobial resistance rates of community-acquired Escherichia coli bloodstream isolates,Conclusion-p.6-para.1,2-Results+Discussion整合,Results and discussion integration,3-生态社会介导,Socio-ecological mediation,3b-人用抗生素,3b-人用抗生素,其他-季节性,E.coli,MDR比例增加,其他-季节性（夏季）→AMR与MDR比例更低→并与夏季门诊抗菌药物处方率更低呈时间相关→提示季节性处方强度变化可能驱动人群层面AMR波动,"“There is significant seasonal variation in AMR rates of community-acquired E. coli bloodstream isolates. This includes lower AMR rates to four tested agents and a smaller proportion of MDR E. coli during summer months than the rest of the year. This reduction in the proportion of MDR E. coli has been temporally associated with lower antimicrobial prescription rates during the summer in South Carolina.” (p.6, para.1)",2-观察性数据,Observational,2-间接数据支持,Indirect empirical support,2-抑制AMR,Suppressing AMR,2-观察累积,Observational cumulative/seasonal,3-人造环境,Built or engineered environment,2025-01-01
EVID_114-M1,114,1,Polianciuc (2024),Antibiotic Residues and Resistance in Three Wastewater Treatment Plants in Romania,Results-p.8-para.1,1-Results实验数据,Results,2-环境介导,Environment-mediated pathways,2d-水土理化性质,2d-水土理化性质,温度-季节平均温度变化,,抗生素浓度增加,温度-平均气温升高→废水中阿莫西林浓度与温度呈显著正相关→抗生素残留升高→选择压力增加→促进耐药发展,"“Statistically significant associations were found between the mean monthly temperature or the mean monthly rainfall and amoxicillin and doxycycline concentrations, both in univariate and multivariate models (Tables 7–10). For both independent variables, higher values are associated with increased concentrations of amoxicillin but with decreased concentrations of doxycycline.” (p.8, para.1)",2-观察性数据,Observational,2-间接数据支持,Indirect empirical support,3-双向作用,Bidirectional or mixed,2-观察累积,Observational cumulative/seasonal,3-人造环境,Built or engineered environment,2025-01-01
EVID_114-M2,114,2,Polianciuc (2024),Antibiotic Residues and Resistance in Three Wastewater Treatment Plants in Romania,Results-p.8-para.1,1-Results实验数据,Results,2-环境介导,Environment-mediated pathways,2d-水土理化性质,2d-水土理化性质,降水-年降雨量增加,,抗生素浓度增加,降水-平均降雨量增加→阿莫西林浓度升高→抗生素残留增加→选择压力增强→促进AMR风险,"“Statistically significant associations were found between the mean monthly temperature or the mean monthly rainfall and amoxicillin and doxycycline concentrations, both in univariate and multivariate models (Tables 7–10). For both independent variables, higher values are associated with increased concentrations of amoxicillin but with decreased concentrations of doxycycline.” (p.8, para.1)",2-观察性数据,Observational,2-间接数据支持,Indirect empirical support,1-促进AMR,Promoting AMR,2-观察累积,Observational cumulative/seasonal,3-人造环境,Built or engineered environment,2025-01-01
EVID_114-M3,114,3,Polianciuc (2024),Antibiotic Residues and Resistance in Three Wastewater Treatment Plants in Romania,Results-p.8-para.1,1-Results实验数据,Results,2-环境介导,Environment-mediated pathways,2d-水土理化性质,2d-水土理化性质,温度-季节平均温度变化,,抗生素浓度降低,温度-平均气温升高→可能增强降解/降低持久性→多西环素浓度下降→抗生素残留降低→选择压力下降→抑制耐药发展,"“Statistically significant associations were found between the mean monthly temperature or the mean monthly rainfall and amoxicillin and doxycycline concentrations, both in univariate and multivariate models (Tables 7–10). For both independent variables, higher values are associated with increased concentrations of amoxicillin but with decreased concentrations of doxycycline.” (p.8, para.1)",2-观察性数据,Observational,2-间接数据支持,Indirect empirical support,2-抑制AMR,Suppressing AMR,2-观察累积,Observational cumulative/seasonal,3-人造环境,Built or engineered environment,2025-01-01
EVID_114-M4,114,4,Polianciuc (2024),Antibiotic Residues and Resistance in Three Wastewater Treatment Plants in Romania,Discussion-p.7-para.2,3-Discussion数据解释,Discussion interpretation,2-环境介导,Environment-mediated pathways,2d-水土理化性质,2d-水土理化性质,温度-季节性变化,,抗生素去除效率增加,温度-季节性变化（夏季更高）→微生物代谢与降解能力增强→废水处理中抗生素去除率升高→残留下降→选择压力减弱,"“Higher antibiotic removal rates during the summer season can be attributed to elevated temperatures, which enhance the activity of microorganisms responsible for degrading antibiotics in wastewater treatment processes. Warmer temperatures improve the metabolic rates of these microorganisms, facilitating a more efficient breakdown of antibiotic compounds.” (p.7, para.2)",5-理论推测,Theoretical/projection,3-理论推测,Theoretical support,2-抑制AMR,Suppressing AMR,2-观察累积,Observational cumulative/seasonal,3-人造环境,Built or engineered environment,2025-01-01
EVID_114-M5,114,5,Polianciuc (2024),Antibiotic Residues and Resistance in Three Wastewater Treatment Plants in Romania,Discussion-p.7-para.1,3-Discussion数据解释,Discussion interpretation,2-环境介导,Environment-mediated pathways,2d-水土理化性质,2d-水土理化性质,温度-季节性变化,,抗生素去除效率降低,温度-季节性变化（秋季更低温）→微生物活性降低+悬浮固体增加吸附→抗生素去除效率下降/出现负去除→残留增加→促进耐药选择压力,"“Lower temperatures in autumn further slow microbial activity. These factors collectively reduce antibiotic removal efficiency, whereas other seasons show removal rates between 19% and 100%.” (p.7, para.1)",5-理论推测,Theoretical/projection,3-理论推测,Theoretical support,1-促进AMR,Promoting AMR,2-观察累积,Observational cumulative/seasonal,3-人造环境,Built or engineered environment,2025-01-01
EVID_114-M6,114,6,Polianciuc (2024),Antibiotic Residues and Resistance in Three Wastewater Treatment Plants in Romania,Discussion-p.13-para.1,3-Discussion数据解释,Discussion interpretation,1-直接生物学效应,Direct biological mechanisms,1b-突变率,1a-生长代谢；1b-突变率,温度-季节平均温度变化,,耐药性增加,温度-平均气温升高（暖季）→细菌生长速率↑→突变率与耐药基因传播↑→暖季分离菌耐药更高→耐药性增加,"“The data indicates increased resistance during the warmer seasons (Q2, Q3), likely due to factors such as higher bacterial growth rates at elevated temperatures, which can accelerate mutation rates and the spread of resistance genes [58].” (p.13, para.1)",5-理论推测,Theoretical/projection,3-理论推测,Theoretical support,1-促进AMR,Promoting AMR,2-观察累积,Observational cumulative/seasonal,3-人造环境,Built or engineered environment,2025-01-01
EVID_114-M7,114,7,Polianciuc (2024),Antibiotic Residues and Resistance in Three Wastewater Treatment Plants in Romania,Discussion-p.13-para.1,3-Discussion数据解释,Discussion interpretation,1-直接生物学效应,Direct biological mechanisms,2a-微生物群落,1a-生长代谢,温度-季节平均温度变化,,耐药菌增加,温度-平均气温升高→细菌总量增殖/繁殖增强→暖季耐药菌更易扩增→耐药菌增加→AMR风险上升,"“These findings suggest that warmer conditions may facilitate the proliferation of antibiotic-resistant bacteria, potentially due to the presence of these antibiotics in the influent.” (p.13, para.1)",5-理论推测,Theoretical/projection,3-理论推测,Theoretical support,1-促进AMR,Promoting AMR,2-观察累积,Observational cumulative/seasonal,3-人造环境,Built or engineered environment,2025-01-01
EVID_114-M8,114,8,Polianciuc (2024),Antibiotic Residues and Resistance in Three Wastewater Treatment Plants in Romania,Discussion-p.13-para.1,3-Discussion数据解释,Discussion interpretation,1-直接生物学效应,Direct biological mechanisms,2a-微生物群落,1a-生长代谢,温度-季节性变化,,细菌丰度增加,温度-季节性变化（春夏更暖）→细菌生长增强→春夏细菌计数升高→耐药传播机会增加,"“This increase is likely due to higher temperatures (15.5–15.4 ◦C in Q2 and 21.3–21.6 ◦C in Q3) which enhance bacterial growth,” (p.13, para.1)",5-理论推测,Theoretical/projection,3-理论推测,Theoretical support,1-促进AMR,Promoting AMR,2-观察累积,Observational cumulative/seasonal,3-人造环境,Built or engineered environment,2025-01-01
EVID_114-M9,114,9,Polianciuc (2024),Antibiotic Residues and Resistance in Three Wastewater Treatment Plants in Romania,Discussion-p.14-para.1,3-Discussion数据解释,Discussion interpretation,1-直接生物学效应,Direct biological mechanisms,2e-动物生态,1g-生物膜,温度-季节性变化,,耐药基因传播,温度/季节变化→出水端形成生物膜→生物膜保护细菌免受处理→促进HGT→耐药性传播增强,"“Some effluent sample micrographs (Figure 4d,e) display clusters of cells, suggesting biofilm formation, which can protect bacteria from treatment processes and promote the spread of antibiotic resistance. Biofilm formation is a well-known survival strategy that protects from physical stresses and antimicrobial agents, both of which are common in WWTPs and can also facilitate horizontal gene transfer among bacteria, potentially spreading resistance traits [55,56].” (p.14, para.1)",5-理论推测,Theoretical/projection,3-理论推测,Theoretical support,1-促进AMR,Promoting AMR,2-观察累积,Observational cumulative/seasonal,3-人造环境,Built or engineered environment,2025-01-01
EVID_115-M1,115,1,Peng (2019),An extensively shared antibiotic resistome among four seasons suggests management prioritization in a subtropical riverine ecosystem,Results-p.1-para.（Abstract段落）,2-Results+Discussion整合,Results and discussion integration,2-环境介导,Environment-mediated pathways,2f-其他环境介导,2c-水文条件,降水-极端降雨,,耐药基因丰度改变,夏季降雨量升高→上游水体污染物与ARG被稀释；下游受城市输入+水动力作用→ARG出现富集效应→ARG丰度空间差异增强,"“Summer rainfall had strong dilution effect on ARGs in upstream waters and enrichment effect in downstream waters.” (p.1, para. Abstract)",2-观察性数据,Observational,2-间接数据支持,Indirect empirical support,3-双向作用,Bidirectional or mixed,2-观察累积,Observational cumulative/seasonal,2-自然环境,Natural environment,2025-01-02
EVID_115-M2,115,2,Peng (2019),An extensively shared antibiotic resistome among four seasons suggests management prioritization in a subtropical riverine ecosystem,Results-p.3-para.2,1-Results实验数据,Results,2-环境介导,Environment-mediated pathways,2d-水土理化性质,2d-水土理化性质,降水-季节模式改变,,耐药基因丰富度增加,夏季进入雨季（降雨↑）→水文与环境条件波动↑→检测到ARG数量（richness）在夏季显著更高→总体ARG暴露水平提高,"“The significantly higher number of ARGs in the summer rainy period than other seasons coincided with high number of significant edges in ARG co-occurrence networks.” (p.1, para. Abstract)",2-观察性数据,Observational,2-间接数据支持,Indirect empirical support,1-促进AMR,Promoting AMR,2-观察累积,Observational cumulative/seasonal,2-自然环境,Natural environment,2025-01-02
EVID_115-M3,115,3,Peng (2019),An extensively shared antibiotic resistome among four seasons suggests management prioritization in a subtropical riverine ecosystem,Results-p.3-para.1,1-Results实验数据,Results,2-环境介导,Environment-mediated pathways,2f-其他环境介导,2c-水文条件,降水-季节模式改变,,耐药基因分布改变,降雨作为生态参数→与ARG分布显著相关→提示降雨通过改变水环境过程影响ARG空间季节分布,"“Houxi river system exhibited a spatial environmental heterogeneity induced by human activities in the watershed (Fig. S1).” (p.3, para.1)",2-观察性数据,Observational,2-间接数据支持,Indirect empirical support,4-不确定,Uncertain,2-观察累积,Observational cumulative/seasonal,2-自然环境,Natural environment,2025-01-02
EVID_115-M4,115,4,Peng (2019),An extensively shared antibiotic resistome among four seasons suggests management prioritization in a subtropical riverine ecosystem,Results-p.4-para.1,1-Results实验数据,Results,2-环境介导,Environment-mediated pathways,2f-其他环境介导,2d-水土理化性质,降水-季节模式改变,,耐药基因分布改变,降雨（precipitation）等生态因子→与ARG分布显著相关（RDA检验）→降雨/溶解氧/pH/氮素条件变化→驱动ARG分布模式改变,"“The redundancy analysis (RDA) showed that among 17 ecological parameters analyzed, precipitation, dissolved oxygen (DO), pH and nitrogen (TN, NO2-N, and NO3-N) were the variables that correlated significantly with ARGs distribution in the Houxi River.” (p.4, para.1)",2-观察性数据,Observational,2-间接数据支持,Indirect empirical support,1-促进AMR,Promoting AMR,2-观察累积,Observational cumulative/seasonal,2-自然环境,Natural environment,2025-01-02
EVID_115-M5,115,5,Peng (2019),An extensively shared antibiotic resistome among four seasons suggests management prioritization in a subtropical riverine ecosystem,Results-p.4-para.1,1-Results实验数据,Results,2-环境介导,Environment-mediated pathways,2f-其他环境介导,2c-水文条件,降水-季节模式改变,,耐药基因分布改变,环境因子整体解释ARG变化的方差更大→超过降雨、MGEs与地理距离→提示气候相关水文变量在多因子驱动中属于重要成分但非唯一主导,"“The variance partitioning indicated that environmental factors contributed greater than the rainfall, MGEs and geographical distance in explaining ARGs variation in all seasons.” (p.4, para.1)",2-观察性数据,Observational,2-间接数据支持,Indirect empirical support,4-不确定,Uncertain,2-观察累积,Observational cumulative/seasonal,2-自然环境,Natural environment,2025-01-02
EVID_116-M1,116,1,Pan (2020),"Seasonal variation of antibiotics in surface water of Pudong New Area of Shanghai, China and the occurrence in typical wastewater sources",Results and discussions-p.3-para.2,1-Results实验数据,Results,2-环境介导,Environment-mediated pathways,2b-抗生素残留,2c-水文条件；2b-抗生素残留,降水-季节模式改变,未明确,抗生素残留增加,降水-季节性降水变化（干季降水少）→河流水量低、稀释作用弱、自净能力弱→环境中抗生素浓度升高→抗生素选择压力增强→促进AMR风险,"“This indicates higher concentrations in dry season than that in wet season, which was attributed to the water dilution and weaker self-purification of the river during dry season.” (p.1, Abstract)",2-观察性数据,Observational,2-间接数据支持,Indirect empirical support,1-促进AMR,Promoting AMR,2-观察累积,Observational cumulative/seasonal,2-自然环境,Natural environment,2025-01-02
EVID_116-M2,116,2,Pan (2020),"Seasonal variation of antibiotics in surface water of Pudong New Area of Shanghai, China and the occurrence in typical wastewater sources",Results and discussions-p.4-para.1,2-Results+Discussion整合,Results and discussion integration,2-环境介导,Environment-mediated pathways,2b-抗生素残留,2c-水文条件；2b-抗生素残留,降水-季节模式改变,未明确,抗生素残留增加,降水-季节性降水变化（湿季降雨多）→河流水量增大→对抗生素浓度产生显著稀释→湿季抗生素浓度降低→环境选择压力下降,"“Thus, high flow in June resulted in a great dilution on the concentration of antibiotics in the surface water, which matches the conclusion by Cui et al. (2018) and Jiang et al. (2011).” (p.4, para.1)",2-观察性数据,Observational,2-间接数据支持,Indirect empirical support,2-抑制AMR,Suppressing AMR,2-观察累积,Observational cumulative/seasonal,2-自然环境,Natural environment,2025-01-02
EVID_116-M3,116,3,Pan (2020),"Seasonal variation of antibiotics in surface water of Pudong New Area of Shanghai, China and the occurrence in typical wastewater sources",Results and discussions-p.4-para.1,3-Discussion数据解释,Discussion interpretation,2-环境介导,Environment-mediated pathways,2b-抗生素残留,2b-抗生素残留,温度-季节平均温度变化,未明确,抗生素残留减少,温度-季节性温度变化（夏季高温+强日照）→促进抗生素生物降解与光降解→湿季（6月）抗生素浓度降低→环境选择压力下降,"“The other reason contributing to the low concentration of antibiotics in wet season might be the high temperature and stronger sunlight of summer (June), which could promote the bio- and photo-degradation of antibiotics in water (Karthikeyan and Meyer, 2006).” (p.4, para.1)",5-理论推测,Theoretical/projection,3-理论推测,Theoretical support,2-抑制AMR,Suppressing AMR,4-未明确,Conceptual or unclear,2-自然环境,Natural environment,2025-01-02
EVID_116-M4,116,4,Pan (2020),"Seasonal variation of antibiotics in surface water of Pudong New Area of Shanghai, China and the occurrence in typical wastewater sources",Results and discussions-p.4-para.2,2-Results+Discussion整合,Results and discussion integration,2-环境介导,Environment-mediated pathways,2b-抗生素残留,2c-水文条件；2b-抗生素残留,降水-季节模式改变,未明确,抗生素残留增加,降水-季节性降水变化（湿季）→污染源排放增强（猪场/药厂/污水厂）→输入负荷上升抵消稀释效应→部分点位湿季浓度反而升高→选择压力增强,"“It may be attributed to the higher emission of antibiotics in wet season from the typical wastewater source such as pig farm, PMFs or STPs than that in dry season, replacing the dilution effect of high flow.” (p.4, para.2)",5-理论推测,Theoretical/projection,3-理论推测,Theoretical support,3-双向作用,Bidirectional or mixed,4-未明确,Conceptual or unclear,2-自然环境,Natural environment,2025-01-02
EVID_116-M5,116,5,Pan (2020),"Seasonal variation of antibiotics in surface water of Pudong New Area of Shanghai, China and the occurrence in typical wastewater sources",Results and discussions-p.6-para.1,1-Results实验数据,Results,2-环境介导,Environment-mediated pathways,2b-抗生素残留,2b-抗生素残留,降水-季节模式改变,未明确,抗生素残留增加,降水-季节性降水变化（干季）→河流抗生素浓度更高→风险商RQ升高（干季>湿季）→更强生态风险/潜在AMR选择压力,"“Significantly, RQs of CIP in dry season was higher than that in wet season due to the concentration level, which was discussed in section 3.1.2.” (p.6, para.1)",2-观察性数据,Observational,2-间接数据支持,Indirect empirical support,1-促进AMR,Promoting AMR,2-观察累积,Observational cumulative/seasonal,2-自然环境,Natural environment,2025-01-02
EVID_116-M6,116,6,Pan (2020),"Seasonal variation of antibiotics in surface water of Pudong New Area of Shanghai, China and the occurrence in typical wastewater sources",Results and discussions-p.6-para.1,1-Results实验数据,Results,2-环境介导,Environment-mediated pathways,2b-抗生素残留,2c-水文条件；2b-抗生素残留,其他-季节性,未明确,抗生素残留增加,其他-季节性（干季/湿季均存在）→河流水体中环丙沙星暴露持续存在且RQ>1→藻类高风险→提示持续选择压力与AMR风险,"“As a conclusion, RQ values of CIP in both dry and wet season were more than 1.0 in all the sites during both wet and dry season, higher than the values of the other antibiotics.” (p.6, para.1)",2-观察性数据,Observational,2-间接数据支持,Indirect empirical support,1-促进AMR,Promoting AMR,2-观察累积,Observational cumulative/seasonal,2-自然环境,Natural environment,2025-01-02
EVID_116-M7,116,7,Pan (2020),"Seasonal variation of antibiotics in surface water of Pudong New Area of Shanghai, China and the occurrence in typical wastewater sources",Conclusions-p.8-para.1,2-Results+Discussion整合,Results and discussion integration,2-环境介导,Environment-mediated pathways,2b-抗生素残留,2b-抗生素残留,降水-季节模式改变,未明确,抗生素残留增加,降水-季节性降水变化→干湿季抗生素浓度系统性差异（干季更高）→干季生态风险更高→环境选择压力增强→促进AMR风险,"“Based on the seasonal variation, the concentration of antibiotics were generally higher during dry season than in wet season.” (p.8, para.1)",2-观察性数据,Observational,2-间接数据支持,Indirect empirical support,1-促进AMR,Promoting AMR,2-观察累积,Observational cumulative/seasonal,2-自然环境,Natural environment,2025-01-02
EVID_116-M8,116,8,Pan (2020),"Seasonal variation of antibiotics in surface water of Pudong New Area of Shanghai, China and the occurrence in typical wastewater sources",Conclusions-p.8-para.1,2-Results+Discussion整合,Results and discussion integration,2-环境介导,Environment-mediated pathways,2b-抗生素残留,2b-抗生素残留,其他-季节性,未明确,抗生素残留增加,其他-季节性（干季）→风险商高于湿季→CIP在干湿季所有点位RQ>1→持续高风险暴露→增强AMR选择压力,"“Moreover, the risk assessment shows that RQs in dry season were higher than the values in wet season and the RQ values of CIP in both dry and wet season were more than 1.0 in all the sites.” (p.8, para.1)",2-观察性数据,Observational,2-间接数据支持,Indirect empirical support,1-促进AMR,Promoting AMR,2-观察累积,Observational cumulative/seasonal,2-自然环境,Natural environment,2025-01-02
EVID_117-M1,117,1,Pak (2022),Impact of seasonal variations on microbiome diversity and antibiotic resistance in aerosolized bacteria in a dairy facility,Results- p.8-para.1,1-Results实验数据,Results,2-环境介导,Environment-mediated pathways,2f-其他环境介导,2f-其他环境介导-气溶胶,温度-季节性变化,NR（样本为aerosol细菌群落/分离菌混合）,（待术语库核对：耐药性增加/耐药表型增强）,冬季（低温季节）→气溶胶样本耐药谱增强（多重耐药比例上升）→耐药性增加,"“Strongest antibiotic resistance in aerosol samples was observed in Winter 2020, especially in the western and southern sides of the barn.” (p.8, para.1)",2-观察性数据,Observational,2-间接数据支持,Indirect empirical support,1-促进AMR,Promoting AMR,2-观察累积,Observational cumulative/seasonal,3-人造环境,Built or engineered environment,2025-01-02
EVID_117-M2,117,2,Pak (2022),Impact of seasonal variations on microbiome diversity and antibiotic resistance in aerosolized bacteria in a dairy facility,Results- p.8-para.1,1-Results实验数据,Results,2-环境介导,Environment-mediated pathways,2f-其他环境介导,2f-其他环境介导-气溶胶,温度-季节性变化,NR,（待术语库核对：多重耐药比例增加）,冬季（低温季节）→更多气溶胶样本对≥4种抗生素耐药→多重耐药增加,"“Out of the 15 aerosol samples, 8 samples showed resistance to four or more antibiotics.” (p.8, para.1)",2-观察性数据,Observational,2-间接数据支持,Indirect empirical support,1-促进AMR,Promoting AMR,2-观察累积,Observational cumulative/seasonal,3-人造环境,Built or engineered environment,2025-01-02
EVID_117-M3,117,3,Pak (2022),Impact of seasonal variations on microbiome diversity and antibiotic resistance in aerosolized bacteria in a dairy facility,Discussion- p.8-para.2,3-Discussion数据解释,Discussion interpretation,1-直接生物学效应,Direct biological mechanisms,2f-其他环境介导,2f-其他环境介导-气溶胶,温度-季节性变化,NR,（待术语库核对：耐药性增加）,低温应激→诱导细菌耐药相关机制→气溶胶细菌耐药性增强,"“It showed that even though lower temperatures did not favor a diverse microbiome community to develop in Winter 2020 aerosols, they induced high antibiotic resistance in aerosolized bacteria.” (p.8, para.2)",5-理论推测,Theoretical/projection,3-理论推测,Theoretical support,1-促进AMR,Promoting AMR,4-未明确,Conceptual or unclear,3-人造环境,Built or engineered environment,2025-01-02
EVID_117-M4,117,4,Pak (2022),Impact of seasonal variations on microbiome diversity and antibiotic resistance in aerosolized bacteria in a dairy facility,Discussion- p.8-para.3,3-Discussion数据解释,Discussion interpretation,2-环境介导,Environment-mediated pathways,2f-其他环境介导,2f-其他环境介导-气溶胶,其他-风速风向,NR,（待术语库核对：ARB传播/扩散增加）,高风速+日照→积水蒸发加速→气溶胶化ARB扩散→环境中ARB传播增强,"“High wind velocities and exposure to sunlight were shown to accelerate the evaporation of accumulated flood water and disseminate aerosolized ARB throughout the dairy barn in Summer 2019 and Winter 2020.” (p.8, para.3)",5-理论推测,Theoretical/projection,3-理论推测,Theoretical support,1-促进AMR,Promoting AMR,2-观察累积,Observational cumulative/seasonal,3-人造环境,Built or engineered environment,2025-01-02
EVID_117-M5,117,5,Pak (2022),Impact of seasonal variations on microbiome diversity and antibiotic resistance in aerosolized bacteria in a dairy facility,Conclusions- p.9-para.1,2-Results+Discussion整合,Results and discussion integration,2-环境介导,Environment-mediated pathways,2f-其他环境介导,2f-其他环境介导-气溶胶,其他-风速风向,NR,（待术语库核对：耐药性增加；ARB传播/扩散增加）,低温+高湿→ARB更易存活且耐药更强→耐药性增加；环境风/风机风→携带并输送气溶胶细菌→传播扩散增加,"“It was revealed that lower temperature and higher relative humidity are favorable for the survival of ARB and development of stronger antibiotic resistance.” (p.9, para.1)",2-观察性数据,Observational,2-间接数据支持,Indirect empirical support,1-促进AMR,Promoting AMR,2-观察累积,Observational cumulative/seasonal,3-人造环境,Built or engineered environment,2025-01-02
EVID_119-M1,119,1,Oktaviani (2024),Contamination analysis of antimicrobial resistance in escherichia coli in the domestic environment,Results and discussion-p.3-para.2,1-Results实验数据,Results,2-环境介导,Environment-mediated pathways,2d-水土理化性质,2d-水土理化性质,降水-季节模式改变,E.coli,耐药菌分离率上升,降水-季节模式改变（雨季 vs 旱季）→地下水源粪源污染水平变化→耐药（cefotaxime）E.coli 阳性样本比例变化→耐药菌分离率上升,"“Based on the results of the AMR E. coli test against the antibiotic used, cefotaxime, it showed that in 60 samples of clean water tested in the rainy season, 44 samples (73.3%) were positive for confirmation of E. coli contamination and 20 samples (33.3%) showed positive confirmation of resistance to cefotaxime antibiotics. Meanwhile, in this dry season study, 33 samples (61.1%) were confirmed positive for E. coli and 12 samples (22.2%) were confirmed to be resistant to the antibiotic cefotaxime.” (p.3, para.2)",2-观察性数据,Observational,2-间接数据支持,Indirect empirical support,1-促进AMR,Promoting AMR,2-观察累积,Observational cumulative/seasonal,3-人造环境,Built or engineered environment,2026-01-03
EVID_119-M2,119,2,Oktaviani (2024),Contamination analysis of antimicrobial resistance in escherichia coli in the domestic environment,Results and discussion-p.4-para.1,2-Results+Discussion整合,Results and discussion integration,2-环境介导,Environment-mediated pathways,2d-水土理化性质,2d-水土理化性质,降水-极端降雨,E.coli,耐药菌分离率上升,降水-极端降雨（高雨强）→soil flow velocity↑→E.coli 传输至水源→E.coli 与耐药E.coli污染更高→耐药菌分离率上升,"“High rainfall intensity is correlated with soil flow velocity [6] so that the transmission of E. coli can reach the water sources, causing contamination of E. coli and AMR of E. coli to be higher in the rainy season.” (p.4, para.1)",2-观察性数据,Observational,2-间接数据支持,Indirect empirical support,1-促进AMR,Promoting AMR,2-观察累积,Observational cumulative/seasonal,3-人造环境,Built or engineered environment,2026-01-03
EVID_119-M3,119,3,Oktaviani (2024),Contamination analysis of antimicrobial resistance in escherichia coli in the domestic environment,Results and discussion-p.4-para.2,1-Results实验数据,Results,2-环境介导,Environment-mediated pathways,2d-水土理化性质,2d-水土理化性质,降水-季节模式改变,E.coli,耐药菌分离率上升,降水-季节模式改变（雨季/旱季）→地下水中AMR E.coli浓度（MPN/100 mL）改变→旱季平均浓度更高→耐药菌分离率上升,"“The results showed that the average positive AMR E. coli concentration in the rainy season was 78 MPN/100 mL, while the average positive AMR E. coli concentration in the dry season was 139.5 MPN/100 mL. Thus, according to the season, the average concentration of AMR E. coli in the dry season is higher than in the rainy season.” (p.4, para.2)",2-观察性数据,Observational,2-间接数据支持,Indirect empirical support,1-促进AMR,Promoting AMR,2-观察累积,Observational cumulative/seasonal,3-人造环境,Built or engineered environment,2026-01-03
EVID_119-M4,119,4,Oktaviani (2024),Contamination analysis of antimicrobial resistance in escherichia coli in the domestic environment,Results and discussion-p.4-para.2,3-Discussion数据解释,Discussion interpretation,2-环境介导,Environment-mediated pathways,2b-抗生素残留,2b-抗生素残留,降水-干旱,E.coli,耐药菌分离率上升,降水-干旱/更干燥夏季→infiltration不足导致微生物迁移机制改变 + 地下抗菌药残留浓度更高→细菌暴露于亚治疗浓度抗菌药↑→耐药菌分离率上升,"“Increased concentrations of E. coli in the dry season have also been reported in a publication by O'Dwyer et al. [7], who stated that drier summers and drought conditions would increase their frequency due to the absence of infiltration or infiltration for microbial transport. In addition, drier periods allow higher concentrations of antimicrobial residues below the surface, thereby leading to increased exposure of bacteria to sub-therapeutic levels of antimicrobial residues [8].” (p.4, para.2)",4-文献综述,Review-based,4-文献综述总结,Review-based support,1-促进AMR,Promoting AMR,4-未明确,Conceptual or unclear,3-人造环境,Built or engineered environment,2026-01-03
EVID_119-M5,119,5,Oktaviani (2024),Contamination analysis of antimicrobial resistance in escherichia coli in the domestic environment,Results and discussion-p.5-para.1,1-Results实验数据,Results,2-环境介导,Environment-mediated pathways,2d-水土理化性质,2d-水土理化性质,降水-季节模式改变,E.coli,耐药菌分离率上升,降水-季节模式改变→水源中E.coli浓度（MPN/100 mL）存在季节差异（p=0.045）但AMR E.coli浓度季节差异不显著（p=0.234）→提示季节性对AMR结局影响存在不确定性/受其他因子调节,"“value of Asymp. Sig for contamination of E. coli against seasonal variations is 0.045 (p < 0.05), then the hypothesis (H0) is accepted, there is a statistical difference in E. coli contamination measured from the concentration of E. coli (MPN/100 mL) against seasonal variations. However, on AMR E. coli contamination with seasonal variations, the Asymp Sig value is 0.234 (p>0.05). So with these results, hypothesis H0 is rejected, there is no significant difference in the concentration of E. coli (MPN/100 mL) between the rainy season and the dry season on AMR E. coli contamination in the sample water sources used.” (p.5, para.1)",2-观察性数据,Observational,2-间接数据支持,Indirect empirical support,4-不确定,Uncertain,2-观察累积,Observational cumulative/seasonal,3-人造环境,Built or engineered environment,2026-01-03
EVID_120-M1,120,1,Oguttu (2017),An Exploratory Descriptive Study of Antimicrobial Resistance Patterns of Staphylococcus Spp. Isolated from Horses Presented at a Veterinary Teaching Hospital,Results-p.1-para.4,1-Results实验数据,Results,1-直接生物学效应,Direct biological mechanisms,2a-微生物群落,1a-生长代谢,其他-季节性,Staphylococcus spp.,耐药率上升,其他-季节性（夏季）→环境条件改变导致耐药葡萄球菌在马群/医院环境中更易存活或暴露增加→耐药株比例上升→AMR率升高（夏季最高）,"“Significant (p < 0.05) differences in the percentage of samples with isolates that were AMR or MDR was observed across seasons, horse breeds and Staphylococcus spp. Summer season had the highest (64.3%) and autumn the lowest (29.6%) percentages of AMR isolates.” (p.1, para.4)",2-观察性数据,Observational,2-间接数据支持,Indirect empirical support,3-双向作用,Bidirectional or mixed,2-观察累积,Observational cumulative/seasonal,3-人造环境,Built or engineered environment,2026-01-03
EVID_120-M2,120,2,Oguttu (2017),An Exploratory Descriptive Study of Antimicrobial Resistance Patterns of Staphylococcus Spp. Isolated from Horses Presented at a Veterinary Teaching Hospital,Results-p.5-para.1,1-Results实验数据,Results,2-环境介导,Environment-mediated pathways,2a-微生物群落,可删除,其他-季节性,Staphylococcus spp.,耐药率上升,其他-季节性（夏季/冬季）→季节因素与耐药样本比例显著相关→夏季耐药比例最高、秋季最低→提示季节相关环境因素可影响耐药菌暴露/传播→AMR率改变,"“However, a significant (p = 0.002) association between season and percentage of isolates resistant to at least one antimicrobial was observed. Summer had the highest (64.3%; 95% CI: 48.6, 77.4%) and autumn the lowest (29.6%; 95% CI: 15.2, 49.6%) percentage of antimicrobial resistant isolates (Table 2).” (p.5, para.1)",2-观察性数据,Observational,2-间接数据支持,Indirect empirical support,3-双向作用,Bidirectional or mixed,2-观察累积,Observational cumulative/seasonal,3-人造环境,Built or engineered environment,2026-01-03
EVID_120-M3,120,3,Oguttu (2017),An Exploratory Descriptive Study of Antimicrobial Resistance Patterns of Staphylococcus Spp. Isolated from Horses Presented at a Veterinary Teaching Hospital,Discussion-p.6-para.3,4-Discussion理论推测,Discussion theoretical interpretation,1-直接生物学效应,Direct biological mechanisms,2a-微生物群落,1a-生长代谢,其他-季节性,Staphylococcus spp.,耐药率上升,其他-季节性→温度/湿度等天气条件变化→影响细菌存活与传播/感染发生节律→造成耐药比例季节波动→AMR率变化,"“The significant association observed between season and percentage of antimicrobial resistance could be attributed to weather conditions such as temperature and humidity.” (p.6, para.3)",5-理论推测,Theoretical/projection,3-理论推测,Theoretical support,1-促进AMR,Promoting AMR,4-未明确,Conceptual or unclear,3-人造环境,Built or engineered environment,2026-01-03
EVID_120-M4,120,4,Oguttu (2017),An Exploratory Descriptive Study of Antimicrobial Resistance Patterns of Staphylococcus Spp. Isolated from Horses Presented at a Veterinary Teaching Hospital,Discussion-p.6-para.3,4-Discussion理论推测,Discussion theoretical interpretation,2-环境介导,Environment-mediated pathways,3c-兽用抗生素,3c-兽用抗生素,其他-季节性,Staphylococcus spp.,耐药率上升,其他-季节性→不同季节感染率差异→导致抗菌药物使用强度不同→选择压力随季节变化→耐药比例季节波动→AMR率变化,"“However, it may also be due to seasonal differences in staffing levels (i.e., fewer regular staff during vacation months) and seasonal differences in antimicrobial drug use due to differences in infection rates from other bacteria resulting in differences in selection pressure [30].” (p.6, para.3)",5-理论推测,Theoretical/projection,3-理论推测,Theoretical support,1-促进AMR,Promoting AMR,4-未明确,Conceptual or unclear,3-人造环境,Built or engineered environment,2026-01-03
EVID_120-M5,120,5,Oguttu (2017),An Exploratory Descriptive Study of Antimicrobial Resistance Patterns of Staphylococcus Spp. Isolated from Horses Presented at a Veterinary Teaching Hospital,Conclusions-p.9-para.2,2-Results+Discussion整合,Results and discussion integration,1-直接生物学效应,Direct biological mechanisms,2a-微生物群落,1a-生长代谢,其他-季节性,Staphylococcus spp.,耐药率上升; MDR比例增加,其他-季节性→耐药与多重耐药在不同季节呈现模式→表明季节相关环境条件影响耐药菌出现与传播→AMR与MDR发生概率随季节改变,"“The above limitations notwithstanding, the study has shown evidence of seasonal patterns of staphylococcal infections and occurrence of AMR and MDR in horses.” (p.9, para.2)",2-观察性数据,Observational,2-间接数据支持,Indirect empirical support,3-双向作用,Bidirectional or mixed,2-观察累积,Observational cumulative/seasonal,3-人造环境,Built or engineered environment,2026-01-03
EVID_120-M6,120,6,Oguttu (2017),An Exploratory Descriptive Study of Antimicrobial Resistance Patterns of Staphylococcus Spp. Isolated from Horses Presented at a Veterinary Teaching Hospital,Results-p.5-para.1,1-Results实验数据,Results,2-环境介导,Environment-mediated pathways,2a-微生物群落,可删除,其他-季节性,Staphylococcus spp.,MDR比例增加,其他-季节性→多重耐药比例随季节变化（虽然统计不显著）→提示可能存在季节相关传播/暴露差异→MDR发生呈季节性波动,"“On the contrary, there was no significant (p = 0.137) association between the percentage of MDR isolates and season.” (p.5, para.1)",2-观察性数据,Observational,2-间接数据支持,Indirect empirical support,4-不确定,Uncertain,2-观察累积,Observational cumulative/seasonal,3-人造环境,Built or engineered environment,2026-01-03
EVID_121-M1,121,1,O'Malley (2022),Seasonal and spatial patterns differ between intracellular and extracellular antibiotic resistance genes in urban stormwater runoff,Results-p.3-para.1,1-Results实验数据,Results,2-环境介导,Environment-mediated pathways,2f-其他环境介导,2c-水文条件,降水-极端降雨,,耐药基因丰度增加,降水-暴雨径流事件→雨洪径流携带污染物/耐药相关遗传物质进入水体→与基流相比stormflow下ARG绝对丰度显著升高→耐药基因丰度增加,"“All extracellular genes were quantifiable in the stormwater samples with concentrations ranging from 2.69 × 10^5 to 7.59 × 10^9 GC per L.” (p.3, para.1)",2-观察性数据,Observational,2-间接数据支持,Indirect empirical support,1-促进AMR,Promoting AMR,2-观察累积,Observational cumulative/seasonal,2-自然环境,Natural environment,2026-01-03
EVID_121-M2,121,2,O'Malley (2022),Seasonal and spatial patterns differ between intracellular and extracellular antibiotic resistance genes in urban stormwater runoff,Results-p.3-para.1,1-Results实验数据,Results,2-环境介导,Environment-mediated pathways,2f-其他环境介导,2c-水文条件,降水-极端降雨,,耐药基因丰度增加,降水-暴雨径流事件→stormflow相对baseflow使eARG（ermF、tetC）浓度统计学显著升高→eARG外源输入/传播机会增加→耐药基因丰度增加,"“When the abundance of the extracellular genes in stormflow was compared to baseflow conditions, it was found that the concentration of two of the four eARGs in stormwater, e-ermF and e-tetC, was statistically greater than the concentration measured in the baseflow samples.” (p.3, para.1)",2-观察性数据,Observational,2-间接数据支持,Indirect empirical support,1-促进AMR,Promoting AMR,2-观察累积,Observational cumulative/seasonal,2-自然环境,Natural environment,2026-01-03
EVID_121-M3,121,3,O'Malley (2022),Seasonal and spatial patterns differ between intracellular and extracellular antibiotic resistance genes in urban stormwater runoff,Results-p.3-para.1,1-Results实验数据,Results,2-环境介导,Environment-mediated pathways,2f-其他环境介导,2c-水文条件,降水-极端降雨,,耐药基因丰度增加,降水-暴雨径流事件→stormflow使所有iARG与iMGE/intI1绝对浓度显著升高→耐药基因携带细胞输入/扩散增强→耐药基因丰度增加,"“A statistically significant increase in the average absolute concentration of all intracellular genes was observed between the baseflow and the stormwater samples with an average fold change of 1.12.” (p.3, para.1)",2-观察性数据,Observational,2-间接数据支持,Indirect empirical support,1-促进AMR,Promoting AMR,2-观察累积,Observational cumulative/seasonal,2-自然环境,Natural environment,2026-01-03
EVID_121-M4,121,4,O'Malley (2022),Seasonal and spatial patterns differ between intracellular and extracellular antibiotic resistance genes in urban stormwater runoff,Results-p.3-para.1,1-Results实验数据,Results,2-环境介导,Environment-mediated pathways,2f-其他环境介导,2c-水文条件,降水-极端降雨,,耐药基因丰度增加,降水-暴雨径流事件→i-tetC在stormflow下增幅最大（首次在stormwater中量化）→提示暴雨径流显著增强特定耐药基因输入→耐药基因丰度增加,"“i-tetC displayed the greatest increase under stormflow conditions with the average abundance increasing from 4.2 × 10^7 GC per L during baseflow to 6.3 × 10^8 GC per L; this is the first time that i-tetC has been quantified in stormwater.” (p.3, para.1)",2-观察性数据,Observational,2-间接数据支持,Indirect empirical support,1-促进AMR,Promoting AMR,2-观察累积,Observational cumulative/seasonal,2-自然环境,Natural environment,2026-01-03
EVID_121-M5,121,5,O'Malley (2022),Seasonal and spatial patterns differ between intracellular and extracellular antibiotic resistance genes in urban stormwater runoff,Results-p.3-para.2,1-Results实验数据,Results,2-环境介导,Environment-mediated pathways,2f-其他环境介导,可删除,温度-季节性变化,,耐药基因丰度增加,季节-秋季→eARG季节性变化明显→所有eARG在秋季最丰富→秋季ARG污染水平增加,"“Variations in concentration of the eARGs (blaTEM, ermF, sul1, and tetC) were found across the season, but each gene was the most abundant in the fall.” (p.3, para.2)",2-观察性数据,Observational,2-间接数据支持,Indirect empirical support,1-促进AMR,Promoting AMR,2-观察累积,Observational cumulative/seasonal,2-自然环境,Natural environment,2026-01-04
EVID_121-M6,121,6,O'Malley (2022),Seasonal and spatial patterns differ between intracellular and extracellular antibiotic resistance genes in urban stormwater runoff,Results-p.4-para.3,2-Results+Discussion整合,Results and discussion integration,2-环境介导,Environment-mediated pathways,2f-其他环境介导,2c-水文条件,温度-季节性变化,,耐药基因丰度增加,季节-秋季→stormflow相对baseflow的ARG增幅最大（fall>spring>winter）→秋季暴雨径流对ARG输入影响最强→耐药基因丰度增加,"“In this case, the iARGs and eARGs exhibited the same trend as on average the genes in stormflow were found to increase 19% and 18% in the fall, 13% and 12% in the spring, and 6% and 9% in the winter, respectively, across all locations.” (p.4, para.3)",2-观察性数据,Observational,2-间接数据支持,Indirect empirical support,1-促进AMR,Promoting AMR,2-观察累积,Observational cumulative/seasonal,2-自然环境,Natural environment,2026-01-04
EVID_121-M7,121,7,O'Malley (2022),Seasonal and spatial patterns differ between intracellular and extracellular antibiotic resistance genes in urban stormwater runoff,Discussion-p.8-para.3,3-Discussion数据解释,Discussion interpretation,2-环境介导,Environment-mediated pathways,2d-水土理化性质,2d-水土理化性质,降水-干旱,,耐药基因丰度增加,干旱-前期无雨期延长→城市地表污染物/固体与ARG累积↑→随降雨径流冲刷进入排水系统→秋季ARG与污染物同步显著升高→耐药基因丰度增加,"“An increased antecedent dry weather period, for instance, has been correlated with higher concentrations of pollutants in stormwater runoff due to the buildup and subsequent transport of chemicals and solids from urban surfaces.” (p.8, para.3)",5-理论推测,Theoretical/projection,3-理论推测,Theoretical support,1-促进AMR,Promoting AMR,2-观察累积,Observational cumulative/seasonal,2-自然环境,Natural environment,2026-01-04
EVID_121-M8,121,8,O'Malley (2022),Seasonal and spatial patterns differ between intracellular and extracellular antibiotic resistance genes in urban stormwater runoff,Discussion-p.8-para.3,3-Discussion数据解释,Discussion interpretation,2-环境介导,Environment-mediated pathways,2d-水土理化性质,2d-水土理化性质,降水-干旱,,耐药基因丰度增加,干旱-前期无雨期延长（秋季）→污染物与ARG污染累积→fall storm事件中iARG/eARG增幅最大→耐药基因丰度增加,"“The antecedent dry weather period that preceded the fall sampling event was 17 days, while only 7 and 3 days of dry weather came before the winter and spring sampling, respectively.” (p.8, para.3)",2-观察性数据,Observational,2-间接数据支持,Indirect empirical support,1-促进AMR,Promoting AMR,2-观察累积,Observational cumulative/seasonal,2-自然环境,Natural environment,2026-01-04
EVID_121-M9,121,9,O'Malley (2022),Seasonal and spatial patterns differ between intracellular and extracellular antibiotic resistance genes in urban stormwater runoff,Discussion-p.7-para.4,3-Discussion数据解释,Discussion interpretation,2-环境介导,Environment-mediated pathways,2f-其他环境介导,2c-水文条件；2d-水土理化性质,降水-暴雨/径流事件,,耐药基因传播增加,降水-暴雨径流事件→stormwater中重金属+MGEs+ARG共存→选择压力增强促进突变/重组/HGT/表达→耐药传播风险上升,"“Selective pressures are known to increase mutation rates, recombination, horizontal gene transfer, and expression of antibiotic resistance mechanisms thereby diversifying the overall resistome and increasing the risk of ARG dissemination to human pathogens.” (p.7, para.4)",4-文献综述,Review-based,4-文献综述总结,Review-based support,1-促进AMR,Promoting AMR,4-未明确,Conceptual or unclear,2-自然环境,Natural environment,2026-01-04
EVID_122-M1,122,1,Neher (2020),Seasonal variations in export of antibiotic resistance genes and bacteria in runoff from an agricultural watershed in Iowa,Abstract-p.1-para.1,2-Results+Discussion整合,Results and discussion integration,2-环境介导,Environment-mediated pathways,2d-水土理化性质,2d-水土理化性质,降水-季节模式改变,E.coli; Enterococcus,耐药菌丰度/浓度增加,季节变化（生长季）→农田径流增强/暴露机会增加→抗生素耐药粪便指示菌（ARBs）浓度在6–8月显著升高,"“Resistant bacteria concentrations were significantly higher during June–August.” (p.1, para.1)",2-观察性数据,Observational,2-间接数据支持,Indirect empirical support,1-促进AMR,Promoting AMR,2-观察累积,Observational cumulative/seasonal,2-自然环境,Natural environment,2026-01-04
EVID_122-M2,122,2,Neher (2020),Seasonal variations in export of antibiotic resistance genes and bacteria in runoff from an agricultural watershed in Iowa,Abstract-p.1-para.1,2-Results+Discussion整合,Results and discussion integration,2-环境介导,Environment-mediated pathways,2f-其他环境介导,2d-水土理化性质,降水-季节模式改变,未明确,耐药基因丰度增加,春季播种前与秋季收获后时期→粪肥施用增加ARG输入→ARG在径流中相对丰度在前期/后期季节更高,"“Plate counts were significantly greater during the growing season, while the ARGs were greater in the pre-planting and post-harvest seasons (Wilcoxon Rank-Sum Test p b 0.05).” (p.1, para.1)",2-观察性数据,Observational,2-间接数据支持,Indirect empirical support,1-促进AMR,Promoting AMR,2-观察累积,Observational cumulative/seasonal,2-自然环境,Natural environment,2026-01-04
EVID_122-M3,122,3,Neher (2020),Seasonal variations in export of antibiotic resistance genes and bacteria in runoff from an agricultural watershed in Iowa,Abstract-p.1-para.1,2-Results+Discussion整合,Results and discussion integration,2-环境介导,Environment-mediated pathways,2f-其他环境介导,2d-水土理化性质,降水-季节模式改变,E.coli; Enterococcus,耐药基因丰度增加,季节变化→ARG (ermB) 与粪便指示菌同步变化→ermB可作为环境AMR/健康风险指示因子,"“The ermB gene concentration was significantly correlated (p b 0.05) with E. coli and Enterococcus concentrations in 2017, suggesting a potential use of this ARG as an indicator of environmental AMR and human health risk.” (p.1, para.1)",2-观察性数据,Observational,2-间接数据支持,Indirect empirical support,1-促进AMR,Promoting AMR,2-观察累积,Observational cumulative/seasonal,2-自然环境,Natural environment,2026-01-04
EVID_122-M4,122,4,Neher (2020),Seasonal variations in export of antibiotic resistance genes and bacteria in runoff from an agricultural watershed in Iowa,Abstract-p.1-para.1,2-Results+Discussion整合,Results and discussion integration,2-环境介导,Environment-mediated pathways,2d-水土理化性质,2d-水土理化性质,降水-季节模式改变,未明确,耐药菌/耐药基因变化,水文流量变化→与AMR指标相关性弱→提示季节性AMR变化更可能由污染输入（粪肥施用）驱动而非单纯稀释/冲刷,"“Flow rate was not a significant contributor to annual variations in bacteria and AMR indicators.” (p.1, para.1)",2-观察性数据,Observational,2-间接数据支持,Indirect empirical support,4-不确定,Uncertain,2-观察累积,Observational cumulative/seasonal,2-自然环境,Natural environment,2026-01-04
EVID_122-M5,122,5,Neher (2020),Seasonal variations in export of antibiotic resistance genes and bacteria in runoff from an agricultural watershed in Iowa,Abstract-p.1-para.1,2-Results+Discussion整合,Results and discussion integration,2-环境介导,Environment-mediated pathways,2f-其他环境介导,2d-水土理化性质,降水-季节模式改变,未明确,耐药基因丰度增加,季节性（与农业施用同步）→粪肥施用导致ARG环境输入上升→下游水体ARG指标升高,"“Based on observed seasonal patterns, we concluded that manure application was the likely contributor to elevated ARG indicators observed in the BHL watershed, while the driver of elevated ARB indictors in the growing season can only be speculated.” (p.1, para.1)",2-观察性数据,Observational,2-间接数据支持,Indirect empirical support,1-促进AMR,Promoting AMR,2-观察累积,Observational cumulative/seasonal,2-自然环境,Natural environment,2026-01-04
EVID_124-M1,124,1,Mohanty et al. (2004),Seasonality and antimicrobial resistance pattern of Vibrio cholerae in a tertiary care hospital of North India,Results-p.249-250; Discussion-p.250-251,2-Results+Discussion整合,Results and discussion integration,1-直接生物学效应,Direct biological mechanisms,2d-环境条件,1a-生长代谢；1b-突变率；1c-水平基因转移,温度-升高 (夏季); 降水-增加 (季风季节),"印度德里地区霍乱弧菌(Vibrio cholerae O1 biotype El Tor serotype Ogawa, V. cholerae O139, non-O1 non-O139)","霍乱病例在5-6月达到高峰(最高峰),其次是7-8月; 病例通常在4月开始出现,在夏季和季风季节(5-9月)达到高峰,11月减少; 冬季干燥月份(1-3月)通常无病例; 2002年3月出现3例病例(异常提前); 1998-2002年共分离431株霍乱弧菌(423株V. cholerae O1, 2株V. cholerae O139, 6株non-O1 non-O139); 90.25%的菌株对至少一种抗生素耐药","冬季干燥月份(1-3月,气温低、降水少) → 德里地区通常无霍乱病例 → 提示霍乱弧菌在低温干燥环境中生存和传播能力降低。4月(气温开始升高) → 霍乱病例开始出现。夏季(5-6月,气温高) → 霍乱病例达到最高峰 → 提示高温促进霍乱弧菌在环境(如水源)中的生存、繁殖和传播。季风季节(7-8月,降水增加) → 霍乱病例达到第二高峰 → 提示降水增加导致水源污染加剧、霍乱弧菌通过受污染水源传播增加。9-11月(气温降低、降水减少) → 霍乱病例逐渐减少。本研究结果与Singh等人在德里地区的研究一致:病例通常在4月开始出现,在夏季和季风季节(5-9月)达到高峰,11月减少;冬季干燥月份(1-3月)通常无病例(Discussion-p.250)。2002年3月出现3例病例(异常提前),可能与该年气候异常(提前升温或降水)有关。1998-2002年共分离431株霍乱弧菌,其中423株V. cholerae O1 biotype El Tor serotype Ogawa(98.1%),2株V. cholerae O139,6株non-O1 non-O139,提示El Tor生物型Ogawa血清型在德里地区占绝对优势。90.25%的菌株对至少一种抗生素耐药,萘啶酸耐药率最高(71.38%),环丙沙星耐药率最低(6.92%),提示季节性流行期间抗生素选择压力促进耐药菌株富集和传播。","Cholera is endemic in Delhi and is a highly seasonal disease. Our study agreed with the studies done by Singh et al., in that cases usually start appearing in the month of April, attain a peak during summer and the monsoon seasons (May to September) and decline by the month of November. The dry winter months (January to March) in Delhi are usually free from disease, although unusual occurrence of cholera was reported in January in 1994. In the present study, three cases of cholera occurred in the initial part of March 2002, a month before the beginning of the usual cholera season. (Discussion-p.250); ""The highest number of cholera cases occurred during May-June followed by July-August (Figure 1). In 1998-2001, cases started appearing in April. However, in 2002, three cases occurred in the month of March, all in the first week of the month. The peak incidence of the disease was observed in May and June of each year, except in the year 2002 when disease incidence peaked in March-April (see Figure 1). The months of January and February were completely free from the disease in all the years."" (Results-p.250); ""Of 3213 diarrhoeal stool specimens processed from 3213 suspected cases of cholera, 431 (13.4%) were found positive for V. cholerae; 423 due to V. cholerae O1 biotype El Tor, two due to V. cholerae O139 and six due to V. cholerae non-O1 non-O139. All the V. cholerae O1 isolates were serotype Ogawa."" (Results-p.249-250); ""Only 42 strains (9.73%) were sensitive to all the antibiotics tested and the other 389 (90.25%) strains were resistant to one or more antibiotics."" (Results-p.250)",2-观察性数据,Observational,1-直接数据支持,Direct empirical support,1-促进AMR (季节性流行促进耐药菌株传播),Promoting AMR,2-观察/累积 (1998-2002年5年监测),Observational cumulative/seasonal,3-临床环境 (印度德里AIIMS医院急性水样腹泻患者),Within host / clinical,2025-12-22
EVID_124-M2,124,2,Mohanty et al. (2004),Seasonality and antimicrobial resistance pattern of Vibrio cholerae in a tertiary care hospital of North India,Results-p.250; Discussion-p.250-251,2-Results+Discussion整合,Results and discussion integration,3-生态社会介导,Socio-ecological mediation,3b-抗生素使用,3b-人用抗生素,温度-变化 (季节性),"印度德里地区霍乱弧菌(Vibrio cholerae O1, O139, non-O1 non-O139)","90.25%的菌株对至少一种抗生素耐药; 萘啶酸耐药率最高(71.38%平均耐药率,95% CI 53.34-89.42%),其次是呋喃唑酮(57.04%,95% CI 36.22-77.86%)、复方新诺明(55.56%,95% CI 22.06-89.06%)、氨苄西林(47.48%,95% CI 9.78-85.18%)、四环素(24.52%,95% CI 11.04-38.00%)、庆大霉素(18.16%,95% CI 4.60-31.72%)、氯霉素(17.24%,95% CI 9.34-25.14%)、诺氟沙星(14.10%,95% CI 3.18-25.02%); 环丙沙星耐药率最低(6.92%,95% CI 3.28-10.56%); 2株V. cholerae O139对氨苄西林和萘啶酸耐药,但对四环素、诺氟沙星和环丙沙星敏感; 多重耐药菌株(对氨苄西林、复方新诺明、呋喃唑酮、萘啶酸ACoFzNa耐药)在印度多个地区(Bhillai、Ahmedabad、Allephey、Chennai、Vellore、Dibrugarh)广泛传播","霍乱治疗中广泛使用抗生素(如四环素为首选药物,氯霉素、呋喃唑酮、复方新诺明为替代药物) → 对霍乱弧菌产生选择压力 → 促进耐药菌株在患者肠道中富集 → 耐药菌株通过粪便排泄进入环境(如水源) → 通过受污染水源传播给新的宿主 → 季节性流行期间(夏季和季风季节)抗生素使用增加 → 耐药菌株富集和传播加剧 → 导致90.25%的菌株对至少一种抗生素耐药(Table 1)。高耐药率药物(萘啶酸71.38%、呋喃唑酮57.04%、复方新诺明55.56%、氨苄西林47.48%)反映这些药物在霍乱治疗中广泛使用和选择压力累积。四环素耐药率达到24.52%,提示作为首选药物的四环素需要密切监测(Discussion-p.250)。呋喃唑酮和萘啶酸是儿童霍乱治疗的首选药物(四环素不推荐用于儿童),其高耐药率(57.04%和71.38%)是一个重大关切(Discussion-p.250)。环丙沙星和诺氟沙星的低耐药率(6.92%和14.10%)提示氟喹诺酮类药物可作为多重耐药霍乱的替代治疗药物,但需要保留使用以避免耐药性快速发展(Discussion-p.250-251)。多重耐药菌株(对ACoFzNa耐药)在印度多个地区广泛传播(Discussion-p.250),提示耐药菌株通过人群流动、受污染水源等途径在地理上扩散。V. cholerae O139出现后,V. cholerae O1分离株的耐药谱扩大,对多种药物产生耐药(Discussion-p.251),提示不同血清型间可能存在耐药基因的水平转移。","Although the use of antibiotics in the treatment of diarrhoeal disease is controversial, they do seem to play an important role in the management of critically ill patients. While tetracycline is the drug of choice for cholera, chloramphenicol, furazolidone and co-trimoxazole are the other reported alternatives. In the present study, a high rate of resistance to ampicillin, co-trimoxazole, furazolidone and nalidixic acid (ACoFzNa) was observed. Gastroenteritis due to V. cholerae O1 strains with a similar profile of resistance i.e. ACoFzNa have previously been reported in strains isolated from Bhillai, Ahmedabad, Allephey, Chennai (Madras), Vellore and Dibrugarh. The appearance of resistant strains of V. cholerae to furazolidone and nalidixic acid is a matter of great concern, as these are the drugs of choice for children where tetracycline is not recommended. In the current study, resistance of almost a quarter of V. cholerae isolates to tetracycline necessitates its close monitoring as a drug of choice. (Discussion-p.250); ""An interesting finding of note in the present study is the low level of resistance of V. cholerae to the fluoroquinolones, i.e., ciprofloxacin and norfloxacin (6.92% and 14.10%, respectively) including the two O139 strains which were sensitive to both the antibiotics. This is in agreement with recent studies which report no resistance of V. cholerae O1 and O139 strains to ciprofloxacin and intermediate resistance of V. cholerae O1 to norfloxacin. However, ciprofloxacin is an important substitute drug for treatment of multidrug-resistant enteric and other pathogens and needs to be kept in reserve."" (Discussion-p.250-251); ""Only 42 strains (9.73%) were sensitive to all the antibiotics tested and the other 389 (90.25%) strains were resistant to one or more antibiotics."" (Results-p.250); ""It was shown that V. cholerae isolated after the epidemic of V. cholerae O139 had an expanding R type with resistance to a variety of drugs as compared to the O1 strains isolated before the advent of V. cholerae O139."" (Discussion-p.251)",2-观察性数据,Observational,1-直接数据支持,Direct empirical support,1-促进AMR,Promoting AMR,2-观察/累积 (1998-2002年5年监测),Observational cumulative/seasonal,3-临床环境 (印度德里AIIMS医院急性水样腹泻患者),Within host / clinical,2025-12-22
EVID_124-M3,124,3,Mohanty et al. (2004),Seasonality and antimicrobial resistance pattern of Vibrio cholerae in a tertiary care hospital of North India,Results-p.249-250; Discussion-p.250,2-Results+Discussion整合,Results and discussion integration,2-环境介导,Environment-mediated pathways,2a-微生物群落,2a-微生物群落,温度-变化 (季节性),"印度德里地区霍乱弧菌(Vibrio cholerae O1 biotype El Tor serotype Ogawa, V. cholerae O139, non-O1 non-O139)","1998-2002年共分离431株霍乱弧菌:423株V. cholerae O1 biotype El Tor serotype Ogawa(98.1%),2株V. cholerae O139(0.5%),6株non-O1 non-O139(1.4%); 所有V. cholerae O1分离株均为Ogawa血清型,未检出Inaba血清型; 2株V. cholerae O139分别于2001年4月和8月分离; V. cholerae O1 biotype El Tor serotype Ogawa在德里地区占绝对优势(98.1%); non-O1 non-O139血清群参与引起类霍乱腹泻疾病(6株,1.4%); V. cholerae O139出现后,V. cholerae O1分离株的耐药谱扩大","环境因素(温度、降水、水源污染) → 影响不同血清型霍乱弧菌在环境(如水源)中的生存、竞争和传播 → 导致V. cholerae O1 biotype El Tor serotype Ogawa在德里地区占绝对优势(423株,98.1%),所有V. cholerae O1分离株均为Ogawa血清型,未检出Inaba血清型(Results-p.249-250)。V. cholerae O1 Ogawa和Inaba血清型均可引起霍乱,但在特定地理区域和时间段,某一血清型可能占优势,这与血清型间的竞争优势、环境适应性、人群免疫状态等因素有关(Discussion-p.250)。V. cholerae O139于1992年在印度出现,作为新的致病性血清型引起霍乱流行,但在本研究中仅检出2株(0.5%,分别于2001年4月和8月分离),提示V. cholerae O139在德里地区未成为优势流行株。non-O1 non-O139血清群传统上被认为很少参与引起霍乱样疾病,但本研究检出6株(1.4%),提示这些血清群参与引起类霍乱腹泻疾病不应被低估,特别是在V. cholerae O139出现后(Discussion-p.250)。V. cholerae O139出现后,V. cholerae O1分离株的耐药谱扩大,对多种药物产生耐药(Discussion-p.251),提示不同血清型间可能存在耐药基因的水平转移,或V. cholerae O139的出现改变了霍乱弧菌群落的选择压力环境,促进耐药菌株富集。","Of 3213 diarrhoeal stool specimens processed from 3213 suspected cases of cholera, 431 (13.4%) were found positive for V. cholerae; 423 due to V. cholerae O1 biotype El Tor, two due to V. cholerae O139 and six due to V. cholerae non-O1 non-O139. All the V. cholerae O1 isolates were serotype Ogawa. (Results-p.249-250); ""Currently, cholera may be caused by both the Ogawa and Inaba serotypes of the El Tor biotype of the V. cholerae O1. However, the majority of isolates belong to serotype Ogawa. In the present study, all the V. cholerae O1 belonged to serotype Ogawa and no serotype Inaba were encountered."" (Discussion-p.250); ""Vibrio cholerae O1 and O139 serogroups are the well known aetiological agents of epidemic cholera and focus on non-O1 non-O139 serogroups has always been low. Considering that six isolates of V. cholerae in the current study were non-O1 non-O139, the participation of these serogroups in causing cholera-like diarrhoeal illness should not be underestimated particularly after the emergence of O139 Bengal."" (Discussion-p.250); ""The two isolates of V. cholerae O139 were obtained in April and August 2001."" (Results-p.250); ""It was shown that V. cholerae isolated after the epidemic of V. cholerae O139 had an expanding R type with resistance to a variety of drugs as compared to the O1 strains isolated before the advent of V. cholerae O139."" (Discussion-p.251)",2-观察性数据,Observational,1-直接数据支持,Direct empirical support,1-促进AMR (血清型间耐药基因转移),Promoting AMR,2-观察/累积 (1998-2002年5年监测),Observational cumulative/seasonal,3-临床环境 (印度德里AIIMS医院急性水样腹泻患者),Within host / clinical,2025-12-22
EVID_124-M4,124,4,Mohanty et al. (2004),Seasonality and antimicrobial resistance pattern of Vibrio cholerae in a tertiary care hospital of North India,Discussion-p.251,3-Discussion,Discussion interpretation,3-生态-社会介导,Socio-ecological mediation,3f-监测系统,可删除,温度-变化 (季节性),印度德里地区霍乱弧菌(Vibrio cholerae),"长期监测项目(1998-2002年5年监测)对识别霍乱弧菌流行病学变化和抗生素耐药模式趋势至关重要; 特定地理区域的季节性分布和抗生素耐药模式知识有助于制定流行期间的适当措施; non-O1血清群的药物敏感性模式应特别关注,因其对V. cholerae O1分离株有影响; V. cholerae O139流行后,V. cholerae O1分离株的耐药谱扩大","长期监测项目(如本研究1998-2002年5年监测) → 系统收集和分析霍乱弧菌分离株的流行病学数据(季节性分布、血清型分布)和抗生素耐药模式 → 识别流行病学变化趋势(如血清型转变、季节性模式变化、异常提前流行如2002年3月病例) → 识别抗生素耐药模式趋势(如多重耐药菌株出现和传播、高耐药率药物如萘啶酸71.38%、呋喃唑酮57.04%、四环素24.52%) → 为制定流行期间的适当措施(如抗生素使用指南、预防控制策略)提供科学依据 → 指导临床治疗决策(如选择低耐药率药物如环丙沙星6.92%、诺氟沙星14.10%作为替代治疗药物) → 促进合理使用抗生素(如保留氟喹诺酮类药物使用以避免耐药性快速发展) → 减缓耐药性发展和传播。作者强调:""It is amply clear that long-term surveillance programmes are essential in the identification of changes in the epidemiology of V. cholerae and the monitoring of trends in antimicrobial resistance patterns of V. cholerae strains isolated in endemic localities. The drug susceptibility patterns of non-O1 strains should be particularly watched, as this has bearing on V. cholerae O1 isolates. It was shown that V. cholerae isolated after the epidemic of V. cholerae O139 had an expanding R type with resistance to a variety of drugs as compared to the O1 strains isolated before the advent of V. cholerae O139. Thus, a knowledge of seasonal distribution and antibiotic resistance pattern of V. cholerae isolates in particular geographical region would help in the delineation of appropriate measures required during epidemics."" (Discussion-p.251)。本研究通过5年监测识别出德里地区霍乱的季节性分布模式(4月开始出现,5-6月高峰,7-8月第二高峰,11月减少,1-3月无病例)、血清型分布(V. cholerae O1 Ogawa占98.1%)、高耐药率药物(萘啶酸71.38%、呋喃唑酮57.04%、复方新诺明55.56%、氨苄西林47.48%、四环素24.52%)和低耐药率药物(环丙沙星6.92%、诺氟沙星14.10%),为指导临床治疗和公共卫生决策提供了关键证据。","It is amply clear that long-term surveillance programmes are essential in the identification of changes in the epidemiology of V. cholerae and the monitoring of trends in antimicrobial resistance patterns of V. cholerae strains isolated in endemic localities. The drug susceptibility patterns of non-O1 strains should be particularly watched, as this has bearing on V. cholerae O1 isolates. It was shown that V. cholerae isolated after the epidemic of V. cholerae O139 had an expanding R type with resistance to a variety of drugs as compared to the O1 strains isolated before the advent of V. cholerae O139. Thus, a knowledge of seasonal distribution and antibiotic resistance pattern of V. cholerae isolates in particular geographical region would help in the delineation of appropriate measures required during epidemics. (Discussion-p.251)",2-观察性数据,Observational,1-直接数据支持,Direct empirical support,2-抑制AMR (通过监测指导合理用药),Suppressing AMR,2-观察/累积 (1998-2002年5年监测),Observational cumulative/seasonal,3-临床环境 (印度德里AIIMS医院急性水样腹泻患者),Within host / clinical,2025-12-22
EVID_124-M5,124,5,Mohanty et al. (2004),Seasonality and antimicrobial resistance pattern of Vibrio cholerae in a tertiary care hospital of North India,Introduction-p.249; Discussion-p.250-251,1-Introduction+Discussion整合,Results and discussion integration,3-生态社会介导,Socio-ecological mediation,3b-抗生素使用; 3c-废水排放,3b-人用抗生素,温度-变化 (季节性),印度德里地区霍乱弧菌(Vibrio cholerae),"霍乱治疗中抗生素的使用:虽然补液和电解质平衡恢复是霍乱治疗的本质,但抗生素作为支持性治疗常用于减少腹泻的量和持续时间(一旦呕吐停止); 10%-12%的霍乱病例密切家庭接触者可能细菌学阳性,建议进行化学预防,因他们可能发展为临床疾病; 在霍乱流行地区,识别霍乱弧菌耐药的抗生素非常重要,因耐药霍乱弧菌导致疾病持续时间更长,构成额外威胁; 多重耐药菌株通过患者粪便排泄进入环境(如水源),通过受污染水源传播给新的宿主,在季节性流行期间(夏季和季风季节)传播加剧","霍乱患者感染霍乱弧菌 → 接受抗生素治疗(如四环素、氯霉素、呋喃唑酮、复方新诺明) → 抗生素对肠道霍乱弧菌产生选择压力 → 促进耐药菌株在患者肠道中富集 → 耐药菌株通过患者粪便排泄进入环境(如水源、污水系统) → 受污染水源(特别是在卫生条件较差的地区)成为霍乱弧菌传播的主要途径 → 季节性因素(夏季气温升高、季风季节降水增加)促进霍乱弧菌在受污染水源中生存、繁殖和传播 → 易感人群(如免疫力低下者、儿童)接触受污染水源感染耐药霍乱弧菌 → 耐药菌株在人群中传播和富集 → 10%-12%的霍乱病例密切家庭接触者可能细菌学阳性,建议进行化学预防(Introduction-p.249) → 化学预防进一步增加抗生素选择压力 → 促进耐药菌株传播 → 导致耐药霍乱弧菌构成额外威胁,疾病持续时间更长(Introduction-p.249)。本研究90.25%的菌株对至少一种抗生素耐药(Table 1),多重耐药菌株(对ACoFzNa耐药)在印度多个地区广泛传播(Discussion-p.250),提示耐药菌株通过人群流动、受污染水源等途径在地理上扩散。作者强调:""Though rehydration and restoration of electrolyte balance is the essence of cholera therapy, it does not diminish the degree of purging. Accordingly antibiotics have been commonly employed as supportive therapy to reduce the volume and duration of diarrhoea once vomiting has stopped. Additionally, 10%-12% of close household contacts of a cholera case may be bacteriologically positive - they are advised to undertake chemoprophylaxis as they may well develop clinical illness. Thus, in regions where cholera is endemic, it is important to identify those antibiotics to which V. cholerae is resistant since resistant V. cholerae poses an additional threat by leading to illness of a longer duration."" (Introduction-p.249)。","Though rehydration and restoration of electrolyte balance is the essence of cholera therapy, it does not diminish the degree of purging. Accordingly antibiotics have been commonly employed as supportive therapy to reduce the volume and duration of diarrhoea once vomiting has stopped. Additionally, 10%-12% of close household contacts of a cholera case may be bacteriologically positive - they are advised to undertake chemoprophylaxis as they may well develop clinical illness. Thus, in regions where cholera is endemic, it is important to identify those antibiotics to which V. cholerae is resistant since resistant V. cholerae poses an additional threat by leading to illness of a longer duration. (Introduction-p.249); ""Cholera is endemic in Delhi with a seasonal distribution. Hundreds of laboratory-confirmed cases occur every year, peaking during the summer and monsoon seasons."" (Introduction-p.249); ""In the present study, a high rate of resistance to ampicillin, co-trimoxazole, furazolidone and nalidixic acid (ACoFzNa) was observed. Gastroenteritis due to V. cholerae O1 strains with a similar profile of resistance i.e. ACoFzNa have previously been reported in strains isolated from Bhillai, Ahmedabad, Allephey, Chennai (Madras), Vellore and Dibrugarh."" (Discussion-p.250)",2-观察性数据,Observational,1-直接数据支持,Direct empirical support,1-促进AMR,Promoting AMR,2-观察/累积 (1998-2002年5年监测),Observational cumulative/seasonal,3-临床环境 (印度德里AIIMS医院急性水样腹泻患者),Within host / clinical,2025-12-22
EVID_125-M1,125,1,Mohanta (2014),Prevalence of antibiotic-resistant bacteria in three different aquatic environments over three seasons,Results and discussion-p.6-para.1,1-Results实验数据,Results,2-环境介导,Environment-mediated pathways,2f-其他环境介导,可删除,其他-季节性,E.coli; P.aeruginosa; K.pneumoniae; S.flexneri; A.caviae; A.hydrophila; C.sakazakii; E.amnigenus; P.oryzihabitans; S.entomophila; P.fontium,耐药率上升,其他-季节性（post-monsoon/winter/summer）→水体细菌总量季节性波动（post-monsoon>winter>summer）→耐药菌暴露与传播风险随高菌量季节升高,"“In the three-season study for the River Hooghly, bacterial counts were in the order: post-monsoon>winter>summer.” (p.6, para.1)",2-观察性数据,Observational,2-间接数据支持,Indirect empirical support,1-促进AMR,Promoting AMR,2-观察累积,Observational cumulative/seasonal,2-自然环境,Natural environment,2026-01-04
EVID_125-M2,125,2,Mohanta (2014),Prevalence of antibiotic-resistant bacteria in three different aquatic environments over three seasons,Results and discussion-p.9-para.2,1-Results实验数据,Results,2-环境介导,Environment-mediated pathways,2f-其他环境介导,可删除,降水-季节模式改变,E.coli; P.aeruginosa; K.pneumoniae; S.flexneri; A.caviae; A.hydrophila; C.sakazakii; E.amnigenus; P.oryzihabitans; S.entomophila; P.fontium,MDR比例增加,"降水-季节模式改变（雨季后/冬季/夏季）→多重耐药菌（MAR, ≥3抗生素）占比出现季节差异→post-monsoon阶段MDR比例最高","“Prevalence of MAR bacteria with respect to seasonal variation was found to be 73.58 % in post-monsoon, 59.26 % in winter and 53.57 % in summer. Therefore, it can be said that MAR bacteria also follow the same pattern as all bacteria: post-monsoon> winter>summer.” (p.9, para.2)",2-观察性数据,Observational,2-间接数据支持,Indirect empirical support,1-促进AMR,Promoting AMR,2-观察累积,Observational cumulative/seasonal,2-自然环境,Natural environment,2026-01-04
EVID_125-M3,125,3,Mohanta (2014),Prevalence of antibiotic-resistant bacteria in three different aquatic environments over three seasons,Results and discussion-p.9-para.3,1-Results实验数据,Results,2-环境介导,Environment-mediated pathways,2f-其他环境介导,可删除,降水-季节模式改变,E.coli; P.aeruginosa; K.pneumoniae; S.flexneri; A.caviae; A.hydrophila; C.sakazakii; E.amnigenus; P.oryzihabitans; S.entomophila; P.fontium,MDR比例增加,降水-季节模式改变（post-monsoon）→三类水体来源细菌“level of resistance”在post-monsoon更高→多重耐药/耐药水平整体上升,"“Examining the percentages of multiple drug-resistant bacteria in the total population from all three sources (Table 6), it appeared that in post-monsoon (September 2012), the level of resistance was higher among bacteria isolated from all three sources compared to the other two seasons.” (p.9, para.3)",2-观察性数据,Observational,2-间接数据支持,Indirect empirical support,1-促进AMR,Promoting AMR,2-观察累积,Observational cumulative/seasonal,2-自然环境,Natural environment,2026-01-04
EVID_125-M4,125,4,Mohanta (2014),Prevalence of antibiotic-resistant bacteria in three different aquatic environments over three seasons,Results and discussion-p.7-para.2,1-Results实验数据,Results,2-环境介导,Environment-mediated pathways,2f-其他环境介导,可删除,降水-季节模式改变,（Hooghly来源）E.coli; P.aeruginosa; S.flexneri; A.caviae; C.sakazakii; E.amnigenus; P.oryzihabitans; K.pneumoniae,耐药率上升,降水-季节模式改变（post-monsoon）→水体分离菌对特定抗生素（FR-50）耐药比例显著偏高→耐药率上升,"“For example, 95.45 % of the total isolates (42 out of 44) from Hooghly in the post-monsoon sampling were resistant to FR-50, while none of the isolates from the River Kangsabati or GW were resistant to FR-50 in the same season.” (p.7, para.2)",2-观察性数据,Observational,2-间接数据支持,Indirect empirical support,1-促进AMR,Promoting AMR,2-观察累积,Observational cumulative/seasonal,2-自然环境,Natural environment,2026-01-04
EVID_125-M5,125,5,Mohanta (2014),Prevalence of antibiotic-resistant bacteria in three different aquatic environments over three seasons,Results and discussion-p.10-para.1,1-Results实验数据,Results,2-环境介导,Environment-mediated pathways,2f-其他环境介导,可删除,其他-季节性,（Hooghly来源）E.coli; P.aeruginosa; S.flexneri; A.caviae; C.sakazakii; E.amnigenus; P.oryzihabitans; K.pneumoniae,MDR比例增加,其他-季节性→不同季节ARI（抗生素耐药指数）在Hooghly采样点普遍高于阈值并随季节变化→提示更高耐药暴露与多重耐药风险,"“Similarly, in summer, the highest ARI value was exhibited by H2C followed by H1B. Two sampling locations H2B and H3A exhibited values lower than the threshold 0.2 value.” (p.10, para.1)",2-观察性数据,Observational,2-间接数据支持,Indirect empirical support,1-促进AMR,Promoting AMR,2-观察累积,Observational cumulative/seasonal,2-自然环境,Natural environment,2026-01-04
EVID_126-M1,126,1,Michel (2006),"Regional, Seasonal, and Antimicrobial Resistance Distributions of Salmonella Typhimurium in Canada A Multi-Provincial Study",Results-p.471-para.1,1-Results实验数据,Results,2-环境介导,Environment-mediated pathways,2f-其他环境介导,可删除,温度-季节性变化,S.Typhimurium (DT104),耐药率上升,温度/季节性变化→不同季节暴露机会/传播强度变化不明显→DT104病例在各季节相对频率接近→提示其耐药相关感染负担不呈典型季节峰值,"“We observed DT104 cases with similar relative frequencies during each season,” (Results-p.472-para.1)",2-观察性数据,Observational,2-间接数据支持,Indirect empirical support,4-不确定,Uncertain,2-观察累积,Observational cumulative/seasonal,2-自然环境,Natural environment,2026-01-04
EVID_126-M2,126,2,Michel (2006),"Regional, Seasonal, and Antimicrobial Resistance Distributions of Salmonella Typhimurium in Canada A Multi-Provincial Study",Results-p.472-para.1,1-Results实验数据,Results,2-环境介导,Environment-mediated pathways,2f-其他环境介导,可删除,温度-季节性变化,S.Typhimurium (non-DT104; DT208; DT124),耐药率上升,温度/季节性变化→环境相关暴露/传播在夏季增强、冬季减弱→non-DT104病例夏季显著更高、冬季更低→提示季节相关环境因子可驱动不同耐药相关类型的流行差异,"“However, the distribution of non-DT104 cases, including DT208 and DT124 (data not shown), showed a marked seasonal cycle with lower relative frequency of cases being reported in winter (11.6%; CI: 8.3-15.9) and higher during the summer (40.5%; CI: 35.0-46.3).” (Results-p.472-para.1)",2-观察性数据,Observational,2-间接数据支持,Indirect empirical support,1-促进AMR,Promoting AMR,2-观察累积,Observational cumulative/seasonal,2-自然环境,Natural environment,2026-01-04
EVID_126-M3,126,3,Michel (2006),"Regional, Seasonal, and Antimicrobial Resistance Distributions of Salmonella Typhimurium in Canada A Multi-Provincial Study",Results-p.472-para.1,1-Results实验数据,Results,2-环境介导,Environment-mediated pathways,2f-其他环境介导,可删除,温度-季节性变化,S.Typhimurium (DT104 vs non-DT104),耐药率上升,温度/季节性变化→冬季non-DT104显著降低而DT104不降低→导致冬季两类群体相对构成发生差异→体现“季节变化影响AMR相关分型负担”,“The proportion of non-DT104 cases reported in the winter were significantly lower than for DT104 cases.” (Results-p.472-para.1),2-观察性数据,Observational,2-间接数据支持,Indirect empirical support,1-促进AMR,Promoting AMR,2-观察累积,Observational cumulative/seasonal,2-自然环境,Natural environment,2026-01-04
EVID_126-M4,126,4,Michel (2006),"Regional, Seasonal, and Antimicrobial Resistance Distributions of Salmonella Typhimurium in Canada A Multi-Provincial Study",Discussion-p.473-para.2,4-Discussion理论推测,Discussion theoretical interpretation,4-宿主易感性,Host susceptibility pathways,4d-行为改变,4d-行为改变,温度-季节性变化,未明确,耐药率上升,温度/季节性变化→夏季人群涉水娱乐↑、户外烹饪活动↑→暴露机会↑→夏季相关肠道病原传播↑→耐药相关感染负担可能随之上升,"“Researchers have proposed various reasons for this predictable cycle, including higher recreational water exposure, increased activity relating to cooking outside, and greater microbial contamination of the environment from livestock manure due to fertilization of agricultural land and animals on pasture.” (p.473, para.2)",5-理论推测,Theoretical/projection,3-理论推测,Theoretical support,1-促进AMR,Promoting AMR,4-未明确,Conceptual or unclear,5-未明确,Mixed or unspecified,2026-01-04
EVID_126-M5,126,5,Michel (2006),"Regional, Seasonal, and Antimicrobial Resistance Distributions of Salmonella Typhimurium in Canada A Multi-Provincial Study",Discussion-p.473-para.2,4-Discussion理论推测,Discussion theoretical interpretation,3-生态-社会介导,Socio-ecological mediation,3f-农业实践,3f-农业实践,温度-季节性变化,未明确,耐药率上升,温度/季节性变化→农业施肥/放牧季节性活动→livestock manure导致环境微生物污染↑→经水环境/接触等途径传播↑→AMR相关病原传播风险在特定季节升高,"“Researchers have proposed various reasons for this predictable cycle, including higher recreational water exposure, increased activity relating to cooking outside, and greater microbial contamination of the environment from livestock manure due to fertilization of agricultural land and animals on pasture.” (p.473, para.2)",5-理论推测,Theoretical/projection,3-理论推测,Theoretical support,1-促进AMR,Promoting AMR,4-未明确,Conceptual or unclear,2-自然环境,Natural environment,2026-01-04
EVID_126-M6,126,6,Michel (2006),"Regional, Seasonal, and Antimicrobial Resistance Distributions of Salmonella Typhimurium in Canada A Multi-Provincial Study",Discussion-p.473-para.2,4-Discussion理论推测,Discussion theoretical interpretation,2-环境介导,Environment-mediated pathways,2f-其他环境介导,可删除,温度-季节性变化,S.Typhimurium (DT104),耐药率上升,温度/季节性变化→若农业环境传播链（farm–manure–water/接触）影响更强则应出现季节性→但DT104缺乏季节性→提示agro-environmental route影响更弱、agro-food route相对更重要→影响耐药分型传播格局,"“Alternatively, we hypothesize that the lack of seasonality in the incidence of human DT104 cases may indicate a lesser influence of the agro-environmental route (i.e., farm – manure – water and direct contact) compared to the agro-food route (i.e., farm – animals – food) for these infections.” (p.473, para.2)",5-理论推测,Theoretical/projection,3-理论推测,Theoretical support,4-不确定,Uncertain,4-未明确,Conceptual or unclear,5-未明确,Mixed or unspecified,2026-01-04
EVID_127-M1,127,1,McDonnell (2004),A Survey of Antibiotic Resistance Among Coliform Bacteria Isolated from the Missouri River,Discussion-p.4-para.1,3-Discussion数据解释,Discussion interpretation,2-环境介导,Environment-mediated pathways,2f-其他环境介导,2c-水文条件,降水-极端降雨,E.coli,细菌丰度增加,降水-极端降雪/融雪事件→融雪径流将流域微生物冲刷入河→河流coliform density骤增→细菌污染负荷上升,"“Second, there was a dramatic increase in coliform density on 3 April. This sampling date followed a heavy spring snowfall in the region. Subsequent melting may have flushed microbes from the watershed into the river water.” (p.4, para.1)",2-观察性数据,Observational,3-理论推测,Theoretical support,1-促进AMR,Promoting AMR,2-观察累积,Observational cumulative/seasonal,2-自然环境,Natural environment,2026-01-05
EVID_127-M2,127,2,McDonnell (2004),A Survey of Antibiotic Resistance Among Coliform Bacteria Isolated from the Missouri River,Discussion-p.4-para.1,3-Discussion数据解释,Discussion interpretation,1-直接生物学效应,Direct biological mechanisms,1a-生长代谢,1g-生物膜,温度-季节性变化,E.coli,细菌丰度增加,温度-季节性升温（春季升温）→诱导微生物“bloom”→coliform density增加→细菌污染风险升高,"“Furthermore, increased spring temperatures may have induced a microbial “bloom”.” (p.4, para.1)",5-理论推测,Theoretical/projection,3-理论推测,Theoretical support,1-促进AMR,Promoting AMR,2-观察累积,Observational cumulative/seasonal,2-自然环境,Natural environment,2026-01-05
EVID_127-M3,127,3,McDonnell (2004),A Survey of Antibiotic Resistance Among Coliform Bacteria Isolated from the Missouri River,Discussion-p.4-para.1,3-Discussion数据解释,Discussion interpretation,2-环境介导,Environment-mediated pathways,2d-水土理化性质,2d-水土理化性质,综合-多因子,E.coli,细菌丰度降低,水文-河流流量增加（上游水库放水）→河流体积增加、稀释支流输入→coliform density显著下降→细菌污染负荷下降,"“First, there was a dramatic decrease in coliform density on 27 March. This followed the release of reservoir water by the Army Corps of Engineers around 20 March, which increased river volume substantially and possibly diluted coliform inputs from tributaries.” (p.4, para.1)",5-理论推测,Theoretical/projection,3-理论推测,Theoretical support,2-抑制AMR,Suppressing AMR,2-观察累积,Observational cumulative/seasonal,2-自然环境,Natural environment,2026-01-05
EVID_127-M4,127,4,McDonnell (2004),A Survey of Antibiotic Resistance Among Coliform Bacteria Isolated from the Missouri River,Results-p.3-para.2,1-Results实验数据,Results,2-环境介导,Environment-mediated pathways,2f-其他环境介导,2c-水文条件,温度-季节性变化,E.coli,细菌丰度改变,其他-季节性变化（冬-春采样期）→coliform density出现明显波动（0–405 cfu/100 mL）→提示水文/季节过程驱动细菌污染暴露变化,"“Coliform density fluctuated little between 13 February and 20 March (Fig. 3). On 27 March, almost no coliforms were detected in the river water (Fig. 3). This sampling was followed by a dramatic increase in coliforms on 3 April (Fig. 3). Counts ranged from 0-405 cfu 100 ml-1.” (p.3, para.2)",2-观察性数据,Observational,2-间接数据支持,Indirect empirical support,3-双向作用,Bidirectional or mixed,2-观察累积,Observational cumulative/seasonal,2-自然环境,Natural environment,2026-01-05
EVID_127-M5,127,5,McDonnell (2004),A Survey of Antibiotic Resistance Among Coliform Bacteria Isolated from the Missouri River,Results-p.3-para.3,1-Results实验数据,Results,2-环境介导,Environment-mediated pathways,2f-其他环境介导,2c-水文条件,温度-季节性变化,E.coli,耐药率上升,其他-季节性变化（冬-春河流水体暴露）→水体存在四环素耐药coliform→耐药菌环境暴露持续存在→耐药率上升,"“Five isolates were resistant to tetracycline (12.5%), while 35 were sensitive (Tables 1 and 2). Tetracycline resistant bacteria were isolated from samples collected on multiple dates (Table 2).” (p.3, para.3)",2-观察性数据,Observational,2-间接数据支持,Indirect empirical support,1-促进AMR,Promoting AMR,2-观察累积,Observational cumulative/seasonal,2-自然环境,Natural environment,2026-01-05
EVID_127-M6,127,6,McDonnell (2004),A Survey of Antibiotic Resistance Among Coliform Bacteria Isolated from the Missouri River,Results-p.3-para.4,1-Results实验数据,Results,2-环境介导,Environment-mediated pathways,2a-微生物群落,2c-水文条件,温度-季节性变化,E.coli,病原体检出/污染存在,季节性河流环境暴露→分离到的coliform全部鉴定为E.coli→表明河流存在粪源指示菌及潜在传播介质→与耐药传播风险相关,"“All tested isolates were identified as Escherichia coli.” (p.3, para.4)",2-观察性数据,Observational,2-间接数据支持,Indirect empirical support,4-不确定,Uncertain,2-观察累积,Observational cumulative/seasonal,2-自然环境,Natural environment,2026-01-05
EVID_128-M1,128,1,Martínez (2020),"Trends, seasonality and the association between outpatient antibiotic use and antimicrobial resistance among urinary bacteria in the Netherlands",Results-p.3-para.3,1-Results实验数据,Results,3-生态社会介导,Socio-ecological mediation,3b-人用抗生素,3b-人用抗生素,温度-季节性变化,E.coli; K.pneumoniae,耐药率上升,季节性变化→门诊抗生素使用在夏/秋出现季节性升高→形成选择压力（延迟效应）→推动随后尿路病原体耐药水平季节性升高,"“We identified weak seasonal variation in both antibiotic use, peaking in summer/autumn, and resistance levels, peaking in winter/spring (Figures 2 and 3).” (p.3, para.3)",2-观察性数据,Observational,2-间接数据支持,Indirect empirical support,3-双向作用,Bidirectional or mixed,2-观察累积,Observational cumulative/seasonal,3-人造环境,Built or engineered environment,2026-01-05
EVID_128-M2,128,2,Martínez (2020),"Trends, seasonality and the association between outpatient antibiotic use and antimicrobial resistance among urinary bacteria in the Netherlands",Results-p.3-para.4,1-Results实验数据,Results,3-生态社会介导,Socio-ecological mediation,3b-人用抗生素,3b-人用抗生素,温度-季节性变化,E.coli,耐药率上升,季节性变化→抗生素使用变化→耐药变化存在3–6个月时间滞后→提示季节/行为驱动的用药波动可预测随后耐药水平变化,"“The highest cross-correlations were approximately 0.20 with a time delay (lag length) of 3–6 months.” (p.3, para.4)",3-模型模拟,Model-based,1-直接实验验证,Direct empirical support,1-促进AMR,Promoting AMR,3-模型演化,Model/evolutionary,3-人造环境,Built or engineered environment,2026-01-05
EVID_128-M3,128,3,Martínez (2020),"Trends, seasonality and the association between outpatient antibiotic use and antimicrobial resistance among urinary bacteria in the Netherlands",Results-p.4-para.1,1-Results实验数据,Results,3-生态社会介导,Socio-ecological mediation,3b-人用抗生素,3b-人用抗生素,温度-季节性变化,E.coli,耐药率上升,夏/秋用药增加→选择压力增强→约6个月后耐药水平上升→形成“季节-用药-耐药”时间链条,"“Peaks at negative lags were found for nitrofurantoin and trimethoprim, suggesting that an increase in nitrofurantoin use was followed by an increase in resistance with a time delay of 6 months (CXY= 0.22, P = 0.02).” (p.4, para.1)",3-模型模拟,Model-based,2-间接数据支持,Indirect empirical support,1-促进AMR,Promoting AMR,3-模型演化,Model/evolutionary,3-人造环境,Built or engineered environment,2026-01-05
EVID_128-M4,128,4,Martínez (2020),"Trends, seasonality and the association between outpatient antibiotic use and antimicrobial resistance among urinary bacteria in the Netherlands",Results-p.4-para.1,1-Results实验数据,Results,3-生态社会介导,Socio-ecological mediation,3b-人用抗生素,3b-人用抗生素,温度-季节性变化,K.pneumoniae,耐药率下降,用药增加→6个月后耐药下降（反向关联）→提示季节性用药变化对耐药的作用方向可能受其他因素影响（如替代用药、共耐药等）,"“An increase in ciprofloxacin use was followed by a decrease of resistance with a time delay of 6 months (CXY= 0.28, P = 0.004) (Figure 4 and Table4).” (p.4, para.1)",3-模型模拟,Model-based,2-间接数据支持,Indirect empirical support,3-双向作用,Bidirectional or mixed,3-模型演化,Model/evolutionary,3-人造环境,Built or engineered environment,2026-01-05
EVID_128-M5,128,5,Martínez (2020),"Trends, seasonality and the association between outpatient antibiotic use and antimicrobial resistance among urinary bacteria in the Netherlands",Discussion-p.5-para.1,2-Results+Discussion整合,Results and discussion integration,3-生态社会介导,Socio-ecological mediation,3b-人用抗生素,3b-人用抗生素,温度-季节性变化,E.coli; K.pneumoniae,耐药率上升,季节性变化→用药在夏/秋季节波动→随后耐药在冬/春上升→表明季节-用药-耐药链条在低用药国家也存在但较弱,"“Antibiotic use and resistance levels showed weak seasonal variations peaking in summer/autumn and winter/spring, respectively.” (p.5, para.1)",3-模型模拟,Model-based,4-文献综述总结,Review-based support,1-促进AMR,Promoting AMR,2-观察累积,Observational cumulative/seasonal,3-人造环境,Built or engineered environment,2026-01-05
EVID_128-M6,128,6,Martínez (2020),"Trends, seasonality and the association between outpatient antibiotic use and antimicrobial resistance among urinary bacteria in the Netherlands",Conclusion-p.8-para.1,2-Results+Discussion整合,Results and discussion integration,3-生态社会介导,Socio-ecological mediation,3b-人用抗生素,3b-人用抗生素,温度-季节性变化,E.coli; K.pneumoniae,耐药率上升,季节性变化→用药波动→耐药随后的波动（3–6个月滞后）→提示季节相关行为/用药变化与AMR时间序列关联,"“In conclusion, in a low-consuming country like the Netherlands there was a weak association between antibiotic use and resistance, and the strongest evidence for this association was observed with a time delay of 3–6 months between changes in antibiotic use and changes in resistance.” (p.8, para.1)",3-模型模拟,Model-based,4-文献综述总结,Review-based support,1-促进AMR,Promoting AMR,3-模型演化,Model/evolutionary,3-人造环境,Built or engineered environment,2026-01-05
EVID_129-M1,129,1,Maripandi (2010),Multiple-Antibiotic Resistance and Plasmid Profiles of Salmonella enteritidis Isolated from Retail Chicken Meats,Results-p.263-para.1,1-Results实验数据,Results,3-生态社会介导,Socio-ecological mediation,3a-疾病负担,3c-兽用抗生素,降水-季节模式改变,S.enteritidis,病原体检出率上升,降水-季节模式改变（monsoon）→零售鸡肉中 S.enteritidis 污染发生率季节性差异→季风期检出率最高→食物链暴露与耐药传播风险增加,"“The incidence of S. enteritidis contamination was found to highest during monsoon (19.68%) followed by post-monsoon (17.61%) and pre-monsoon seasons (10.10%).” (p.263, para.1)",2-观察性数据,Observational,2-间接数据支持,Indirect empirical support,1-促进AMR,Promoting AMR,2-观察累积,Observational cumulative/seasonal,3-人造环境,Built or engineered environment,2026-01-05
EVID_129-M2,129,2,Maripandi (2010),Multiple-Antibiotic Resistance and Plasmid Profiles of Salmonella enteritidis Isolated from Retail Chicken Meats,Results-p.263-para.1,1-Results实验数据,Results,3-生态社会介导,Socio-ecological mediation,4a-疾病负担,可删除,降水-季节模式改变,S.enteritidis,病原体检出率上升,降水-季节模式改变（monsoon/post-monsoon）→样本采集量固定→阳性样本数量在季风期最多→季风季节与食品链污染暴露增强相关,"“We isolated 92 strains of S. enteritidis from a total of 578 health chicken samples during the period two years.” (p.263, para.1)",2-观察性数据,Observational,2-间接数据支持,Indirect empirical support,1-促进AMR,Promoting AMR,2-观察累积,Observational cumulative/seasonal,3-人造环境,Built or engineered environment,2026-01-05
EVID_129-M3,129,3,Maripandi (2010),Multiple-Antibiotic Resistance and Plasmid Profiles of Salmonella enteritidis Isolated from Retail Chicken Meats,Results-p.263-para.2,1-Results实验数据,Results,3-生态社会介导,Socio-ecological mediation,5a-疾病负担,3c-兽用抗生素,降水-季节模式改变,S.enteritidis,耐药率上升,季风季节暴露背景下→零售肉源 S.enteritidis 表现对多种常用抗生素耐药→耐药菌经食品链传播风险升高,"“The highest percentage of antibiotic resistance was found against erythromycin, ampicillin, kanamycin, cephalothin and tetracycline with 91.30, 84.78 81.52, 71.17 and 70.65% resistance, respectively.” (p.263, para.2)",2-观察性数据,Observational,2-间接数据支持,Indirect empirical support,1-促进AMR,Promoting AMR,2-观察累积,Observational cumulative/seasonal,3-人造环境,Built or engineered environment,2026-01-05
EVID_129-M4,129,4,Maripandi (2010),Multiple-Antibiotic Resistance and Plasmid Profiles of Salmonella enteritidis Isolated from Retail Chicken Meats,Results-p.263-para.3,1-Results实验数据,Results,1-直接生物学效应,Direct biological mechanisms,6a-疾病负担,不确定,降水-季节模式改变,S.enteritidis,MDR比例增加,季节性暴露情境→分离株出现多重耐药（MAR patterns）与质粒携带→促进多重耐药传播与维持,"“Eleven MAR patterns among 92 S. enteritidis (Table 2). Ten isolates have the MAR frequency of 0.2-0.3 and were resistant against three antibiotics AEK. They exhibited a plasmid with molecular weight of 83 MDa.” (p.263, para.3)",2-观察性数据,Observational,2-间接数据支持,Indirect empirical support,1-促进AMR,Promoting AMR,2-观察累积,Observational cumulative/seasonal,3-人造环境,Built or engineered environment,2026-01-05
EVID_129-M5,129,5,Maripandi (2010),Multiple-Antibiotic Resistance and Plasmid Profiles of Salmonella enteritidis Isolated from Retail Chicken Meats,Discussion-p.265-para.2,3-Discussion数据解释,Discussion interpretation,3-生态社会介导,Socio-ecological mediation,7a-疾病负担,可删除,降水-季节模式改变,S.enteritidis,病原体检出率上升,季风季节（monsoon）→研究观察到感染/污染水平较高→提示季风环境可能促进 Salmonella 在食品链环节的传播与暴露,"“The prevalence level in the present investigation observed that Salmonella infection was high in the months of monsoon and post monsoon (Table 1).” (p.265, para.2)",5-理论推测,Theoretical/projection,2-间接数据支持,Indirect empirical support,1-促进AMR,Promoting AMR,4-未明确,Conceptual or unclear,3-人造环境,Built or engineered environment,2026-01-05
EVID_129-M6,129,6,Maripandi (2010),Multiple-Antibiotic Resistance and Plasmid Profiles of Salmonella enteritidis Isolated from Retail Chicken Meats,Discussion-p.266-para.1,3-Discussion数据解释,Discussion interpretation,1-直接生物学效应,Direct biological mechanisms,1f-基因表达,1a-生长代谢,降水-季节模式改变,S.enteritidis,耐药基因传播增加,温度-季节性升温（春/夏高温）→作者指出温度较高时期与更高Salmonella流行相关→增加耐药菌出现与传播机会,"“The temperatures rise as high as 38°C during late Spring and early Summer in India. This might be due to the fact prevalence of Salmonella is higher during hot dry and monsoon seasons (Mohanty et al., 2006).” (p.266, para.1)",4-文献综述,Review-based,4-文献综述总结,Review-based support,1-促进AMR,Promoting AMR,4-未明确,Conceptual or unclear,3-人造环境,Built or engineered environment,2026-01-05
EVID_130-M1,130,1,Marco (2000),"Streptococcus pneumoniae in community-acquired respiratory tract infections in Spain: the impact of serotype and geographical, seasonal and clinical factors on its susceptibility to the most commonly prescribed antibiotics",Results-p.561-para.3,1-Results实验数据,Results,2-环境介导,Environment-mediated pathways,2a-微生物群落,2a-微生物群落,其他-季节性,S.pneumoniae,耐药率上升,其他-季节性（夏季/冬季）→（季节相关的菌群/血清型构成变化等中间过程）→β-内酰胺类耐药比例出现季节波动并在夏季与冬季达到峰值→耐药率上升,"Resistance to all the _x0002_-lactams showed a statistically significant (P < 0.05) seasonal variation, peaking in summer and winter.(p.561, para.3)",2-观察性数据,Observational,2-间接数据支持,Indirect empirical support,1-促进AMR,Promoting AMR,2-观察累积,Observational cumulative/seasonal,2-自然环境,Natural environment,2026-01-06
EVID_130-M2,130,2,Marco (2000),"Streptococcus pneumoniae in community-acquired respiratory tract infections in Spain: the impact of serotype and geographical, seasonal and clinical factors on its susceptibility to the most commonly prescribed antibiotics",Results-p.561-para.3,1-Results实验数据,Results,2-环境介导,Environment-mediated pathways,3a-微生物群落,可删除,其他-季节性,S.pneumoniae,耐药率上升,其他-季节性→（对不同β-内酰胺药物的耐药水平不同，季节效应强度与耐药基线相关）→对cefuroxime（高耐药基线）季节效应更明显→耐药率上升,"""The magnitude of the seasonal effect was proportional to the rate of resistance to each -lactam drug, being much more evident for cefuroxime (to which there is a high rate of resistance) than for aminopenicillins or parenteral cephalosporins."" (p.561, para.3)",2-观察性数据,Observational,2-间接数据支持,Indirect empirical support,1-促进AMR,Promoting AMR,2-观察累积,Observational cumulative/seasonal,2-自然环境,Natural environment,2026-01-06
EVID_130-M3,130,3,Marco (2000),"Streptococcus pneumoniae in community-acquired respiratory tract infections in Spain: the impact of serotype and geographical, seasonal and clinical factors on its susceptibility to the most commonly prescribed antibiotics",Results-p.561-para.3,1-Results实验数据,Results,2-环境介导,Environment-mediated pathways,4a-微生物群落,可删除,其他-季节性,S.pneumoniae,耐药率上升,其他-季节性→（对不同抗生素类别的耐药季节性差异并不一致）→大环内酯类耐药率在各季节保持稳定→（相对而言）季节性对该结局不确定,"""For macrolides there was no seasonal effect, resistance rates remaining stable during the study period (30–35%)."" (p.561, para.3)",2-观察性数据,Observational,2-间接数据支持,Indirect empirical support,4-不确定,Uncertain,2-观察累积,Observational cumulative/seasonal,2-自然环境,Natural environment,2026-01-06
EVID_130-M4,130,4,Marco (2000),"Streptococcus pneumoniae in community-acquired respiratory tract infections in Spain: the impact of serotype and geographical, seasonal and clinical factors on its susceptibility to the most commonly prescribed antibiotics",Discussion-p.562-para.6,3-Discussion数据解释,Discussion interpretation,2-环境介导,Environment-mediated pathways,5a-微生物群落,可删除,其他-季节性,S.pneumoniae,耐药率上升,其他-季节性→（季节相关的病原体群体结构差异/血清型更替）→口服β-内酰胺耐药呈现季节模式，且对第三代头孢（注射用）影响较弱→耐药率上升,"""One of the most interesting findings in this study is the existence of a sea_xFFFE_sonal pattern of resistance to oral -lactams, and, to a much lesser extent, parenteral third generation cephalosporins."" (p.562, para.6)",2-观察性数据,Observational,2-间接数据支持,Indirect empirical support,1-促进AMR,Promoting AMR,2-观察累积,Observational cumulative/seasonal,2-自然环境,Natural environment,2026-01-06
EVID_130-M5,130,5,Marco (2000),"Streptococcus pneumoniae in community-acquired respiratory tract infections in Spain: the impact of serotype and geographical, seasonal and clinical factors on its susceptibility to the most commonly prescribed antibiotics",Discussion-p.562-para.6,4-Discussion理论推测,Discussion theoretical interpretation,2-环境介导,Environment-mediated pathways,6a-微生物群落,可删除,其他-季节性,S.pneumoniae,耐药率上升,其他-季节性→季节间不同血清型（serotypes）分离比例发生波动→不同血清型本身耐药谱差异→总体观察到β-内酰胺耐药的季节模式→耐药率上升,"""This phenomenon may be a result of the seasonal variabil_xFFFE_ity of isolation of serotypes over the 12 months of study."" (p.562, para.6)",5-理论推测,Theoretical/projection,3-理论推测,Theoretical support,1-促进AMR,Promoting AMR,4-未明确,Conceptual or unclear,2-自然环境,Natural environment,2026-01-06
EVID_131-M1,131,1,Luiken et al. (2022),Determinants for antimicrobial resistance genes in farm dust on 333 poultry and pig farms in nine European countries,Results-p.5-6; Discussion-p.6-8,2-Results+Discussion整合,Results and discussion integration,3-生态社会介导,Socio-ecological mediation,3a-农业实践; 3b-抗生素使用,3c-兽用抗生素；3f-农业实践,温度-变化 (季节性),欧洲9国333个家禽和猪场农场粉尘细菌(携带ARGs),"粉尘中ARGs相对丰度与粪便中ARGs相对丰度呈显著正相关(相关系数0.21-0.82); 猪场粉尘ARGs绝对丰度(tetW 0.31, ermB 0.67, aph(3')-III 0.39, sul2 0.37)和相对丰度(tetW 0.23, ermB 0.29, aph(3')-III 0.32, sul2 0.30)与抗生素使用(TIdddvet)呈显著正相关; 调整粪便ARG水平后,tetW、aph(3')-III和sul2仍与抗生素使用呈显著正相关; 家禽场粉尘ARGs与抗生素使用呈较弱正相关(P>0.05)","动物粪便中ARGs(主要来源于抗生素使用对肠道菌群选择压力) → 粪便通过气溶化(aerosolization)和颗粒物扩散进入农场环境 → 粪便颗粒物沉降为农场粉尘 → 粉尘中ARGs相对丰度与粪便中ARGs相对丰度呈显著正相关(tetW家禽0.13猪0.13, ermB家禽0.44猪0.82, aph(3')-III家禽0.03猪0.21, sul2家禽0.22猪0.30, Table 2),提示粪便是农场粉尘中ARGs的主要来源,但不是唯一来源(其他来源包括皮肤、黏液、饲料、垫料、室外空气或土壤)。猪场抗生素使用(TIdddvet)与粉尘ARGs绝对丰度(tetW 0.31, ermB 0.36, aph(3')-III 0.39, sul2 0.37)和相对丰度(tetW 0.23, ermB 0.29, aph(3')-III 0.32, sul2 0.30)呈显著正相关(Table 3)。调整粪便ARG水平后,tetW、aph(3')-III和sul2仍与抗生素使用呈显著正相关,但ermB与抗生素使用的关联消失,提示抗生素使用除通过粪便途径外,还通过其他途径(如抗生素残留物通过粪便或饲料/水给药途径排泄,在局部环境产生选择效应)直接影响粉尘ARGs水平(Discussion-p.7)。家禽场粉尘ARGs与抗生素使用呈较弱正相关且P>0.05,可能因家禽使用抗生素的批次较少(Discussion-p.7)。","ARGs in animal feces were positively related to ARGs in dust for most ARGs in both poultry and pig farms... our data shows a positive relation between ARG levels in feces and dust, which was more pronounced for relative ARG abundances. (Discussion-p.6); ""Higher total AMU in fattening pigs from the fattening unit sampled for dust was positively associated with resistance gene abundances in dust... A significant association was also observed between tetracycline usage and tetW dust levels... It is expected that at least a part of the relationship between AMU and dust is mediated by the effect of AMU on fecal resistance genes. After adjustment for ARG levels in feces, a significant positive effect remained for all genes except one: ermB. Fecal ermB concentrations had the largest association with dust ermB concentrations. These results seem to point towards an independent effect of AMU on dust resistance genes in addition to the feces pathway. Another related issue here could be the excretion of antimicrobial residues via feces or through the administration route, which is mainly by feed and water, that may lead to local environmental selective effects."" (Discussion-p.7); ""Interestingly for poultry we found consistently lower coefficients (than for pigs) and borderline significant associations. This might partly be explained by a relatively small number of sampled poultry batches in which antimicrobials were used."" (Discussion-p.7); ""animal feces is very likely the most important source of dust through aerosolization of fecal particles... However, although feces is an important source for farm dust, it is not the only organic/microbiological source. Other sources, such as skin, mucus, feed, litter and outdoor air or soil are additional sources of bacterial DNA and potentially ARGs."" (Discussion-p.6)",2-观察性数据,Observational,1-直接数据支持,Direct empirical support,1-促进AMR,Promoting AMR,2-观察/累积,Observational cumulative/seasonal,2-自然环境,Natural environment,2025-12-22
EVID_131-M2,131,2,Luiken et al. (2022),Determinants for antimicrobial resistance genes in farm dust on 333 poultry and pig farms in nine European countries,Results-p.6; Discussion-p.7-8,2-Results+Discussion整合,Results and discussion integration,3-生态社会介导,Socio-ecological mediation,3a-农业实践; 3d-生物安全,3c-兽用抗生素；3f-农业实践,温度-变化 (季节性),欧洲9国333个家禽和猪场农场粉尘细菌(携带ARGs),"家禽场较高生物安全标准(外部生物安全每增加10分, −0.099; 内部生物安全每增加10分, −0.057至−0.052; 总生物安全每增加10分, −0.113至−0.085; 清洁消毒每增加10分, −0.051至−0.064)与粉尘中较低ARGs相对丰度相关(主要tetW和ermB); 猪场较高生物安全标准(外部生物安全每增加10分, 0.087; 内部生物安全每增加10分, 0.054至0.111; 总生物安全每增加10分, 0.138; 清洁消毒每增加10分, 0.037至0.060)与粉尘中较高ARGs相对丰度相关(主要ermB); 生物安全与粉尘ARGs绝对丰度无显著关联(除猪场外部生物安全与16S负相关−0.090)","家禽场:较高生物安全标准(包括清洁消毒、减少外来菌进入和传播的措施) → 减少粪便中ARGs水平(Van Gompel et al., 2019) → 减少粉尘中ARGs来源 → 影响粉尘细菌群落组成 → 导致较高生物安全标准与粉尘中较低ARGs相对丰度相关(外部生物安全每增加10分tetW −0.099, 内部生物安全每增加10分tetW −0.057至ermB −0.051、aph(3')-III −0.052, 总生物安全每增加10分tetW −0.113至aph(3')-III −0.085, 清洁消毒每增加10分tetW −0.051至aph(3')-III −0.064, Table 5a)。但生物安全与粉尘ARGs绝对丰度无显著关联,提示生物安全评分未捕捉到影响粉尘形成过程的因素(Discussion-p.7)。猪场:较高生物安全标准 → 但与粉尘中较高ARGs相对丰度相关(外部生物安全每增加10分ermB 0.087, 内部生物安全每增加10分tetW 0.054至ermB 0.111、sul2 0.084, 总生物安全每增加10分ermB 0.138, 清洁消毒每增加10分tetW 0.037至ermB 0.060, Table 5b),与家禽场相反。这一相反效应在EFFORT项目猪粪便AMR研究中也观察到(Van Gompel et al., 2019),提示解释生物安全评分与AMR的关系(而非特定病原体)具有挑战性,特定农场实践对AMR的作用值得进一步研究(Davies and Wales, 2019; Discussion-p.7)。调整粪便ARG水平后,生物安全与粉尘ARGs的关联仍保持相似,提示生物安全直接影响粉尘ARGs水平而非仅通过粪便途径(Discussion-p.7)。","On poultry farms, higher internal biosecurity, including specifically a higher 'cleaning and disinfection score', and external biosecurity led to lower relative ARG abundances (mainly tetW and ermB) in dust. In pig farms, however, the opposite was observed. This opposite effect has been seen before for ARG in pig feces in the EFFORT project. This underpins that interpreting biosecurity scores in relation to AMR, rather than to specific pathogens, is challenging, and the role of specific farm practices for AMR might deserve further research. (Discussion-p.7); ""Some negative associations with fecal levels of certain bacteria and biosecurity measures have been already shown, however, an effect of biosecurity on bacterial/ARG levels in airborne dust has not been observed earlier. None of the associations with biosecurity (except one) was statistically significant when ARGs were expressed as absolute levels (or 16S) in dust for both farm types. This suggest that biosecurity scores such as those used in this project are currently not capturing airborne dust forming processes."" (Discussion-p.7); ""To test for an effect of biosecurity directly related to ARG dust levels, thus besides a pathway through feces, fecal ARG abundances were included in the models. This resulted in similar results."" (Results-p.6)",2-观察性数据,Observational,1-直接数据支持,Direct empirical support,1-促进AMR (猪场) / 2-抑制AMR (家禽场),Bidirectional or mixed,2-观察/累积,Observational cumulative/seasonal,2-自然环境,Natural environment,2025-12-22
EVID_131-M3,131,3,Luiken et al. (2022),Determinants for antimicrobial resistance genes in farm dust on 333 poultry and pig farms in nine European countries,Results-p.6; Discussion-p.7-8,2-Results+Discussion整合,Results and discussion integration,2-环境介导,Environment-mediated pathways,2a-微生物群落; 2d-环境条件,2a-微生物群落,温度-升高 (夏季); 温度-降低 (冬季),欧洲9国333个家禽和猪场农场粉尘细菌(携带ARGs),"夏季与冬季相比,家禽场粉尘ARGs绝对丰度显著降低(tetW −0.45, ermB −0.48, aph(3')-III −0.62, sul2 −0.51, 16S −0.62); 猪场粉尘ARGs绝对丰度显著降低(tetW −0.31, ermB −0.35, 16S −0.27); 但ARGs相对丰度无显著季节性差异或呈相反趋势(家禽tetW 0.18, ermB 0.13; 猪ermB −0.29)","冬季(寒冷天气) → 农场通风减少(为保持室内温度) → 室内粉尘水平升高 → 导致冬季农场粉尘ARGs绝对丰度高于夏季。夏季(温暖天气) → 农场通风增加 → 室内粉尘水平降低 → 导致夏季农场粉尘ARGs绝对丰度显著低于冬季(家禽tetW −0.45, ermB −0.48, aph(3')-III −0.62, sul2 −0.51, 16S −0.62; 猪tetW −0.31, ermB −0.35, 16S −0.27, Table 5)。这一结果与报道的冬季通风减少导致畜舍粉尘水平升高一致(Basinas et al., 2013a; Banhazi et al., 2008; Discussion-p.8)。但ARGs相对丰度(标准化为16S)无显著季节性差异或呈相反趋势(家禽tetW 0.18, ermB 0.13; 猪ermB −0.29),提示季节性变化主要影响粉尘形成过程(绝对丰度)而非细菌群落组成(相对丰度)。总粉尘重量与ARGs绝对丰度显著正相关(家禽tetW 0.161, ermB 0.168, aph(3')-III 0.164, sul2 0.184, 16S 0.197; 猪tetW 0.022, ermB 0.024, aph(3')-III 0.022, sul2 0.021, 16S 0.024, Table 4),但与ARGs相对丰度无显著关联,进一步支持季节性变化通过影响粉尘形成过程影响ARGs绝对丰度。","we observed a reduction in absolute ARGs abundance in the summer season compared to winter for poultry and pig farms. These results are in accordance with studies reporting reduced ventilation in winter (due to cold weather) which in turn led to higher dust levels in the stables. (Discussion-p.8); ""For both animal species the total amount of dust measured (per square meter per day) was significantly and positively related to absolute abundances of ARGs and 16S in dust, but not for relative levels (Table 4)."" (Results-p.6); ""associations differed between relative and absolute ARG levels, confirming that there are pathways increasing dust ARGs through processes influencing the total level of dust generation (absolute ARG levels), and processes affecting the bacterial microbiome (relative ARG levels)."" (Discussion-p.7-8)",2-观察性数据,Observational,1-直接数据支持,Direct empirical support,2-抑制AMR (夏季降低绝对丰度),Suppressing AMR,2-观察/累积,Observational cumulative/seasonal,2-自然环境,Natural environment,2025-12-22
EVID_131-M4,131,4,Luiken et al. (2022),Determinants for antimicrobial resistance genes in farm dust on 333 poultry and pig farms in nine European countries,Results-p.6; Discussion-p.8,2-Results+Discussion整合,Results and discussion integration,3-生态社会介导,Socio-ecological mediation,3a-农业实践,3f-农业实践,温度-变化 (季节性),欧洲9国333个家禽和猪场农场粉尘细菌(携带ARGs),"家禽场:刨花锯末垫料相比,碎秸秆垫料与粉尘ARGs绝对丰度显著降低(tetW −0.68, ermB −0.84, sul2 −1.16, 16S −1.00)但相对丰度升高(tetW 0.27, aph(3')-III 0.28)相关; 肉鸡数量增加(每增加10000只)与粉尘ARGs绝对丰度显著升高(tetW 0.24, ermB 0.27, aph(3')-III 0.27, sul2 0.23, 16S 0.21)相关; 猪场:较低动物密度与粉尘ARGs绝对丰度显著降低(tetW −0.39, 16S −0.25)相关; 湿饲料或湿-干饲料与粉尘ARGs绝对丰度显著降低(湿-干tetW −0.52, aph(3')-III −0.79, 16S −0.52; 湿aph(3')-III −0.37)相关; 500m半径内其他农场存在与粉尘ARGs绝对丰度显著升高(tetW 0.27, aph(3')-III 0.30, sul2 0.24, 16S 0.25)相关","家禽场:碎秸秆垫料 → 可能减少粉尘产生(通过改变粪便干燥和气溶化过程) → 导致粉尘ARGs绝对丰度显著降低(tetW −0.68, ermB −0.84, sul2 −1.16, 16S −1.00, Table 5a),但细菌群落中ARGs比例升高(tetW 0.27, aph(3')-III 0.28),提示碎秸秆垫料影响粉尘形成过程(降低总粉尘量)但可能富集携带ARGs的细菌(Discussion-p.8)。肉鸡数量增加 → 粪便产生量增加 → 粉尘来源增加 → 导致粉尘ARGs绝对丰度显著升高(tetW 0.24, ermB 0.27, aph(3')-III 0.27, sul2 0.23, 16S 0.21, Table 5a)。猪场:较低动物密度 → 粪便产生量减少 → 粉尘来源减少 → 导致粉尘ARGs绝对丰度显著降低(tetW −0.39, 16S −0.25, Table 5b)。湿饲料或湿-干饲料 → 减少干饲料产生的粉尘 → 导致粉尘ARGs绝对丰度显著降低(湿-干tetW −0.52, aph(3')-III −0.79, 16S −0.52; 湿aph(3')-III −0.37, Table 5b)。500m半径内其他农场存在 → 可能通过空气传播ARGs到本农场 → 导致粉尘ARGs绝对丰度显著升高(tetW 0.27, aph(3')-III 0.30, sul2 0.24, 16S 0.25, Table 5b),提示农场间ARGs通过空气传播(Discussion-p.8)。","significant associations in poultry stables between bedding type and dust ARGs, however with an opposite direction of the relation for absolute and relative levels. Another interesting finding is that other livestock farms in a 500m buffer around pig farms resulted in higher absolute ARGs abundance in the dust. (Discussion-p.8); ""In pig farms, animal and farm related parameters (i.e. animal density, feed type and more farms in a 500 m radius) were significantly related to absolute ARG abundances but not to relative abundances. For poultry this was observed as well (i.e. bedding and broilers present in the stable). Shredded straw as bedding material had an opposite effect direction for absolute and relative ARG abundance in poultry."" (Results-p.6); ""associations differed between relative and absolute ARG levels, confirming that there are pathways increasing dust ARGs through processes influencing the total level of dust generation (absolute ARG levels), and processes affecting the bacterial microbiome (relative ARG levels)."" (Discussion-p.7-8)",2-观察性数据,Observational,1-直接数据支持,Direct empirical support,1-促进AMR (肉鸡数量增加、猪场500m内其他农场存在) / 2-抑制AMR (碎秸秆垫料绝对丰度降低、较低动物密度、湿饲料),Bidirectional or mixed,2-观察/累积,Observational cumulative/seasonal,2-自然环境,Natural environment,2025-12-22
EVID_131-M5,131,5,Luiken et al. (2022),Determinants for antimicrobial resistance genes in farm dust on 333 poultry and pig farms in nine European countries,Abstract; Discussion-p.6-8,1-Abstract+Discussion整合,Results and discussion integration,2-环境介导,Environment-mediated pathways,2a-微生物群落; 2c-传播途径,2f-其他环境介导-气溶胶,温度-变化 (季节性),欧洲9国333个家禽和猪场农场粉尘细菌(携带ARGs),"农场粉尘是ARGs的大型储库,ARGs在几乎所有样本中可定量检测(>99%); 粉尘ARGs相对丰度与其他AMU暴露样本(如动物粪便或污水处理厂废水)相似; tetW和ermB绝对和相对丰度最高,aph(3')-III和sul2低约2-3个log10单位; 农场粉尘可能作为ARGs传播途径:1)动物和人类间传播ARB; 2)通过水平基因转移向其他储库细菌(包括潜在致病菌)传播ARGs","动物粪便(含ARB和ARGs) → 通过气溶化(aerosolization)和颗粒物扩散进入农场环境 → 形成农场粉尘(粪便是主要来源但不是唯一来源,其他来源包括皮肤、黏液、饲料、垫料、室外空气或土壤) → 农场粉尘含有可活细菌、细菌DNA和ARGs(de Rooij et al., 2019; McEachran et al., 2015; Dohmen et al., 2017a; von Salviati et al., 2015; Laube et al., 2013; Liu et al., 2018) → 粉尘通过空气传播ARGs和ARB → 可能作为传播途径:1)农场内动物间传播ARB(Crombe et al., 2013); 2)暴露于农场空气的人(如农场工人)吸入含ARB的粉尘(Dohmen et al., 2017a; Bos et al., 2016); 3)粉尘沉降到农场附近环境(如土壤、水体),ARGs通过水平基因转移向其他储库细菌(包括潜在致病菌)传播(Huijbers et al., 2015, 2019; Scott et al., 2019)。农场粉尘ARGs相对丰度与其他AMU暴露样本(如动物粪便或污水处理厂废水)相似(Rodriguez-Mozaz et al., 2015; Discussion-p.6),提示农场粉尘是ARGs的重要储库。tetW和ermB(四环素和大环内酯耐药)绝对和相对丰度最高,aph(3')-III和sul2(氨基糖苷和磺胺耐药)低约2-3个log10单位(Fig. 1; Discussion-p.6)。","Livestock feces with antimicrobial resistant bacteria reaches the farm floor, manure pit, farm land and wider environment by run off and aerosolization... Viable (resistant) bacteria, bacterial DNA and antimicrobial resistance genes (ARGs) are transported as part of dust particles through the air. (Introduction-p.2); ""Most probably the role of farm dust in the epidemiology and ecology of antimicrobial resistance (AMR) is complex and multilevel. On one hand it can act as a potential transmission route of resistant bacteria within and between animals and humans. On the other hand it is a potential reservoir of ARGs which might be transferred to bacteria, including potentially pathogenic bacteria in other reservoirs, by e.g. horizontal gene transfer."" (Introduction-p.2); ""Farm dust is a large reservoir of ARGs from which transmission to bacteria in other reservoirs can possibly occur."" (Abstract); ""Tetracycline (tetW) and macrolide (ermB) resistance genes were abundant in all samples both absolutely, and relatively to the total number of bacteria. The aminoglycoside (aph(3')-III) and sulfonamide (sul2) resistance genes were roughly 2–3 units lower on a log10 scale of absolute counts."" (Discussion-p.6); ""ARGs are omnipresent in dust... the relative levels of these genes are not very different from other (AMU exposed) samples such as animal feces or waste water from treatment plants. This could be explained by the fact that animal feces is very likely the most important source of dust through aerosolization of fecal particles."" (Discussion-p.6); ""Exposure to airborne AMR from farms will probably be more relevant for persons working in and around farms compared to the general population... While the general population is probably considerably lower exposed to airborne dust from farms, exposure to resistance genes frequently occurring in animal feces is however possible in the vicinity of farms. Transmission of ARGs and ARBs through air and dust between animals is most likely to occur as well."" (Discussion-p.8)",2-观察性数据,Observational,1-直接数据支持,Direct empirical support,1-促进AMR (作为ARGs储库和传播途径),Promoting AMR,2-观察/累积,Observational cumulative/seasonal,2-自然环境,Natural environment,2025-12-22
EVID_132-M1,132,1,Lu & Lu (2020),Seasonal variations in antibiotic resistance genes in estuarine sediments and the driving mechanisms,Results-p.5; Discussion-p.6-7,2-Results+Discussion整合,Results and discussion integration,2-环境介导,Environment-mediated pathways,3c-废水排放; 3e-化学污染,2a-微生物群落；2c-水文条件,温度-升高 (夏季); 降水-增加 (夏季); 光照-增强 (夏季),河口沉积物细菌(携带ARGs),"夏季河口沉积物ARGs种类增加76.9%-92.3%,丰度增加29-5195倍; 冬季ARGs种类增加5.9%-35.3%,丰度增加48-239倍; 不同河口ARGs丰度呈现不同季节性趋势(鳌江夏季>冬季; 瓯江和飞云江冬季>夏季)","夏季(7月) → 沿岸工业城市(电镀厂、制革厂、养殖场、制药厂、化工厂等)大量运营 → 废水排放导致外源抗生素(最高355.2 μg/kg夏季瓯江, 325.69 μg/kg冬季瓯江)、重金属(最高629.09 mg/kg夏季瓯江, 580.27 mg/kg冬季瓯江)、有机污染物(PAHs、苯胺、硝基苯,最高0.536 μg/g夏季瓯江, 0.483 μg/g冬季瓯江)通过河流进入河口 → 夏季光照强度增强、光照时间延长、海水温度升高 → 促进污染物化学反应产生大量二次污染物 → 夏季降水增加导致洪水爆发 → 洪水携带大量污染物进入河流和河口 → 夏季沿海水域易发生赤潮 → 赤潮爆发释放大量有毒污染物 → 污染物沉降至河口沉积物 → 导致夏季河口沉积物化学污染物浓度(有机污染物、重金属、抗生素)显著高于冬季(与冬季相比,夏季瓯江河口有机污染物、重金属、抗生素分别增加0.053 μg/g, 48.82 mg/kg, 29.51 μg/kg; 鳌江分别增加0.042 μg/g, 36.93 mg/kg, 14.43 μg/kg; 飞云江分别增加0.044 μg/g, 37.89 mg/kg, 16.13 μg/kg) → 化学污染促进MGEs多样性和丰度(化学污染与MGEs数量和丰度正相关, Table 2) → MGEs丰度与ARG丰度显著正相关(p<0.01, r=0.884) → 化学污染通过水平基因转移(HGT)间接促进ARG丰度增加 → 导致夏季河口沉积物ARGs种类增加76.9%-92.3%,丰度增加29-5195倍(与对照SDS相比, Fig. 2); 冬季ARGs种类增加5.9%-35.3%,丰度增加48-239倍(与对照WDS相比, Fig. 2)。不同河口因污染物季节性排放和ARGs富集/衰减行为差异,ARGs丰度呈现不同季节性趋势:鳌江夏季>冬季(与河流污染物季节性排放一致); 瓯江和飞云江冬季>夏季(可能与ARGs富集/衰减行为有关, Discussion-p.7)。","Under the effects of chemical pollutants (organic pollutants and heavy metals), the number and abundance of estuarine sediment ARGs significantly increased (Fig.2)... Compared with SDS and WDS, the number of different estuarine sediment ARGs increased by 76.9%–92.3% in summer and 5.9%–35.3% in winter, and the abundance of these ARGs increased by 29–5195 times in summer and 48–239 times in winter. (Results-p.5); ""The abundance levels of sediment ARGs in the Oujiang and Feiyunjiang estuaries were higher in winter than in summer, while the abundance of sediment ARGs in the Aojiang estuary was approximately three orders of magnitude lower in winter than in summer (Fig.2)."" (Results-p.5); ""In the Oujiang estuary sediments, the concentrations of organic pollutants, heavy metals and antibiotics reached a maximum of 0.536 μg g−1, 629.09 mg kg-1 and 355.2 μg kg-1 in summer and 0.483 μg g−1, 580.27 mg kg-1 and 325.69 μg kg-1 in winter, respectively. Furthermore, the pollutant concentrations of estuarine sediments were higher in summer than in winter. Comparing summer with winter, the concentrations of organic pollutants, heavy metals and antibiotics increased by 0.053 μg g−1, 48.82 mg kg-1 and 29.51 μg kg-1 in the Oujiang estuary sediments, by 0.042 μg g−1, 36.93 mg kg-1 and 14.43 μg kg-1 in the Aojiang sediments, and by 0.044 μg g−1, 37.89 mg kg-1 and 16.13 μg kg-1 in the Feiyunjiang estuary sediments."" (Results-p.5); ""The difference in abiotic factors during summer and winter may be part of the reason for more pollutants in estuarine sediments during summer. The environmental conditions such as seasonal differences in sunlight and seawater temperature, as well as floods and red tides that are prone to bursting in summer, may cause an increase of pollutants in the estuary sediments, which subsequently influences the abundance of estuarine sediment ARGs. First of all, the sunlight intensity in the Wenzhou region is stronger in summer than in winter and the illumination time is also longer than in winter, which makes seawater temperatures higher in summer than in winter. This makes summer more favorable for the chemical reaction of pollutants in seawater and a large number of secondary pollutants are produced. Subsequently, this causes more contaminants to settle into sediments, thereby increasing contaminants in sediments. Furthermore, the precipitation in the Wenzhou region is greater in summer than in winter, which makes it easy to cause an outbreak of flooding in summer. The flood carries a large amount of pollutants into the river and then enters the estuary, thus increasing the pollutants in the estuary sediments. Last but not least, the coastal waters in the Wenzhou region are prone to red tides in summer, and a large number of toxic pollutants are released during the red tide outbreak. Some of these pollutants settle into sediments, thereby increasing pollutants in sediments."" (Discussion-p.7); ""Different estuaries displayed different seasonal trends in the abundance of sediment ARGs due to the seasonal nature of pollutant discharge from the estuarine river and the behaviors of estuarine sediment ARGs... This seasonal variation was closely correlated with the seasonal trend of ARG abundance in the Aojiang estuary sediment, indicating that the seasonal pollutant discharge from the Aojiang river was an important reason for the seasonal variation in ARG abundance in the Aojiang estuary sediment. However, the same data also shows that the seasonal variation in the pollutant concentrations in the waters of the Oujiang and Feiyunjiang rivers is not consistent with the seasonal trend of ARG abundance in the sediments of the Oujiang and Feiyunjiang estuaries, respectively. This result is most likely related to whether the estuarine sediment ARGs are being enriched or attenuated."" (Discussion-p.7)",2-观察性数据,Observational,1-直接数据支持,Direct empirical support,1-促进AMR,Promoting AMR,2-观察/累积,Observational cumulative/seasonal,2-自然环境,Natural environment,2025-12-22
EVID_132-M2,132,2,Lu & Lu (2020),Seasonal variations in antibiotic resistance genes in estuarine sediments and the driving mechanisms,Discussion-p.6-7,3-Discussion,Discussion interpretation,2-环境介导,Environment-mediated pathways,2e-可移动遗传元件,2e-可移动遗传元件,温度-变化 (季节性),河口沉积物细菌(携带ARGs和MGEs),"化学污染与MGEs数量和丰度正相关(r=0.165和0.539, Table 2); MGEs丰度与ARG丰度显著正相关(p<0.01, r=0.884); 化学污染通过促进MGEs间接促进ARG丰度增加,促进细菌多重抗生素耐药性","化学污染(重金属、有机污染物如PAHs、苯胺、硝基苯) → 对河口沉积物细菌产生选择压力 → 促进可移动遗传元件(MGEs)多样性和丰度增加(化学污染与MGEs数量和丰度正相关, r=0.165和0.539, Table 2) → MGEs(如质粒、转座子)携带ARGs → MGEs通过水平基因转移(HGT)在细菌间传播ARGs → MGEs丰度与ARG丰度显著正相关(p<0.01, r=0.884) → 化学污染通过促进MGEs间接促进ARG丰度增加 → 促进河口沉积物细菌多重抗生素耐药性。化学污染与ARGs多样性正相关(r=0.870抗生素, 0.883重金属, 0.891 PAHs, 0.886硝基苯, 0.899苯胺, Table 2),但与ARG丰度弱正相关(r=0.309, Table 2),提示化学污染直接影响ARGs多样性,但对ARG丰度的直接影响不显著,主要通过促进MGEs间接影响ARG丰度(Discussion-p.6-7)。","We demonstrated that chemical pollution in the form of heavy metals, PAHs, nitrobenzene, and aniline, have selection effects on both diversity and abundance of ARGs in estuarine sediments... In this study, chemical pollution is significantly correlated with the number of different ARGs (Table 2), indicating that chemical pollution is a pivotal factor in promoting the diversity of estuarine sediment ARGs. However, chemical pollution and ARG abundance are only weakly positively correlated (Table 2), suggesting that the direct impact of chemical pollution on the abundance of estuarine sediment ARGs is not significant. (Discussion-p.6); ""In addition, this study found that the abundance and number of different mobile genetic elements (MGEs) were positively correlated with chemical pollution levels (Table 2), indicating that chemical pollution promotes both abundance and diversity of estuarine sediment MGEs. Furthermore, MGE abundance is significantly positively correlated with ARG abundance (p < 0.01, r = 0.884). Therefore, chemical pollution indirectly affects ARG abundance by promoting MGEs. Previous studies have also shown that MGEs are closely linked to ARGs."" (Discussion-p.6); ""Overall, this study is a comprehensive analysis of the complex interactions between chemical pollutants (heavy metals and organic pollutants), MGEs, and ARGs in bacteria communities of estuarine sediments. The chemical pollution levels were correlated with the level of diversity of ARGs, but not the abundance of ARGs. This result, combined with the positive correlation between chemical pollution and MGEs, and the correlation between MGEs and the abundance of ARGs (Table 2) indicate that the ARGs are enriched in bacteria via horizontal gene transfer (HGT) triggered by chemical pollution in the estuarine sediment. Ultimately, these processes promote multi-antibiotic resistance in bacteria."" (Discussion-p.7)",2-观察性数据,Observational,1-直接数据支持,Direct empirical support,1-促进AMR,Promoting AMR,2-观察/累积,Observational cumulative/seasonal,2-自然环境,Natural environment,2025-12-22
EVID_132-M3,132,3,Lu & Lu (2020),Seasonal variations in antibiotic resistance genes in estuarine sediments and the driving mechanisms,Results-p.5-6; Discussion-p.6,2-Results+Discussion整合,Results and discussion integration,2-环境介导,Environment-mediated pathways,3e-化学污染,2d-水土理化性质,温度-变化 (季节性),河口沉积物细菌(携带ARGs),"化学污染水平越高,ARGs多样性越高(瓯江>鳌江>飞云江); 夏季SOS检测到25种ARGs,其中19种在SDS中未检测到,提示这些ARGs由化学污染促进产生; 化学污染减少微生物多样性但增加ARGs多样性,促进多重耐药菌出现","河流化学污染水平(瓯江>鳌江>飞云江, Tables S1-2) → 导致河口沉积物化学污染水平(瓯江>鳌江>飞云江, Tables S4-5) → 化学污染对细菌产生选择压力 → 促进携带ARGs的细菌存活和富集 → 化学污染促进ARGs在细菌间转移 → 导致化学污染水平越高,ARGs多样性越高。与鳌江和飞云江河口沉积物相比,冬季瓯江河口沉积物ARGs种类分别增加21.1%和27.8%(Fig. 2); 与飞云江河口沉积物相比,冬季鳌江河口沉积物ARGs种类增加5.6%(Fig. 2)。夏季呈现相似变化:与鳌江和飞云江河口沉积物相比,夏季瓯江河口沉积物ARGs种类分别增加8.7%和8.7%(Fig. 2)。夏季SOS检测到25种ARGs,其中19种在SDS中未检测到(Table S6),提示这些ARGs由化学污染促进产生。化学污染减少微生物多样性(Figs. S1-3)但增加ARGs多样性(Fig. 2),特别是化学污染最严重的夏季瓯江河口沉积物(SOS),ARGs种类约为SDS的2倍(Fig. 2),促进多重耐药菌出现。","The number of different estuarine sediment ARGs was positively correlated with the chemical pollution levels of estuarine rivers... The diversity of ARGs in SOS was higher than those in SAS and SFS (Fig.2), because the chemical pollution level in the Oujiang river is more serious than levels in the Aojiang and Feiyunjiang rivers (Tables S1-2). ARG diversity in estuarine sediments increased as the estuarine contamination levels increased, which suggests that the more seriously chemically polluted estuary was more favorable for bacteria containing ARGs, and promoted the transfer of ARGs among bacteria. (Discussion-p.6); ""The fact that chemical pollution levels of estuarine rivers were positively related to ARG diversity in estuary sediments, indicates that chemical pollution can contribute to the emergence of estuarine sediment ARGs. Some ARGs that were prevalent in estuarine sediments in summer, were not detected in the control sediments, suggesting that these ARGs were promoted by chemical pollution. For instance, a total of 25 different ARGs were detected in SOS, 19 of which were not found in SDS (Table S6), indicating that most of the ARGs in SOS were promoted by chemical pollution."" (Discussion-p.6); ""More multidrug-resistant bacteria are likely to emerge in seriously chemically polluted estuarine environments... This study found opposite trends between microbial communities and ARGs in the chemically polluted estuarine environment. Chemical pollution reduced the microbial diversity in estuarine sediments (Figs.S1-3), while the ARG diversity increased (Fig. 2). Especially in the most chemically polluted Oujiang estuary sediment in summer (SOS), the number of different ARGs was of approximately twice that of SDS (Fig. 2). Thus, the conditions favor the development of more multidrug resistant bacteria in the Oujiang estuary sediment."" (Discussion-p.6)",2-观察性数据,Observational,1-直接数据支持,Direct empirical support,1-促进AMR,Promoting AMR,2-观察/累积,Observational cumulative/seasonal,2-自然环境,Natural environment,2025-12-22
EVID_132-M4,132,4,Lu & Lu (2020),Seasonal variations in antibiotic resistance genes in estuarine sediments and the driving mechanisms,Results-p.5-6; Discussion-p.7,2-Results+Discussion整合,Results and discussion integration,2-环境介导,Environment-mediated pathways,2f-耐药机制,2d-水土理化性质,温度-变化 (季节性),河口沉积物细菌(携带ARGs),"抗生素失活(antibiotic deactivation)和外排泵(efflux pump)是河口沉积物主要耐药机制; 与对照相比,河口沉积物代表外排泵的ARGs种类在冬季减少9%-13%,代表细胞保护机制的ARGs种类在夏季减少6%-15%,代表抗生素失活机制的ARGs种类在夏季增加1%-6%、冬季增加11%-15%; 但这三类耐药机制ARGs丰度在夏季和冬季均显著增加(抗生素失活17-15348倍夏季、51-219倍冬季; 外排泵68-182倍夏季、33-2324倍冬季; 细胞保护40-1865倍夏季、18-543倍冬季)","化学污染(重金属、有机污染物) → 对河口沉积物细菌产生选择压力 → 促进携带不同耐药机制ARGs的细菌存活和富集 → 通过MGEs和HGT在细菌间传播ARGs → 导致河口沉积物主要耐药机制为抗生素失活(antibiotic deactivation)和外排泵(efflux pump)(Fig. 4, Table S8)。与对照相比,河口沉积物代表外排泵的ARGs种类在冬季减少9%-13%,代表细胞保护机制的ARGs种类在夏季减少6%-15%,代表抗生素失活机制的ARGs种类在夏季增加1%-6%、冬季增加11%-15%(Fig. 4, Table S8)。但这三类耐药机制ARGs丰度在夏季和冬季均显著增加:抗生素失活(17-15348倍夏季、51-219倍冬季)、外排泵(68-182倍夏季、33-2324倍冬季)、细胞保护机制(40-1865倍夏季、18-543倍冬季)(Fig. 4, Table S9)。季节性变化对ARGs丰度的影响显著(夏季比冬季高138倍, Fig. 2),但对ARGs多样性的影响不显著(冬季23种 vs 夏季25种, Fig. 2),提示携带ARGs的细菌在河口沉积物中持续存在。","The number and abundance of estuarine sediment ARGs representing distinct resistance mechanisms had different trends during summer and winter. Antibiotic deactivation and efflux pump were the main antibiotic resistance mechanisms in estuarine sediments (Fig.4, Table S8). Compared with the controls, the number of different estuarine sediment ARGs representing efflux pumps decreased by 9%–13% in winter. The number of different estuarine sediment ARGs representing cellular protection mechanisms declined by 6%–15% in summer. The number of different estuarine sediment ARGs representing antibiotic deactivation mechanisms increased by 1%–6% in summer and 11%–15% in winter. However, the abundance of estuarine sediment ARGs representing antibiotic deactivation, efflux pump, and cellular protection mechanisms significantly increased during summer and winter (Fig.4, Table S9). Compared with the controls, the abundance of these estuarine sediment ARGs increased by the following factors: antibiotic deactivation (17–15,348 times in summer, 51–219 times in winter), efflux pump (68–182 times in summer, 33–2324 times in winter), and cellular protection mechanisms (40–1865 times in summer, 18–543 times in winter). (Results-p.5-6); ""Moreover, the total abundance of ARGs was impacted by seasonal changes (138-fold higher in summer than in winter, Fig. 2), but ARG diversity was not (e.g. 23 different ARGs in winter compared to 25 in summer, Fig. 2). This indicates that bacteria harboring the ARGs are persistent."" (Discussion-p.7)",2-观察性数据,Observational,1-直接数据支持,Direct empirical support,1-促进AMR,Promoting AMR,2-观察/累积,Observational cumulative/seasonal,2-自然环境,Natural environment,2025-12-22
EVID_132-M5,132,5,Lu & Lu (2020),Seasonal variations in antibiotic resistance genes in estuarine sediments and the driving mechanisms,Results-p.5-6; Discussion-p.6,2-Results+Discussion整合,Results and discussion integration,2-环境介导,Environment-mediated pathways,2h-抗生素类型,2d-水土理化性质,温度-变化 (季节性),河口沉积物细菌(携带不同类型ARGs),"河口沉积物检测到51种ARGs,编码对6类抗生素耐药(氨基糖苷类、万古霉素、四环素、MLSB、FCA、β-内酰胺类); 与对照相比,河口沉积物ARGs种类增加:氨基糖苷类50%-200%(夏季和冬季)、FCA 0-50%(夏季)、MLSB 50%-300%(夏季)、0-250%(冬季)、β-内酰胺类0-50%(冬季)、四环素0-300%(夏季); ARGs丰度显著增加:氨基糖苷类12-50倍(夏季)、49-185倍(冬季)、万古霉素11-204倍(夏季)、17-171倍(冬季)、四环素14-69804倍(夏季)、33-373倍(冬季)、MLSB 102-208倍(夏季)、34-894倍(冬季)、FCA 53-192倍(夏季)、242-168056倍(冬季)、β-内酰胺类23-68582倍(夏季)、51-221倍(冬季)","化学污染(重金属、有机污染物) → 对河口沉积物细菌产生选择压力 → 促进携带不同类型ARGs的细菌存活和富集 → 通过MGEs和HGT在细菌间传播ARGs → 导致河口沉积物检测到51种ARGs,编码对6类抗生素耐药(氨基糖苷类、万古霉素、四环素、MLSB、FCA、β-内酰胺类)(Fig. 3, Table S8)。与对照相比,河口沉积物ARGs种类增加:氨基糖苷类50%-200%(夏季和冬季)、FCA 0-50%(夏季)、MLSB 50%-300%(夏季)、0-250%(冬季)、β-内酰胺类0-50%(冬季)、四环素0-300%(夏季); 除万古霉素耐药基因外,其他类型ARGs种类均增加(Fig. 3, Table S8)。ARGs丰度显著增加:氨基糖苷类12-50倍(夏季)、49-185倍(冬季)、万古霉素11-204倍(夏季)、17-171倍(冬季)、四环素14-69804倍(夏季)、33-373倍(冬季)、MLSB 102-208倍(夏季)、34-894倍(冬季)、FCA 53-192倍(夏季)、242-168056倍(冬季)、β-内酰胺类23-68582倍(夏季)、51-221倍(冬季)(Fig. 2, Table S9)。河口沉积物ARGs组成与对照不同:夏季44种ARGs仅在河口沉积物中检测到,在SDS中未检测到; 冬季17种ARGs仅在河口沉积物中检测到,在WDS中未检测到(Results-p.6)。","Compared with the controls, the number and abundance of detected ARGs in estuarine sediments greatly increased during summer and winter. Fifty-one different ARGs were detected in estuarine sediments, while only 25 different ARGs were found in the control sediments (Tables S6-7). Of the ARGs detected, six types coded for different antibiotic resistances (Fig.3, Table S8). Compared with the controls, the number of different estuarine sediment ARGs increased, except for vancomycin resistance genes. These numbers of different resistance genes increased by the following percentages: aminoglycoside (50%–200% in summer and winter), fluoroquinolone quinolone florfenicol chloramphenicol amphenicol (FCA) (0–50% in summer), macrolide-lincosamide-streptogramin B (MLSB) (50%–300% in summer, 0–250% in winter), β-lactam (0–50% in winter), and tetracycline (0–300% in summer). Similarly, the abundance of estuarine sediment ARGs markedly increased (Fig.2, Table S9). Compared with the controls, the abundance of resistance genes in estuarine sediments increased by the following factors: aminoglycoside (12–50 times in summer, 49–185 times in winter), vancomycin (11–204 times in summer, 17–171 times in winter), tetracycline (14–69,804 times in summer, 33–373 times in winter), MLSB (102–208 times in summer, 34–894 times in winter), FCA (53–192 times in summer, 242–168,056 times in winter), and β-lactam (23–68,582 times in summer, 51–221 times in winter). (Results-p.5-6); ""Compared with the controls, the occurrence of ARGs in estuarine sediments changed greatly during summer and winter. Totals of 44 and 17 different ARGs were detected only in estuarine sediments in summer and winter, respectively, i.e., they were not found in the controls (SDS and WDS)... Therefore, the composition of estuarine sediment ARGs was different from that of the controls during summer and winter."" (Results-p.6)",2-观察性数据,Observational,1-直接数据支持,Direct empirical support,1-促进AMR,Promoting AMR,2-观察/累积,Observational cumulative/seasonal,2-自然环境,Natural environment,2025-12-22
EVID_133-M1,133,1,Lu (2020),Continental-scale spatio-temporal distribution of antibiotic resistance genes in coastal waters along coastline of China,Results-p.4-para.2,2-Results+Discussion整合,Results and discussion integration,2-环境介导,Environment-mediated pathways,2f-其他环境介导,2c-水文条件,温度-季节性变化,Mixed bacterial community,耐药基因丰度增加,温度-季节性变化（夏/冬）→沿海水体ARGs总绝对丰度呈显著季节差异，且部分站点冬季略高并提示温度影响不显著→耐药基因丰度增加/季节性波动,"“Interestingly, the total absolute abundance of ARGs in water of 3 sites (B3, Y3T, and E6) in winter were slightly higher than those in summer, suggesting that the temperature did not have significant effects on distribution of ARGs in these sites.” (p.4, para.2)",2-观察性数据,Observational,2-间接数据支持,Indirect empirical support,4-不确定,Uncertain,2-观察累积,Observational cumulative/seasonal,2-自然环境,Natural environment,2026-01-04
EVID_133-M2,133,2,Lu (2020),Continental-scale spatio-temporal distribution of antibiotic resistance genes in coastal waters along coastline of China,Results-p.8-para.2,1-Results实验数据,Results,2-环境介导,Environment-mediated pathways,2f-其他环境介导,可删除,温度-季节性变化,Mixed bacterial community,耐药基因丰度增加,温度-季节性变化（夏/冬）→沿海水体ARGs总绝对丰度范围与均值在夏/冬存在差异→耐药基因丰度增加/季节性波动,"“The absolute abundances of ARGs in coastal waters showed drastic spatio-temporal variation (Fig. 1a). In summer, the total absolute abundances of ARGs in coastal waters from 32 sites (except B5T, Y3T, and Y3W) ranged from 3.68 103 (B4) to 3.94 105 (Y5) copies/mL with a mean value of 8.79 104 copies/mL… In winter, the total absolute abundances of ARGs… varied from 2.76 104 (S3) to 5.41 105 (B8) copies/mL with an average value of 1.39 105 copies/mL…” (p.8, para.2)",2-观察性数据,Observational,2-间接数据支持,Indirect empirical support,3-双向作用,Bidirectional or mixed,2-观察累积,Observational cumulative/seasonal,2-自然环境,Natural environment,2026-01-04
EVID_133-M3,133,3,Lu (2020),Continental-scale spatio-temporal distribution of antibiotic resistance genes in coastal waters along coastline of China,Results-p.4-para.4,1-Results实验数据,Results,2-环境介导,Environment-mediated pathways,2f-其他环境介导,可删除,温度-季节性变化,Mixed bacterial community,HGT频率增加,温度-季节性变化（冬季条件）→多数站点intI1绝对丰度冬季更高（intI1为ARG转移指示）→提示ARG转移风险/HGT频率增加,"“Gene intI1 in coastal water of about 74% of sampling sites showed higher absolute abundances in winter.” (p.4, para.4)",2-观察性数据,Observational,2-间接数据支持,Indirect empirical support,1-促进AMR,Promoting AMR,2-观察累积,Observational cumulative/seasonal,2-自然环境,Natural environment,2026-01-04
EVID_133-M4,133,4,Lu (2020),Continental-scale spatio-temporal distribution of antibiotic resistance genes in coastal waters along coastline of China,Results-p.7-para.1,1-Results实验数据,Results,2-环境介导,Environment-mediated pathways,2d-水土理化性质,2d-水土理化性质,其他,Mixed bacterial community,耐药基因丰度增加,（与气候相关的环境理化条件变化可影响盐度）→盐度与ermT呈显著正相关→耐药相关基因/表型上升（以ermT为代表）,"“Salinity was significantly positively related to ermT at significance level of p < 0.05…” (p.7, para.1)",2-观察性数据,Observational,2-间接数据支持,Indirect empirical support,1-促进AMR,Promoting AMR,2-观察累积,Observational cumulative/seasonal,2-自然环境,Natural environment,2026-01-04
EVID_133-M5,133,5,Lu (2020),Continental-scale spatio-temporal distribution of antibiotic resistance genes in coastal waters along coastline of China,Conclusions-p.9-para.1,2-Results+Discussion整合,Results and discussion integration,2-环境介导,Environment-mediated pathways,2f-其他环境介导,可删除,温度-季节性变化,Mixed bacterial community,耐药基因丰度增加,温度-季节性变化（冬/夏）→不同海区ARGs总绝对丰度在不同季节达到最高→耐药基因丰度增加/季节性累积差异,"“The average total absolute abundance of ARGs in coastal waters reached the highest in Bohai Area during winter and in East China Sea Area during summer.” (p.9, para.1)",2-观察性数据,Observational,2-间接数据支持,Indirect empirical support,3-双向作用,Bidirectional or mixed,2-观察累积,Observational cumulative/seasonal,2-自然环境,Natural environment,2026-01-04
EVID_134-M1,134,1,Lobova et al. (2002),Geographical and seasonal distribution of multiple antibiotic resistance of heterotrophic bacteria of Lake Shira,Results-p.2-3; Discussion-p.5,2-Results+Discussion整合,Results and discussion integration,3-生态社会介导,Socio-ecological mediation,3c-废水排放,3d-2-基础设施与卫生系统,"温度-升高 (夏季6-8月,度假旺季); 温度-降低 (冬春季2-3月)","湖泊异养细菌(嗜温菌,携带质粒)","夏季疗养院区多重抗生素耐药菌(对氨苄西林和卡那霉素耐药)从1996年48%增至1999年96%; 中央区从25%增至50%; 冬春季多重耐药菌显著下降,主要为单一耐药(对氨苄西林耐药,10-40%)","夏季(6-8月)度假旺季 → 疗养院大量运营 → 废水排放导致人类废弃物中的外源多重抗生素耐药菌(对氨苄西林和卡那霉素耐药)大量进入湖泊 → 温度升高(25°C)促进外源嗜温菌和内源性细菌生长和繁殖 → 增强质粒水平基因转移频率 → 导致疗养院区(Station 7)多重耐药菌从1996年48%增至1999年96%(Fig. 1),中央区(Station 3)从25%增至50%(Fig. 1)。多重耐药菌随距离疗养院距离增加而减少(Fig. 2)。冬春季(2-3月)温度降低(5°C) → 疗养院停止运营 → 废水排放大幅减少 → 嗜温菌生长受抑制,主要为耐冷菌(psychrotolerant)和不可培养菌(non-culturable) → 多重耐药菌显著下降,主要为单一耐药(对氨苄西林耐药,10-40%,Fig. 3)。","From the data presented in Figure 1, it is apparent that during the peak of the resort season the original antibiotic sensitive bacteria tended to be replaced by multiple resistance bacteria... In the resort part of the lake, from about 15% to between 1 and 2%, we observed a concurrent increase of multiple resistance of bacteria to antibiotics from 48% to 96% (Figure 1). In the central part of the lake (about 2 km from the coast) the % of heterotrophic bacteria with multiple antibiotic resistance in July from ca. 25 to 50%. (Results-p.2); ""From the data presented in Figure 2, it is apparent that isolates with multiple resistance were found to decrease with the distance from the resort."" (Results-p.2); ""A decline in the bacterial numbers with multiple antibiotic resistance was observed during the cold period (February–March)."" (Abstract); ""In the winter-spring period only two types of bacteria were isolated from the water samples: psychrotolerant (the growth frontiers range from −5 °C up to +30 °C); inducible mesophilic bacteria (the growth frontiers range from +10 °C up to +30 °C). Among these physiological groups 10 to 40% of the isolates exhibited ampicillin resistance (Figure 3)."" (Results-p.3); ""Multiple antibiotic resistance of heterotroph bacteria can be induced both by natural and anthropogenic factors (Figures 1 and 2). These factors were observed to increase antibiotic-resistant bacterial cells in the central part of the lake from June (at the depth of 10 and 20 m) till November (at the depths of 0.1 and 10 m, Figure 3). Low percentage of antibiotic-resistant cells found in spring at the depths of 10 and 20 m can indicate that natural factors had no effects on the generation of antibiotic resistance. However, during this period in the group of psychrotolerant bacteria the quantity of resistant cells at the depth of 0.1 m increased which can be due to the human impact (resort drainages). These bacteria are the ones that are responsible for the high percentage of heterotrophs in lake microflora. In the summer period mesophilic forms presented the most part of cells."" (Discussion-p.5)",2-观察性数据,Observational,1-直接数据支持,Direct empirical support,1-促进AMR,Promoting AMR,2-观察/累积,Observational cumulative/seasonal,2-自然环境,Natural environment,2025-12-22
EVID_134-M2,134,2,Lobova et al. (2002),Geographical and seasonal distribution of multiple antibiotic resistance of heterotrophic bacteria of Lake Shira,Results-p.3-4; Discussion-p.4-5,2-Results+Discussion整合,Results and discussion integration,2-环境介导,Environment-mediated pathways,2e-可移动遗传元件,2e-可移动遗传元件,温度-升高 (夏季6-8月); 盐度-变化,"湖泊异养细菌(嗜温菌,携带质粒)","疗养院区和中央区分离的质粒大小相似(如5.6 kb和11.5 kb),提示质粒水平基因转移; 携带质粒的细菌多为多重耐药菌; 疗养院区分离的细菌携带1-4个质粒,中央区携带不超过2个质粒","夏季外源多重抗生素耐药菌(携带质粒,如4.4 kb质粒类似pBR322,编码对β-内酰胺类和大环内酯类抗生素耐药)通过疗养院废水排放进入湖泊 → 温度升高(25°C)促进外源菌和内源性细菌生长和繁殖 → 增强质粒水平基因转移频率 → 外源菌携带的质粒(如5.6 kb和11.5 kb)通过水平基因转移(horizontal gene transfer)转移至内源性细菌 → 导致疗养院区(Station 7)和中央区(Station 3)分离的质粒大小相似(Table 1: Stations 7和3均检测到5.6 kb和11.5 kb质粒),提示质粒在外源菌和内源性细菌间转移。疗养院区分离的细菌携带1-4个质粒(如isolates 43, 106, 116, 118, 125),中央区携带不超过2个质粒(如isolates 9, 10, 14, 18),提示疗养院区质粒负荷更高。外源菌也可从内源性细菌接收质粒,获得新特征(如对渗透压的耐受性)。","Extra-chromosomal genetic elements of the bacterial cells may be the reason for the resistance to different antibiotics. Some bacterial isolates from Shira lake that exhibited multiple antibiotic resistance carried plasmids of different molecular weight. In most plasmid-bearing cells isolated in the resort area of Shira lake, one to four plasmids of different weights were obtained. In the central part of the lake, we also found plasmid-bearing bacteria with no more than two plasmids. Some plasmids (5.6 kb and 11.5 kb) were found in bacterial isolates from the central and resort parts of the lake. However, some plasmids were found only in bacterial cells isolated from the central part of the lake (Table 1). (Results-p.3-4); ""Bacterial isolates taken from the part of the lake with the highest anthropogenic loads (Station 7) exhibited the highest number of plasmids. Some isolates exhibiting multiple antibiotic resistance were found to contain plasmids of 4.4 kb. This is similar to the size of pBR322 plasmid (4.4 kb) displaying resistance to two antibiotic classes (β-lactames and macrolides)."" (Discussion-p.4); ""Plasmids of similar size found in the cells of bacterial isolates from the resort and central part of the lake can be the result of extrachromosomal DNA transfer among the heterotrophic microflora (Table 1). To reveal adaptive mechanisms of bacteria to conditions of specific ecosystems must be taken into account of the transfer of plasmids from autochthonous to allochthonous microorganisms and vice versa. By such an exchange the autochthonous bacteria can receive plasmids from the allochthonous bacteria. In addition, the allochthonous bacteria can also receive plasmid DNAs from the autochthonous bacteria and acquire new characters by this (e.g., resistance to osmotic pressure)."" (Discussion-p.4-5); ""Plasmid determinants released into the lake during the season by the allochthonous microflora can promote the migration of plasmid DNAs to autochthonous bacteria."" (Discussion-p.5)",2-观察性数据,Observational,1-直接数据支持,Direct empirical support,1-促进AMR,Promoting AMR,2-观察/累积,Observational cumulative/seasonal,2-自然环境,Natural environment,2025-12-22
EVID_134-M3,134,3,Lobova et al. (2002),Geographical and seasonal distribution of multiple antibiotic resistance of heterotrophic bacteria of Lake Shira,Results-p.3-4; Discussion-p.4-5,2-Results+Discussion整合,Results and discussion integration,2-环境介导,Environment-mediated pathways,2g-盐度适应,2d-水土理化性质,盐度-变化 (NaCl浓度0.05%-10%),"湖泊异养细菌(耐盐菌,携带2.7 kb质粒)","耐盐菌(halotolerant bacteria,耐受5-10% NaCl)表现出多重抗生素耐药性但不携带质粒; 嗜盐菌(halophile bacteria,耐受0.05-5% NaCl)携带2.7 kb质粒,其拷贝数随NaCl浓度升高而增加(0.05%时低,5%时加倍,10%时增加较少)","中央区(Station 3)耐盐菌(halotolerant bacteria,耐受5-10% NaCl)表现出多重抗生素耐药性但不携带质粒(如isolate 239,Table 1) → 提示多重抗生素耐药性可能由染色体决定因子或大型质粒(未被检测方法检测到)编码。中央区嗜盐菌(halophile bacteria,耐受0.05-5% NaCl)携带2.7 kb质粒,其拷贝数随NaCl浓度升高而增加(0.05%时低,5%时加倍,10%时增加较少,Fig. 6) → 提示2.7 kb质粒对淡水微生物在咸水Shira湖中生存具有重要作用,可能帮助细菌适应高渗透压环境。耐盐菌细胞壁更致密,细胞膜组成特殊(含减少渗透性和增强对环境因子耐受性的蛋白质),使其对抗生素耐药。疗养院区(Station 7)淡水菌(20-40%)和嗜盐菌(55-75%)占主导,耐盐菌很少; 中央区耐盐菌(25-30%)和嗜盐菌(47-66%)占主导(Fig. 4)。","From the data presented in Figure 4 it is also obvious that in the central part of the lake the heterotrophic bacteria are represented by halotolerant (25–30%) and halophile (47–66%) forms, while in the resort area freshwater (20–40%) and halophile (55–75%) bacteria were dominant. In the resort part of the lake, the halotolerant bacteria were negligible. When antibiotic resistance was determined in freshwater, halophile and halotolerant bacteria, the halotolerant bacteria exhibited antibiotic resistance but were plasmid-free (Figure 5). One example of such a bacterium that was free of plasmids was the isolate 239 (Table 1) exhibiting multiple antibiotic resistance. (Results-p.3-4); ""Nevertheless, some halophile bacteria isolated from the central part of Shira lake were found to have a plasmid of 2.7 kb. Their copy numbers in the cells varied with the sodium chloride concentration of the medium (Figure 6). The electrophoretic data showed that in low NaCl medium (0.05%) the copy number of this plasmid is low. However, the copy number of plasmids increases with salt concentration from 0.05 to 10%. In the cells of Micrococcus sp. (isolate 9, Figure 6) the copy number of this plasmid increased particularly at a salt concentration of 5% (more than double), while an increase to 10% NaCl resulted in less pronounced increase of the plasmid concentration (Figure 6). This allows suggesting that the plasmid of 2.7 kb is of primary importance for survival of freshwater microorganisms in the brackish Shira lake."" (Results-p.4); ""A much more dense cell wall accompanied the increase of resistance of halotolerant bacteria. It may be this feature (special composition of the membrane and density of the cell wall) that makes halotolerant bacteria resistant to antibiotics. It is common knowledge that the composition of the cell membrane of halotolerant bacteria involves proteins that reduce permeability and increase tolerance of bacteria to various environmental factors."" (Discussion-p.4)",2-观察性数据,Observational,1-直接数据支持,Direct empirical support,1-促进AMR (耐盐菌通过致密细胞壁耐药); 1-适应环境 (嗜盐菌通过2.7 kb质粒适应高盐),Promoting AMR,2-观察/累积,Observational cumulative/seasonal,2-自然环境,Natural environment,2025-12-22
EVID_134-M4,134,4,Lobova et al. (2002),Geographical and seasonal distribution of multiple antibiotic resistance of heterotrophic bacteria of Lake Shira,Results-p.2-3; Discussion-p.5,2-Results+Discussion整合,Results and discussion integration,1-生理生化,Direct biological mechanisms,1a-生长繁殖,1a-生长代谢,"温度-升高 (夏季6-8月,25°C); 温度-降低 (冬春季2-3月,5°C)",湖泊异养细菌(嗜温菌 vs 耐冷菌 vs 不可培养菌),"夏季嗜温菌(mesophilic bacteria,生长温度范围+10°C至+30°C)占主导,多重抗生素耐药性明显(从6月开始至11月); 冬春季耐冷菌(psychrotolerant bacteria,生长温度范围−5°C至+30°C)和不可培养菌(non-culturable bacteria,需温度诱导和营养物添加后才可培养)占主导,主要为单一耐药(对氨苄西林耐药,10-40%)","冬春季(2-3月)温度低(5°C) → 不可培养菌(non-culturable bacteria)占主导,活跃但不可培养 → 经温度诱导(45°C, 10分钟)和营养物添加(peptone)后总异养细菌数量增加两个数量级 → 耐冷菌(psychrotolerant bacteria)可在低温下生长(-5°C至+30°C) → 这两类生理群体中10-40%表现出对氨苄西林单一耐药(Fig. 3),多重耐药菌很少。夏季(6-8月)温度升高(25°C) → 嗜温菌(mesophilic bacteria,生长温度范围+10°C至+30°C)数量显著增加 → 嗜温菌中多重抗生素耐药性明显(从6月开始至11月,Fig. 3) → 10米深度耐盐菌中多重耐药菌占主导。","Since the temperature of the lake varies with the depth and season, we have analyzed different physiological groups of bacteria with respect to growth optima (psychrotolerant, mesophiles). In natural ecosystems, culturable cells do not exceed 0.1%. Therefore, the bacterial cells were analyzed after induction by temperature increase and nutrient additions (peptone). The total number of the heterotrophic bacteria increased two orders of magnitude after heating (45 °C) of water samples during 10 min. (Results-p.2-3); ""From the data presented in Figure 3, it is apparent that multiple resistance to antibiotics is typical for the mesophilic bacteria. This resistance appears at the start of the resort season (June) and remains until November. In the winter-spring period only two types of bacteria were isolated from the water samples: psychrotolerant (the growth frontiers range from −5 °C up to +30 °C); inducible mesophilic bacteria (the growth frontiers range from +10 °C up to +30 °C). Among these physiological groups 10 to 40% of the isolates exhibited ampicillin resistance (Figure 3)."" (Results-p.3); ""In the summer period mesophilic forms presented the most part of cells. Halotolerant bacteria with multiple antibiotic resistance dominated at a depth of 10 m. Microorganisms of psychrotolerant and non-culturable group exhibited similar resistance to one or two antibiotics tested, irrespective of the layer where they had been taken from (Figure 3). Multiple antibiotic resistance was obtained among dominant mesophilic bacteria in the lake in the summer period."" (Discussion-p.5)",2-观察性数据,Observational,1-直接数据支持,Direct empirical support,1-促进AMR (夏季嗜温菌); 2-抑制AMR (冬春季耐冷菌和不可培养菌),Bidirectional or mixed,2-观察/累积,Observational cumulative/seasonal,2-自然环境,Natural environment,2025-12-22
EVID_134-M5,134,5,Lobova et al. (2002),Geographical and seasonal distribution of multiple antibiotic resistance of heterotrophic bacteria of Lake Shira,Results-p.3; Discussion-p.5,2-Results+Discussion整合,Results and discussion integration,2-环境介导,Environment-mediated pathways,2a-微生物群落,2c-水文条件,温度-变化 (季节性); 深度-变化,湖泊异养细菌(嗜温菌 vs 耐冷菌 vs 不可培养菌),"中央区不同深度(0.1 m, 10 m, 20 m)多重耐药菌分布呈季节性和深度差异: 春季(2-3月)10 m和20 m多重耐药菌很少,0.1 m耐冷菌多重耐药菌增加(可能因疗养院废水排放); 夏季(6-11月)0.1 m和10 m多重耐药菌增加,主要为嗜温菌和10 m深度耐盐菌","春季(2-3月)中央区10 m和20 m深度多重耐药菌很少 → 提示自然因子对产生抗生素耐药性无影响。但春季0.1 m深度耐冷菌中耐药细胞数量增加 → 可能因疗养院废水排放(人类活动影响) → 这些细菌占湖泊异养菌高比例。夏季(6-11月)嗜温菌占主导 → 中央区0.1 m和10 m深度多重耐药菌从6月开始增加至11月(Fig. 3) → 10 m深度耐盐菌中多重耐药菌占主导。耐冷菌和不可培养菌对一种或两种抗生素表现出相似耐药性,不论采样层(Fig. 3)。嗜温菌中获得多重抗生素耐药性。夏季疗养院废水排放的外源菌释放的质粒决定因子可促进质粒DNA向内源性细菌迁移。","Multiple antibiotic resistance of heterotroph bacteria can be induced both by natural and anthropogenic factors (Figures 1 and 2). These factors were observed to increase antibiotic-resistant bacterial cells in the central part of the lake from June (at the depth of 10 and 20 m) till November (at the depths of 0.1 and 10 m, Figure 3). Low percentage of antibiotic-resistant cells found in spring at the depths of 10 and 20 m can indicate that natural factors had no effects on the generation of antibiotic resistance. However, during this period in the group of psychrotolerant bacteria the quantity of resistant cells at the depth of 0.1 m increased which can be due to the human impact (resort drainages). These bacteria are the ones that are responsible for the high percentage of heterotrophs in lake microflora. In the summer period mesophilic forms presented the most part of cells. Halotolerant bacteria with multiple antibiotic resistance dominated at a depth of 10 m. Microorganisms of psychrotolerant and non-culturable group exhibited similar resistance to one or two antibiotics tested, irrespective of the layer where they had been taken from (Figure 3). Multiple antibiotic resistance was obtained among dominant mesophilic bacteria in the lake in the summer period. Plasmid determinants released into the lake during the season by the allochthonous microflora can promote the migration of plasmid DNAs to autochthonous bacteria. (Discussion-p.5)",2-观察性数据,Observational,1-直接数据支持,Direct empirical support,1-促进AMR (夏季嗜温菌和10 m耐盐菌); 2-抑制AMR (春季10 m和20 m自然因子无影响),Bidirectional or mixed,2-观察/累积,Observational cumulative/seasonal,2-自然环境,Natural environment,2025-12-22
EVID_135-M1,135,1,Lobova et al. (2008),Multiple antibiotic resistance of heterotrophic bacteria in the littoral zone of Lake Shira as an indicator of human impact on the ecosystem,Results-p.2-3; Discussion-p.4-6,2-Results+Discussion整合,Results and discussion integration,3-生态社会介导,Socio-ecological mediation,3a-农业实践; 3c-废水排放,3d-2-基础设施与卫生系统,"温度-升高 (夏季,度假旺季); 降水-变化 (春季融雪径流)","湖泊近岸带异养细菌(Aeromonas, Citrobacter, Vibrio, E. coli, Enterococcus, Sarcina等)","夏季近岸带和中央区多重抗生素耐药菌(对氨苄西林和卡那霉素耐药)占主导地位,未检测到敏感菌; 春季敏感菌和仅对氨苄西林耐药菌占主导地位,多重耐药菌浓度显著降低","夏季(6-8月)度假旺季 → 疗养院和旅游营地大量运营 → 废水排放(未经处理或处理不当)和人类及动物粪便冲刷进入湖泊 → 外源多重抗生素耐药菌(对氨苄西林和卡那霉素耐药)通过废水和粪便输入湖泊 → 外源菌首先在近岸带浅水区积累,然后通过水体混合和表层水输送扩散至中央区 → 导致夏季近岸带和中央区多重耐药菌占主导地位(近岸带各站点如1, 2, 13, 14, 15, 16, 18未检测到敏感菌; 中央区Station 21多重耐药菌浓度与近岸区Station 16相似)。春季(3月)人类活动减少 → 疗养院停止运营 → 废水排放大幅减少 → 但融雪径流仍可携带粪便中的外源菌(如Enterococcus, Sarcina)进入湖泊 → 导致春季敏感菌和仅对氨苄西林耐药菌(内源性特征)占主导地位,多重耐药菌浓度显著降低,主要集中在接收废水排放的区域(Station 19)、疗养院区域(Station 18)和旅游营地区域(Station 13),以及无法到达的区域(Stations 3, 5)和中央区(Station 21)也检测到少量多重耐药菌(外源性)。","It has been found that in Summer, human and animal microflora featuring multiple antibiotic resistance (to Ampicillin and Kanamycin) predominates in all the studied stations of the littoral zone of the lake. In Spring, concentrations of bacteria featuring multiple antibiotic resistance decrease significantly and bacteria sensitive to antibiotics predominate in the lake. Emergence of multiple antibiotic resistance in bacteria of Lake Shira is caused by the input of allochthonous bacteria into the lake; this feature of heterotrophic bacteria of Lake Shira can be used to monitor the impact on the ecosystem made by health resorts. (Abstract); ""We examined bacteria isolated from samples collected at different stations of the littoral zone in Summer and did not find any bacteria sensitive to antibiotics even at stations situated far from the close-to-resort part. Concentrations of bacteria featuring multiple antibiotic resistance registered at Stations 3–7, which are infrequently visited by vacationers, and at Stations 8–12, which are inaccessible to vacationers, were comparable to concentrations of such bacteria at Stations 1, 2, 13 and 14, which are situated near the tourist camps, and at Station 16, situated near the resorts. In the central part of Lake Shira (Station 21), the levels of bacteria displaying multiple antibiotic resistance were similar to those registered in the close-to-resort zone (Station 16). High concentrations of bacteria resistant to Ampicillin and Kanamycin in the parts of the littoral zone that are either not frequented by vacationers or are inaccessible to them and in the central part of Lake Shira can probably be a result of transport of such bacteria with the water from the parts of the lake that suffer most from human impact."" (Discussion-p.4); ""In Spring, when anthropogenic input is very small, bacteria sensitive to antibiotics and bacteria only resistant to Ampicillin predominated in the littoral zone of the lake. Bacteria displaying multiple antibiotic resistance were mainly isolated from the part of the lake receiving resort waste effluents (Station 19), the resort part (Station 18) and the area where tourist camps are situated (Station 13). The bacteria resistant to Ampicillin and Kanamycin that were isolated from samples collected at Station 19 were of Enterococcus and Sarcina spp. and at Stations 13 and 18 – of Enterococcus sp. The water samples collected from the littoral part of Lake Shira that is inaccessible to tourists (Stations 3 and 5) and from the central part of the lake contained bacteria featuring multiple antibiotic resistance."" (Results-p.3); ""The main reason why Enterococcus and Sarcina spp. occur in the lake in Spring, when human impact on the ecosystem is very low, may be that these bacteria, contained in vertebrates' feces, enter the lake with snowmelt runoff."" (Discussion-p.6)",2-观察性数据,Observational,1-直接数据支持,Direct empirical support,1-促进AMR,Promoting AMR,2-观察/累积,Observational cumulative/seasonal,2-自然环境,Natural environment,2025-12-22
EVID_135-M2,135,2,Lobova et al. (2008),Multiple antibiotic resistance of heterotrophic bacteria in the littoral zone of Lake Shira as an indicator of human impact on the ecosystem,Discussion-p.4-6,3-Discussion,Discussion interpretation,2-环境介导,Environment-mediated pathways,2e-可移动遗传元件,2e-可移动遗传元件,温度-变化 (季节性),湖泊近岸带和中央区异养细菌(内源性细菌),"夏季外源多重耐药菌可能通过水平基因转移将抗生素耐药基因转移至内源性细菌,导致内源性细菌获得多重抗生素耐药性","夏季外源多重抗生素耐药菌(对氨苄西林和卡那霉素耐药)大量进入湖泊 → 在近岸带和中央区积累 → 外源菌与内源性细菌接触 → 通过水平基因转移(horizontal gene transfer)将抗生素耐药基因从外源菌转移至内源性细菌 → 导致内源性细菌获得多重抗生素耐药性作为稳定特征 → 这一过程可能导致内源性细菌群落结构发生显著变化,影响生态系统功能。春季外源菌输入减少后,仍在近岸带无法到达的区域(Stations 3, 5)和中央区(Station 21)检测到多重耐药菌,提示可能有内源性细菌通过水平基因转移获得了多重抗生素耐药性,或外源菌残留。","The occurrence of heterotrophic bacteria featuring multiple antibiotic resistance in the lake in Spring 2003 suggested that either those bacteria were allochthonous or antibiotic resistance in autochthonous bacteria became a stable trait as a result of horizontal gene transfer from allochthonous bacteria in Summer. (Discussion-p.5); ""One of the possible reasons causing structural changes in the bacterial component of the ecosystem is horizontal transfer of antibiotic resistance genes from allochthonous bacteria to autochthonous bacteria, which can thus acquire the new traits."" (Conclusion-p.7)",2-观察性数据,Observational,3-推测性支持,Theoretical support,1-促进AMR,Promoting AMR,2-观察/累积,Observational cumulative/seasonal,2-自然环境,Natural environment,2025-12-22
EVID_135-M3,135,3,Lobova et al. (2008),Multiple antibiotic resistance of heterotrophic bacteria in the littoral zone of Lake Shira as an indicator of human impact on the ecosystem,Discussion-p.5-6,3-Discussion,Discussion interpretation,2-环境介导,Environment-mediated pathways,2a-微生物群落,2a-微生物群落,温度-变化 (季节性); 降水-变化 (春季融雪径流),湖泊近岸带和中央区异养细菌(外源性细菌和内源性细菌),"夏季外源多重耐药菌可通过附着沉积物颗粒在近岸带存活,形成耐药菌库,冬春季可重新悬浮至水体,导致湖泊持续污染","夏季外源多重抗生素耐药菌(对氨苄西林和卡那霉素耐药)进入近岸带浅水区 → 细菌通过附着沉积物颗粒在近岸带底部存活 → 形成耐药菌库(reservoir) → 冬春季沉积物扰动或水动力变化 → 耐药菌从沉积物重新悬浮至水体 → 导致湖泊持续污染,即使春季人类活动显著减少,仍可能检测到外源多重耐药菌。沉积物中的指示微生物(如E. coli, enterococci, fecal coliforms)降解速率低于水体,底部沉积物可作为延长指示微生物存活的储库,增加了因潜在固体再悬浮导致上覆水体重新污染的风险。","Contamination of the littoral part of the lake with allochthonous bacteria is potentially dangerous to the ecosystem because this is the zone where bacteria can survive by attaching themselves to sediment particles. An et al. (2001), conducted their studies at Lake Texoma and found that concentrations of E. coli and total coliforms increased with depth and their maximal concentrations were registered in water samples collected from the bottom layer of water, because bacteria were associated with lake-bottom sediments. Comparison of reduction rates of microbial indicators (E. coli, enterococci, fecal coliforms) in the water and sediment of a brackish water body (Lake Pontchartrain) also showed that the reduction rate of indicator organisms in sediment was slower. The authors assumed that the reason was attachment of microbial indicators to sediment. Thus, bottom sediment may act as a reservoir for prolonging indicator organism survival, which adds concern of recontamination of overlaying waters due to potential solids resuspension. (Discussion-p.6,引用An et al., 2001; Jin et al., 2004)",2-观察性数据,Observational,2-间接数据支持 (引用文献),Indirect empirical support,1-促进AMR (持续污染),Promoting AMR,2-观察/累积,Observational cumulative/seasonal,2-自然环境,Natural environment,2025-12-22
EVID_135-M4,135,4,Lobova et al. (2008),Multiple antibiotic resistance of heterotrophic bacteria in the littoral zone of Lake Shira as an indicator of human impact on the ecosystem,Results-p.2-3; Discussion-p.4-5,2-Results+Discussion整合,Results and discussion integration,2-环境介导,Environment-mediated pathways,2a-微生物群落,2c-水文条件,温度-变化 (季节性),湖泊近岸带和中央区异养细菌(外源性细菌),"夏季外源多重耐药菌从近岸带通过表层水输送至中央区,导致中央区多重耐药菌浓度与近岸区相似","夏季外源多重抗生素耐药菌(对氨苄西林和卡那霉素耐药)在近岸带积累 → 通过表层水混合和输送 → 外源菌从近岸带高风险区域(如疗养院和旅游营地附近)向低风险区域(如中央区)扩散 → 导致中央区(Station 21)多重耐药菌浓度与近岸区(Station 16)相似。春季外源菌输入减少,中央区多重耐药菌浓度显著降低,但仍检测到少量外源菌(如Enterococcus),提示表层水输送的持续性影响。分类学分析显示近岸区和中央区的外源多重耐药菌种类相似(如C. freundii, E. coli),进一步支持表层水输送机制。","High concentrations of bacteria resistant to Ampicillin and Kanamycin in the parts of the littoral zone that are either not frequented by vacationers or are inaccessible to them and in the central part of Lake Shira can probably be a result of transport of such bacteria with the water from the parts of the lake that suffer most from human impact. (Discussion-p.4); ""In the central part of Lake Shira (Station 21), the levels of bacteria displaying multiple antibiotic resistance were similar to those registered in the close-to-resort zone (Station 16)... The emergence of multiple antibiotic resistance in the heterotrophic bacteria found in the part of the lake least affected by the anthropogenic input can be accounted for by the transport of allochthonous bacteria from the parts of the lake subjected to a considerable human impact."" (Results-p.2); ""For instance, similar amounts of bacteria of Aeromonas sp. were isolated from the samples collected at Station 15 (at the tourist camp) and Station 18 (in the close-to-resort area) and from water samples collected at Station 10, which is not frequented by vacationers. The levels of C. freundii in the close-to-resort area (Station 16) and in the area near tourist camps (Station 1) were similar to the levels of this bacterium in the central part of Lake Shira... E. coli, another allochthonous bacterium, was found not only in the close-to-resort area but also in the central part of the lake and at Station 3, which is inaccessible to vacationers. E. coli apparently enters the lake with untreated waste effluents of the health resort."" (Discussion-p.4-5)",2-观察性数据,Observational,1-直接数据支持,Direct empirical support,1-促进AMR (通过表层水输送扩散),Promoting AMR,2-观察/累积,Observational cumulative/seasonal,2-自然环境,Natural environment,2025-12-22
EVID_135-M5,135,5,Lobova et al. (2008),Multiple antibiotic resistance of heterotrophic bacteria in the littoral zone of Lake Shira as an indicator of human impact on the ecosystem,Discussion-p.5; Conclusion-p.7,2-Discussion+Conclusion,Discussion interpretation,3-生态社会介导,Socio-ecological mediation,3d-监测指标,可删除,温度-变化 (季节性),湖泊近岸带和中央区异养细菌(外源性细菌和内源性细菌),"多重抗生素耐药性(对氨苄西林和卡那霉素耐药)可作为人类活动对Shira湖生态系统影响的指示指标,用于监测疗养院的环境影响","夏季多重抗生素耐药菌(对氨苄西林和卡那霉素耐药)在近岸带占主导地位 → 表层水输送导致中央区多重耐药菌浓度升高 → 春季人类活动减少,多重耐药菌浓度显著降低,敏感菌和仅对氨苄西林耐药菌(内源性特征)占主导地位 → 多重抗生素耐药性的季节性变化模式反映人类活动强度 → 通过比较不同季节(夏季度假旺季 vs 春季/冬季)中央区多重耐药菌浓度,可评估疗养院对生态系统的影响程度 → 中央区作为对照点(远离疗养院,受人类活动影响最小),其多重耐药菌浓度变化可作为人类活动影响的指示指标。近岸带Stations 1, 2, 3, 5, 8, 13, 16, 18, 19应作为重点监测区域,因为这些区域多重耐药菌浓度较高,反映强人类活动影响。","We should note that our suggestion of using multiple antibiotic resistance of bacteria in monitoring human impact on Lake Shira is well grounded. For instance, seasonal variations in proportions of littoral-water bacteria resistant to Ampicillin and Kanamycin are a good indicator of the degree to which humans affect the study aquatic ecosystem (Fig. 5). The diagram shows that in Summer, bacteria featuring multiple antibiotic resistance predominate in the littoral zone of the lake and the portion of bacteria only resistant to Ampicillin is very small. In Spring, bacteria sensitive to antibiotics and bacteria resistant to Ampicillin predominate in the littoral zone. (Discussion-p.5); ""One of the approaches to monitoring the human impact on Lake Shira is to measure the proportion of bacteria featuring multiple antibiotic resistance in the central part of the lake in different seasons and to use these data as an indication of human impact. As this part is far away from the health resorts and, hence, least of all affected by human impact, it can be used as control in monitoring the ecosystem. Human impact on the lake can be assessed by comparing the concentrations of bacteria featuring multiple antibiotic resistance in Summer, when there are many vacationers at the lake, and in cold seasons, when the anthropogenic input is very low."" (Conclusion-p.7); ""Having analyzed the distribution of bacteria featuring multiple antibiotic resistance in the littoral zone of the lake in different seasons, we can note that most of the bacteria resistant to Ampicillin and Kanamycin were isolated from the samples collected at Stations 1, 2, 3, 5, 8, 13, 16, 18 and 19. Hence, these stations can be characterized as areas subjected to strong human impact and should be monitored closely."" (Discussion-p.6)",2-观察性数据,Observational,1-直接数据支持,Direct empirical support,1-促进AMR (作为监测指标),Promoting AMR,2-观察/累积,Observational cumulative/seasonal,2-自然环境,Natural environment,2025-12-22
EVID_136-M1,136,1,Liu (2023),Spatiotemporal distributions of sulfonamide and tetracycline resistance genes and microbial communities in the coastal areas of the Yangtze River Estuary,Results-p.6-para.1,2-Results+Discussion整合,Results and discussion integration,1-直接生物学效应,Direct biological mechanisms,1c-HGT质粒接合,1a-生长代谢；1c-水平基因转移,温度-季节平均温度变化,未明确,HGT频率增加,温度升高（夏季水温更高）→细菌生长促进→接合与转化频率增加→ARGs扩散迁移加速→HGT频率增加,"""It turns out that water temperature is an important factor that promotes the transformation of ARGs (Su et al., 2017). Higher temperature promotes the growth of bacteria, leading to the increasing frequency of conjugation and transformation between ARGs and bac-teria, which accelerates the diffusion and migration of ARGs (Guo et al., 2018; Son et al., 2018)."" (p.6, para.1)",2-观察性数据,Observational,2-间接数据支持,Indirect empirical support,1-促进AMR,Promoting AMR,2-观察累积,Observational cumulative/seasonal,2-自然环境,Natural environment,2026-01-06
EVID_136-M2,136,2,Liu (2023),Spatiotemporal distributions of sulfonamide and tetracycline resistance genes and microbial communities in the coastal areas of the Yangtze River Estuary,Results-p.6-para.2,2-Results+Discussion整合,Results and discussion integration,2-环境介导,Environment-mediated pathways,2d-水土理化性质,2d-水土理化性质,降水-季节模式改变,未明确,耐药基因丰度增加,夏季降水增加→径流增加→对河口水体产生稀释作用→ARGs相对富集降低；秋季低流量/低排放→稀释减弱→ARGs富集→耐药基因丰度增加,"""In the coastal areas of the Yangtze River Estuary, rainfall in summer increases the discharge of runoff, which has a dilutional effect on the water column of the estuarine environment, yet low water discharges in autumn may promote the enrichment of ARGs."" (p.6, para.2)",2-观察性数据,Observational,2-间接数据支持,Indirect empirical support,1-促进AMR,Promoting AMR,2-观察累积,Observational cumulative/seasonal,2-自然环境,Natural environment,2026-01-06
EVID_136-M3,136,3,Liu (2023),Spatiotemporal distributions of sulfonamide and tetracycline resistance genes and microbial communities in the coastal areas of the Yangtze River Estuary,Results-p.6-para.1,1-Results实验数据,Results,2-环境介导,Environment-mediated pathways,2d-水土理化性质,2d-水土理化性质,温度-季节平均温度变化,未明确,耐药基因丰度增加,温度升高→与多数ARGs呈正相关且与总ARGs显著正相关→ARGs丰度升高→耐药基因丰度增加,"""Spearman correlation analysis showed a positive correlation between temperature and most ARGs (sul1, tetM, tetC, tetX, tetO and intI1) and temperature had a significant positive correlation with total ARGs (P < 0.05)."" (p.6, para.1)",2-观察性数据,Observational,2-间接数据支持,Indirect empirical support,1-促进AMR,Promoting AMR,2-观察累积,Observational cumulative/seasonal,2-自然环境,Natural environment,2026-01-06
EVID_136-M4,136,4,Liu (2023),Spatiotemporal distributions of sulfonamide and tetracycline resistance genes and microbial communities in the coastal areas of the Yangtze River Estuary,Discussion-p.9-para.1,3-Discussion数据解释,Discussion interpretation,2-环境介导,Environment-mediated pathways,2d-水土理化性质,2d-水土理化性质,温度-季节平均温度变化,未明确,耐药基因丰度增加,温度升高+电导率升高→与多数ARGs显著正相关；pH与ARGs呈相反相关→环境理化条件改变→ARGs扩散/维持增强→耐药基因丰度增加,"""According to Fig. 5a, water temperature and conductivity were significantly positively correlated with most ARGs (P < 0.05), and the opposite correlation was observed for pH. This indicates that water temperature and conductivity are key influencing parameters governing the spread of ARGs."" (p.9, para.1)",2-观察性数据,Observational,2-间接数据支持,Indirect empirical support,1-促进AMR,Promoting AMR,2-观察累积,Observational cumulative/seasonal,2-自然环境,Natural environment,2026-01-06
EVID_136-M5,136,5,Liu (2023),Spatiotemporal distributions of sulfonamide and tetracycline resistance genes and microbial communities in the coastal areas of the Yangtze River Estuary,Discussion-p.9-para.2,3-Discussion数据解释,Discussion interpretation,2-环境介导,Environment-mediated pathways,2d-水土理化性质,2d-水土理化性质,温度-季节平均温度变化,未明确,耐药基因丰度增加,温度变化→与DO、pH共同构成关键环境因子→影响河口ARGs分布→耐药基因丰度增加,"""Temp, DO, and pH were the most important environmental factors influencing ARG distributions, as indicated by their longer projections on the RDA1 axis."" (p.9, para.2)",2-观察性数据,Observational,2-间接数据支持,Indirect empirical support,1-促进AMR,Promoting AMR,2-观察累积,Observational cumulative/seasonal,2-自然环境,Natural environment,2026-01-06
EVID_137-M1,137,1,Liu (2020),Spatial and seasonal variations of antibiotics and antibiotic resistance genes and ecological risks in the coral reef regions adjacent to two typical islands in South China Sea,Discussion (4.1)-p.6-para.2,3-Discussion数据解释,Discussion interpretation,3-生态社会介导,Socio-ecological mediation,3b-人用抗生素,3b-人用抗生素,降水-季节模式改变,,耐药基因丰度增加,降水季节性（wet season）→旅游旺季/游客↑→抗生素使用↑→近岸海水抗生素暴露压力↑→耐药选择压力↑/ARG潜在上升,"“Therefore, the higher concentrations of antibiotics detected in surface water adjacent to the island in the wet season is likely a result of antibiotic usage by tourists.” (p.6, para.2)",2-观察性数据,Observational,2-间接数据支持,Indirect empirical support,1-促进AMR,Promoting AMR,2-观察累积,Observational cumulative/seasonal,2-自然环境,Natural environment,2026-01-06
EVID_137-M2,137,2,Liu (2020),Spatial and seasonal variations of antibiotics and antibiotic resistance genes and ecological risks in the coral reef regions adjacent to two typical islands in South China Sea,Results (3.2)-p.3-para.2,1-Results实验数据,Results,3-生态社会介导,Socio-ecological mediation,3b-人用抗生素,3b-人用抗生素,降水-季节模式改变,,耐药基因丰度增加,降水季节性（wet season）→人类活动/旅游相关用药与排放↑→海水抗生素总浓度wet season显著↑→耐药选择压力↑→ARG丰度可能增加,"“For Wailingding Island, the total concentrations of antibiotics in surface water during the wet season were in the range of 127–441 ng/L, several times higher than those in the dry season (61.1–112 ng/L) (Fig. 2).” (p.3, para.2)",2-观察性数据,Observational,1-直接实验验证,Direct empirical support,1-促进AMR,Promoting AMR,2-观察累积,Observational cumulative/seasonal,2-自然环境,Natural environment,2026-01-06
EVID_137-M3,137,3,Liu (2020),Spatial and seasonal variations of antibiotics and antibiotic resistance genes and ecological risks in the coral reef regions adjacent to two typical islands in South China Sea,Results (3.3)-p.4-para.2,1-Results实验数据,Results,3-生态社会介导,Socio-ecological mediation,3g-其他社会介导,3d-2-基础设施与卫生系统,降水-季节模式改变,,耐药基因丰度增加,降水季节性（wet season）→（岛上）生活污水排放影响增强→近岸海水ARG总浓度wet season“数倍”升高→耐药基因丰度增加,"“For Wailingding Island, the total concentrations of ARGs in the surface water were several times higher in the wet season (1.46 × 106 to 1.33 × 107 copies/L) than those detected in the dry season (5.73 × 105 to 1.85 × 106 copies/L) (Fig. 3), probably due to the influence of domestic sewage from the island.” (p.4, para.2)",2-观察性数据,Observational,2-间接数据支持,Indirect empirical support,1-促进AMR,Promoting AMR,2-观察累积,Observational cumulative/seasonal,2-自然环境,Natural environment,2026-01-06
EVID_137-M4,137,4,Liu (2020),Spatial and seasonal variations of antibiotics and antibiotic resistance genes and ecological risks in the coral reef regions adjacent to two typical islands in South China Sea,Results (3.3)-p.4-para.3,1-Results实验数据,Results,2-环境介导,Environment-mediated pathways,2d-水土理化性质,2d-水土理化性质,降水-季节模式改变,,耐药基因丰度增加,降水季节性（wet season）→降雨带来稀释效应↑→近岸海水ARG水平wet season较低→耐药基因丰度下降/受抑制,"“Considering little effect of anthropogenic activities on this island, the different concentrations of ARGs between different seasons may be primarily due to the dilution effect of rainfall in the wet season.” (p.4, para.3)",2-观察性数据,Observational,2-间接数据支持,Indirect empirical support,2-抑制AMR,Suppressing AMR,2-观察累积,Observational cumulative/seasonal,2-自然环境,Natural environment,2026-01-06
EVID_137-M5,137,5,Liu (2020),Spatial and seasonal variations of antibiotics and antibiotic resistance genes and ecological risks in the coral reef regions adjacent to two typical islands in South China Sea,Results (3.4)-p.5-para.2,1-Results实验数据,Results,2-环境介导,Environment-mediated pathways,2d-水土理化性质,2d-水土理化性质,降水-季节模式改变,,耐药基因丰度增加,降水季节性（wet season）→淡水输入/盐度下降→ARG与盐度显著负相关→低盐度条件下ARG更高→耐药基因丰度增加,"“In the wet season, the significant variations in the concentrations of ARGs revealed by RDA was 89.2% (salinity, FF, CAP and DO), especially for salinity, the contribution up to 63.7% (Table S10). Except for cmlA, qnrA and qnrS, ARGs were negatively correlated with salinity (r = −0.76 to −0.65, p < 0.01 or p < 0.05, Fig. S2).” (p.5, para.2)",2-观察性数据,Observational,2-间接数据支持,Indirect empirical support,3-双向作用,Bidirectional or mixed,2-观察累积,Observational cumulative/seasonal,2-自然环境,Natural environment,2026-01-06
EVID_138-M1,138,1,Liu et al. (2023),Antibiotic resistant genes profile in the surface water of subtropical drinking water river-reservoir system,Results-p.6; Discussion-p.5-6,2-Results+Discussion整合,Results and discussion integration,1-生理生化,Direct biological mechanisms,1a-生长繁殖,1a-生长代谢,温度-升高 (湿季32°C vs 干季19°C),"表层水微生物(携带ARGs的细菌, 特别是Proteobacteria, Bacteroidetes, Actinobacteria)","湿季ARG总相对丰度(1.23×10^-2 - 1.71×10^-2)显著高于干季(1.00×10^-2 - 1.26×10^-2, P=0.018); 温度对ARG相对丰度有显著正向影响(标准化回归权重=1.447, P<0.05)","湿季水温较高(32°C) vs 干季水温较低(19°C) → 高温促进细菌生长速率 → 促进携带ARGs细菌的富集和繁殖速率 → 高温有利于ARGs的交换或游离遗传物质的吸收,促进ARGs水平转移 → 导致湿季ARG总相对丰度(1.23×10^-2 - 1.71×10^-2)显著高于干季(1.00×10^-2 - 1.26×10^-2, P=0.018)。One-way ANOVA和ANOSIM分析证实季节性变化对ARG相对丰度的影响显著大于空间变化(R=0.68, P<0.01)。SEM分析显示水温对ARG相对丰度有显著正向影响(标准化回归权重=1.447, P<0.05)。","In this study, although the average difference of water temperature between dry season and wet season was only 10 °C, there was the significant difference between both season in term of ARGs total relative abundance. This result meant that seasonal variation could affect ARGs abundance in the surface water of subtropical drinking water river-reservoir system, even if water temperature would not vary as dramatically as in temperate and cold regions. (Discussion-p.6); ""The phenomenon of increasing local temperature associating with increasing antibiotic resistance also been found in this study. The reason could be attributed to the following processes: Firstly, the higher temperature is conducive to the exchange of ARGs or the absorption of free genetic material, and thereby promote the horizontal transfer of ARGs; Secondly, the higher temperature is one of the most powerful regulatory factor of bacterial growth rate, which can lead to the enrichment and propagation rate of ARBs."" (Discussion-p.6); ""As shown in Fig. 6-A, with the exception of the R3 river, the total relative abundances of ARGs in others rivers and reservoir during wet season (1.23 × 10^-2 - 1.71 × 10^-2) exceeded those observed in dry season (1.00 × 10^-2 - 1.26 × 10^-2). One-way ANOVA result confirmed the difference between dry season group and wet season group reached the level of statistical significance (P = 0.018). Additionally, ANOSIM analysis result based on various individual ARG abundance revealed the significant heterogeneity of ARGs abundance between dry season group and wet season group (R = 0.68, P < 0.01), suggesting that seasonal variation exert a more profound influence on ARG relative abundance than geographical variations."" (Results-p.4); ""SEM analysis result (Fig. 7) showed that ammonia nitrogen concentration, TOC concentration, water temperature and pH level were the significant direct influence factors on the ARGs abundance (P < 0.05)... Standardized regression weights of ammonia nitrogen concentration, TOC concentration, water temperature and pH level were 0.700, 1.414, 1.447 and 1.727, respectively."" (Results-p.4)",2-观察性数据,Observational,1-直接数据支持,Direct empirical support,1-促进AMR,Promoting AMR,2-观察/累积,Observational cumulative/seasonal,2-自然环境,Natural environment,2025-12-22
EVID_138-M2,138,2,Liu et al. (2023),Antibiotic resistant genes profile in the surface water of subtropical drinking water river-reservoir system,Results-p.3-4; Discussion-p.5,2-Results+Discussion整合,Results and discussion integration,2-环境介导,Environment-mediated pathways,2e-可移动遗传元件,2e-可移动遗传元件,温度-升高 (湿季32°C vs 干季19°C),"表层水微生物(携带ARGs的细菌, 特别是Proteobacteria, Bacteroidetes, Actinobacteria)",湿季主导ARG(adeF)通过水平基因转移在优势宿主菌(Proteobacteria)中广泛传播; 干季主导ARG(TEM-116)通过内源性抗生素合成途径(青霉素和头孢菌素合成)产生,"湿季高温(32°C) → 促进细菌间ARGs交换或游离遗传物质吸收 → 促进ARGs水平基因转移(HGT) → 主导ARG(adeF, 喹诺酮类耐药基因)在优势宿主菌(Proteobacteria)中广泛传播(相对丰度3.42×10^-4 - 3.87×10^-3),adeF在湿季占比17%-23%,占据最高比例。干季特异性抗生素合成途径(青霉素和头孢菌素合成, 蓝色标签, Fig. 8) → 影响β-内酰胺酶耐药性 → 主导ARG(TEM-116, β-内酰胺酶耐药基因)在干季显著富集(相对丰度2.14×10^-4 - 1.89×10^-3),但在湿季未检测到,TEM-116在干季R1和R3河流中占比19%和10%。湿季特异性抗生素合成途径(紫绀蓝素合成, 紫色标签, Fig. 8) → 影响喹诺酮类耐药性 → adeF作为湿季主导ARG与该途径一致。","Antibiotic-resistant genes demonstrated obvious enrichment in the drinking water river-reservoir system... Therefore, interspecific and intraspecific horizontal gene transfer may serve as the principal driving mechanisms, and this hypothesis could be supported by the observed ARB community structure... In this study, metagenomic assembly-based host-tracking analysis revealed the obvious higher ARBs proportions in Proteobacteria, Bacteroidetes and Actinobacteria compared to other phyla. These species as the typical bacterial communities in natural aquatic environment implied that ARGs in drinking water river-reservoir system have the higher potential amplification capacity by horizontal gene transfer. Indeed, the dominated ARBs in the different samples showed the similar variation tendency with dominated ARGs in this study. (Discussion-p.5); ""In addition, attention should also be directed towards the role of antibiotic biosynthesis in modulating innate microbial resistance. As shown in Fig. 8, although biosynthesis pathways for macrolides and tetracyclines were absent in the system, Pyocyanine biosynthesis (purple label) and Penicillin and Cephalosporin biosynthesis (blue label) that affect quinolones resistance and β-lactamases were found to be the specific pathways in wet season group and dry season group, respectively. Meanwhile, the corresponding β-lactamases ARG (TEM-116) and quinolone ARG (adeF) as the dominated ARG in the both groups showed the similar existing characteristics. Above findings revealed the influence of bacterial endogenous resistance on the formation of dominated ARGs and confirmed that the ARGs distribution pattern in the target system may be attributed to autologous evolution."" (Discussion-p.5); ""As shown in Fig. 2-B, the results indicated that the similarity of dominated ARGs in wet season was higher than those in dry season. In wet season, except for ErmG was the dominated gene in R1 river (10%), adeF occupied the highest proportion in R2-R5 rivers and reservoir (17%–23%). In dry season, TEM-116 dominated the ARG profile in R1 (19%) and R3 (10%) rivers."" (Results-p.3)",2-观察性数据,Observational,1-直接数据支持,Direct empirical support,1-促进AMR,Promoting AMR,2-观察/累积,Observational cumulative/seasonal,2-自然环境,Natural environment,2025-12-22
EVID_138-M3,138,3,Liu et al. (2023),Antibiotic resistant genes profile in the surface water of subtropical drinking water river-reservoir system,Results-p.3-4; Discussion-p.5-6,2-Results+Discussion整合,Results and discussion integration,1-直接生物学效应,Direct biological mechanisms,2f-耐药机制,1c-水平基因转移；2a-微生物群落,温度-升高 (湿季32°C vs 干季19°C),表层水微生物(携带ARGs的细菌),"湿季主导耐药机制为抗生素外排(45%-60%),干季主导耐药机制为抗生素失活(37%-52%)","湿季水温较高(32°C) → 增强微生物群体感应信号(quorum sensing signals) → 促进外排泵基因转移 → 导致湿季主导耐药机制为抗生素外排(45%-60%),次要机制为靶标改变(22%)和抗生素失活(29%)。干季水温较低(19°C) → 微生物群体感应信号减弱 → 外排泵系统比例降低 → 导致干季主导耐药机制为抗生素失活(37%-52%),次要机制为抗生素外排(33%-44%)和靶标改变(21%-43%)。TOC浓度对抗生素外排机制比例有显著负相关(R=-0.90, P<0.01),因为低TOC浓度下外排泵过表达会增加微生物抗生素耐药性的适应度成本(fitness cost),不利于微生物存活和富集。","Antibiotic resistance mechanism generally showed the obvious difference between wet season and dry season. In this study, antibiotic efflux showed the higher proportion in wet season than in dry season. Combined with the change of water temperature, it could be found that the higher water temperature improved the proportion of antibiotic efflux mechanism and weaken the role degree of target alteration and inactivation mechanism. The reason for this phenomenon was that the efflux pump system of bacteria commonly involved in the transport of quorum sensing signals, thereby the enhancement of microbial quorum sensing signals under the higher temperature of wet season is conducive to the transfer of efflux ARGs. (Discussion-p.6); ""The results indicated that antibiotic efflux emerged as the predominant resistance pathway in the all samples from wet season (45%–60%), yet the secondary resistance mechanism between the comprehensive river system and reservoir system showed the obvious difference. Antibiotic target alteration and antibiotic inactivation were secondary resistance mechanism of both systems, which account for 22% and 29% of contribution proportions, respectively. In dry season, the dominated resistance mechanism in R1-R3 rivers and reservoir was antibiotic inactivation (37%–52%), and that in R4 and R5 rivers was antibiotic efflux (44%) and antibiotic target alteration (43%), respectively."" (Results-p.3-4); ""Pearson correlation analysis indicated that TOC concentration showed a significant influence on antibiotic efflux mechanism proportion (R = −0.90; P < 0.01). This result was similar to the found by Lin et al. (2019) who study efflux pump-mediated ciprofloxacin resistance in drinking water under the low nutrient levels. Generally, the overexpression of microbial efflux pump would increase the fitness cost of microbial antibiotic resistance under the condition with the lower TOC concentration, which was not conducive to the survival and enrichment of microorganisms."" (Discussion-p.6)",2-观察性数据,Observational,1-直接数据支持,Direct empirical support,1-促进AMR (湿季外排机制),Promoting AMR,2-观察/累积,Observational cumulative/seasonal,2-自然环境,Natural environment,2025-12-22
EVID_138-M4,138,4,Liu et al. (2023),Antibiotic resistant genes profile in the surface water of subtropical drinking water river-reservoir system,Results-p.4; Discussion-p.6-7,2-Results+Discussion整合,Results and discussion integration,2-环境介导,Environment-mediated pathways,2b-生态承载力,2d-水土理化性质,温度-变化 (季节性); 营养盐浓度-变化,表层水微生物(携带ARGs的细菌),"TOC和氨氮浓度对ARG相对丰度有显著正向影响(标准化回归权重分别为1.414和0.700, P<0.05); pH对ARG相对丰度有显著正向影响(标准化回归权重=1.727, P<0.05)","TOC和氨氮浓度升高 → 为异养细菌(如Bacteroidetes和Actinobacteria, 在宿主菌中占高比例)提供丰富能量 → 保证ARG重组过程中的能量合成成本 → 促进ARG相对丰度增加。在目标河库系统中,异养细菌携带ARGs的比例明显高于自养细菌(如Nitrospirae和Cyanobacteria),TOC对ARG丰度的标准化回归权重(1.414)明显高于氨氮(0.700),提示在低人为污染负荷的亚热带河库系统中,营养盐主要通过提供丰富能量促进细菌耐药性,而不是通过增加细菌繁殖能力(受水温影响)。硝酸盐氮浓度(目标系统主导氮形式)与ARG相对丰度无显著关系,因为在DO浓度较高的表层水中硝酸盐不能参与细菌能量代谢。pH对ARG相对丰度有显著正向影响(标准化回归权重=1.727, P<0.05),但其直接影响权重可能被TOC和DO浓度的潜在间接影响放大。","The concentrations of TOC and ammonia nitrogen in the surface water showed the positive influence on ARGs relative abundances, aligning with findings from other freshwater environments. Based on the coping cost theory, the enhancing role of nutrient in ARGs abundance was mainly attributed to increasing the bacterial reproductive capacity under eutrophic conditions that can reduce the host health crisis costs during ARG recombination, and abundant electron donors guaranteeing the synthesis energy cost. In the target river-reservoir system of this study, the heterotrophic bacteria carrying ARGs (such as Bacteroidetes and Actinobacteria) showed the higher proportion than the autotrophic bacteria (such as Nitrospirae and Cyanobacteria), and the standardized regression weight of TOC on the ARGs abundance was obvious higher than ammonia nitrogen. Combining the above results, this study concluded that in the subtropical river-reservoir system with low man-made pollution loading, the nutrients mainly promoted bacterial resistance by providing abundant energy, rather than increasing bacterial reproductive capacity that was affected by water temperature. This found could be proved by the non-significant relationship between ARGs relative abundance and nitrate nitrogen concentration that was the dominated nitrogen form in target system, due to nitrate cannot involve in the bacterial energy metabolism in the surface water with higher DO concentration. (Discussion-p.6-7); ""SEM analysis result (Fig. 7) showed that ammonia nitrogen concentration, TOC concentration, water temperature and pH level were the significant direct influence factors on the ARGs abundance (P < 0.05)... Standardized regression weights of ammonia nitrogen concentration, TOC concentration, water temperature and pH level were 0.700, 1.414, 1.447 and 1.727, respectively, which meant pH level was the most important factors. However, given the significant relationships among the different environmental factors, the direct influence weight of pH level on ARGs relative abundance might be amplified by potential indirect effects stemming from TOC and DO concentrations."" (Results-p.4)",2-观察性数据,Observational,1-直接数据支持,Direct empirical support,1-促进AMR,Promoting AMR,2-观察/累积,Observational cumulative/seasonal,2-自然环境,Natural environment,2025-12-22
EVID_138-M5,138,5,Liu et al. (2023),Antibiotic resistant genes profile in the surface water of subtropical drinking water river-reservoir system,Results-p.2-3; Discussion-p.5,2-Results+Discussion整合,Results and discussion integration,2-环境介导,Environment-mediated pathways,2a-微生物群落,2d-水土理化性质,温度-变化 (季节性),"表层水微生物(Proteobacteria, Bacteroidetes, Actinobacteria)","优势ARB在不同样点的变化趋势与主导ARG相似; Proteobacteria, Bacteroidetes和Actinobacteria在门水平上携带大多数ARGs,分别占74%, 37%和35%","季节性温度和营养盐浓度变化 → 影响不同细菌群落的生长和ARGs水平转移能力 → 优势ARB(如Proteobacteria, Bacteroidetes, Actinobacteria)作为天然水生环境中的典型细菌群落,具有更高的ARGs水平转移扩增能力 → 导致优势ARB在不同样点的变化趋势与主导ARG相似。湿季Proteobacteria是R2-R5河流和水库的优势ARB(占物种丰度32%-74%),而R1河流的优势ARB为Actinobacteria; 干季Proteobacteria在R1河流(19%)和R4河流(25%)中占最高比例,Actinobacteria在R2-R3河流和水库(RE)中占最高比例(22%, 37%, 28%),Bacteroidetes在R5河流中携带大多数ARGs(35%)。","In this study, metagenomic assembly-based host-tracking analysis revealed the obvious higher ARBs proportions in Proteobacteria, Bacteroidetes and Actinobacteria compared to other phyla. These species as the typical bacterial communities in natural aquatic environment implied that ARGs in drinking water river-reservoir system have the higher potential amplification capacity by horizontal gene transfer. Indeed, the dominated ARBs in the different samples showed the similar variation tendency with dominated ARGs in this study. (Discussion-p.5); ""The host analysis results indicated the 63%–99% of the detected ARGs could be taxonomically annotated bacteria in different samples, and the identified bacterial hosts at phylum level account for 49%–88%. The dominated ARBs in the different samples showed the similar variation tendency with dominated ARGs, namely the similarity of dominated ARBs in wet season was higher than in dry season. In wet season, Proteobacteria emerged as the dominant ARBs, accounting for 32%–74% of species abundance in the R2-R5 rivers and reservoir, while most ARBs in R1 river was classified into Actinobacteria. In dry season, Proteobacteria occupied the highest proportion in the R1 river (19%) and R4 river (25%); Actinobacteria accounting for 22%, 37% and 28% of the total identified hosts in R2-R3 rivers and reservoir (RE), respectively, were identified as the major ARBs of the three sites; while Bacteroidetes harbored most of ARGs in R5 river (35%)."" (Results-p.2-3)",2-观察性数据,Observational,1-直接数据支持,Direct empirical support,1-促进AMR,Promoting AMR,2-观察/累积,Observational cumulative/seasonal,2-自然环境,Natural environment,2025-12-22
EVID_138-M6,138,6,Liu et al. (2023),Antibiotic resistant genes profile in the surface water of subtropical drinking water river-reservoir system,Results-p.2; Discussion-p.5,2-Results+Discussion整合,Results and discussion integration,2-环境介导,Environment-mediated pathways,2e-可移动遗传元件,2e-可移动遗传元件,温度-变化 (季节性); 亚硝酸盐氮浓度-变化,表层水微生物(携带ARGs的细菌),"亚硝酸盐氮浓度对ARG检测数量有显著影响(P<0.01),贡献48.7%的ARG多样性变化; 湿季和干季ARG检测数量无显著差异(湿季162 vs 干季150)","亚硝酸盐氮浓度升高 → 对微生物产生生物毒性应激 → 诱导转座子和插入序列的迁移 → 促进ARGs水平转移 → 提高ARG多样性。RDA结果显示亚硝酸盐氮浓度对ARG检测数量有显著影响(P<0.01),贡献48.7%的ARG多样性变化。然而,湿季和干季ARG检测数量无显著差异(湿季162 vs 干季150),且单个样点ARG检测数量在不同季节呈现不一致变化(如D-R2为161, W-R2为114; W-R3为163, D-R3为133; W-R5为137, D-R5为89),提示随机过程主导ARG多样性变化,但确定性过程(如亚硝酸盐氮浓度)也能部分解释ARG多样性变化。","In this study, ARGs detected number was not affected by the seasonal variation, the similar result also be found in the Yellow River basin, and stochastic processes dominated the ARGs transference may be the main reason. However, the significant influence of nitrite nitrogen concentration on the detected number of ARGs implied that the deterministic processes also could partly explain the ARGs diversity variation. Nitrite nitrogen enhancing ARGs diversity may be related to its toxic stress on microorganisms, because the biotoxic stress has been shown to induce the migration of transposons and insertion sequences, which have significant positive influence on the horizontal transfer of ARGs. (Discussion-p.5); ""The detected number of the ARGs in the surface water of river-reservoir system from both seasons was shown in Fig. 2-A. The result indicated that a total of 440 ARGs were detected in the samples, with the number of ARGs at individual sites ranging from 89 to 172. Although the total ARGs detected number of the target river-reservoir system in wet season (162) was higher than in dry season (150), this overarching trend was not uniformly reflected across all individual sites. For example, the detected number of ARGs at the R2 river in dry season (D-R2, 161) was higher than in wet season (W-R2, 114), and the ARGs diversities at W-R3 (163) and W-R5 (137) sites exceeded those at D-R3 (133) and D-R5 (89) sites."" (Results-p.2); ""Based on the above environmental factors, RDA result indicated that the concentrations of nitrite nitrogen and TOC were significant factors explaining the detected number of ARGs (P < 0.01) and various resistance mechanism proportions (P < 0.01), which contributed 48.7% and 61.1% of the ARGs diversity variation, respectively."" (Results-p.4)",2-观察性数据,Observational,1-直接数据支持,Direct empirical support,1-促进AMR (ARG多样性),Promoting AMR,2-观察/累积,Observational cumulative/seasonal,2-自然环境,Natural environment,2025-12-22
EVID_139-M1,139,1,Liang et al. (2015),"Serotypes, seasonal trends, and antibiotic resistance of non-typhoidal Salmonella from human patients in Guangdong Province, China, 2009–2012",Results-p.2-3,2-Results,Results,1-直接生物学效应,Direct biological mechanisms,1a-生长繁殖,1a-生长代谢,"温度-升高; 湿度-升高 (春季3月至5月, 夏季6月至8月, 秋季9月至11月)","非伤寒沙门氏菌(NTS, 特别是S. Typhimurium, S. serotype 4,5,12:i:-, S. Enteritidis, S. Stanley)","秋季NTS分离率最高(38.8%, 708/1826), 冬季最低(6.4%, 117/1826); 2011年9月分离率最高(10%, 83/817)","广东省3月至10月处于高温高湿时段 → 与沙门氏菌在食物、水和环境中的较高检出相一致 → 观察到秋季(9-11月)NTS分离率最高(38.8%, 708/1826),其次为夏季(37%, 680/1826占总病例数),2011年9月分离率最高(10%, 83/817); 冬季(12-2月)分离率最低(6.4%, 117/1826),2009年12月最低(0.8%, 7/861)。春季分离率3.5%(261/7,488),夏季6.4%(680/10,594),秋季5.4%(708/13,039),冬季1.9%(177/9,451)。","Guangdong Province is a subtropical area in south China, with a season of high temperatures and humidity from March to October. (Background-p.2); ""The isolation rate in spring was 3.5% (261/7,488), 6.4% (680/10594) in summer, 5.4% (708/13,039) in autumn and 1.9% (177/9,451) in winter. The isolation rate was highest in September 2011 (10%, 83/817) and lowest in December, 2009 (0.8%, 7/861). Infections occurring in autumn accounted for 39% of all NTS cases followed by 37% in summer."" (Results-p.2-3)",2-观察性数据,Observational,1-直接数据支持,Direct empirical support,1-促进AMR (通过促进沙门氏菌生长和传播),Promoting AMR,2-观察/累积,Observational cumulative/seasonal,2-自然环境,Natural environment,2025-12-22
EVID_139-M2,139,2,Liang et al. (2015),"Serotypes, seasonal trends, and antibiotic resistance of non-typhoidal Salmonella from human patients in Guangdong Province, China, 2009–2012",Results-p.3; Table 1,2-Results,Results,1-直接生物学效应,Direct biological mechanisms,2a-微生物群落,1a-生长代谢,温度-变化 (季节性),"非伤寒沙门氏菌(NTS, 不同血清型如S. Typhimurium, S. serotype 4,5,12:i:-, S. Enteritidis, S. Stanley)","不同血清型的季节性分布模式不同; S. Typhimurium在秋季占比最高(30%, 213/708), S. Enteritidis在春季占比最高(16%, 41/261)","季节性温度和湿度变化 → 不同血清型的检出比例随季节而变化 → 观察到不同血清型呈现不同季节性分布模式。例如,S. Typhimurium在秋季占比最高(30%, 213/708),春季占比38%(100/261),夏季27%(184/680),冬季30%(53/117); S. Enteritidis在春季占比16%(41/261),夏季13%(88/680),秋季12%(88/708),冬季16%(28/117); S. Stanley在秋季占比最高(14%, 96/708),其次为春季8.8%(23/261),夏季8.7%(59/680),冬季6.2%(11/117)。","A total of 108 serotypes were identified among the isolates. S. Typhimurium represented the most common serotype followed by serotype 4,5,12:i:-. S. Typhimurium was also the common serotype followed by S. Enteritidis among infants and children aged 1-3 years old. However, S. Enteritidis became the common serotype followed by S. Typhimurium among children aged 3–5 and >5 years. (Results-p.3); Table 1 shows seasonal distribution of different serotypes: ""Spring: Typhimurium 100 (38%), 4,5,12:i:- 35 (13%), Enteritidis 41 (16%), Stanley 23 (8.8%); Summer: Typhimurium 184 (27%), 4,5,12:i:- 111 (16%), Enteritidis 88 (13%), Stanley 59 (8.7%); Autumn: Typhimurium 213 (30%), 4,5,12:i:- 87 (12%), Enteritidis 88 (12%), Stanley 96 (14%); Winter: Typhimurium 53 (30%), 4,5,12:i:- 21 (12%), Enteritidis 28 (16%), Stanley 11 (6.2%)."" (Table 1)",2-观察性数据,Observational,1-直接数据支持,Direct empirical support,1-促进AMR (不同血清型季节性变化),Promoting AMR,2-观察/累积,Observational cumulative/seasonal,2-自然环境,Natural environment,2025-12-22
EVID_139-M3,139,3,Liang et al. (2015),"Serotypes, seasonal trends, and antibiotic resistance of non-typhoidal Salmonella from human patients in Guangdong Province, China, 2009–2012",Results-p.3; Discussion-p.6,2-Results+Discussion整合,Results and discussion integration,3-生态社会介导,Socio-ecological mediation,3a-农业实践,3f-农业实践,温度-升高; 湿度-升高 (季节性),"非伤寒沙门氏菌(NTS, 特别是S. Typhimurium, S. serotype 4,5,12:i:-)","S. serotype 4,5,12:i:-占比从2009年3.6%增至2011年20%,成为最常见血清型之一; 与猪肉相关的食源性感染增加","欧洲资料显示S. serotype 4,5,12:i:-与猪肉相关食源性感染增加有关 → 广东省S. serotype 4,5,12:i:-占比从2009年3.6%增至2011年20%(2012年为15%) → 文中讨论猪肉生产和消费相关的农业实践及高温高湿季节可能与该血清型传播有关。","Salmonella serotype 4,5,12:i:- is considered a monophasic variant of serotype Typhimurium with similar antigenic and genotypic characteristics. In our study, the percentage of S. serotype 4,5,12:i:- increased from 3.6% in 2009 to 20% in 2011 and down to 15% in 2012, becoming one of the most common Salmonella serotypes in Guangdong. In Europe, S. serotype 4,5,12:i:- showed a marked increase in foodborne infections with an association in pig meat. This serotype has also been recognized as an emerging cause of infection in other countries in the world. (Discussion-p.6); ""Guangdong Province is a subtropical area in south China, with a season of high temperatures and humidity from March to October."" (Background-p.2)",2-观察性数据,Observational,2-间接数据支持 (引用文献),Indirect empirical support,1-促进AMR,Promoting AMR,2-观察/累积,Observational cumulative/seasonal,2-自然环境,Natural environment,2025-12-22
EVID_139-M4,139,4,Liang et al. (2015),"Serotypes, seasonal trends, and antibiotic resistance of non-typhoidal Salmonella from human patients in Guangdong Province, China, 2009–2012",Results-p.4-5; Table 2; Figure 1,2-Results,Results,3-生态社会介导,Socio-ecological mediation,3b-医疗实践,3b-人用抗生素；3c-兽用抗生素,温度-变化 (季节性),"非伤寒沙门氏菌(NTS, 特别是S. Typhimurium, S. serotype 4,5,12:i:-)",总体耐药率从2009年逐年上升至2012年; 环丙沙星耐药率从2009年2.4%增至2012年12%; <5岁儿童对头孢菌素耐药率显著高于≥5岁患者,"环境、临床和兽医抗生素使用背景 → 与沙门氏菌耐药率上升相对应 → 观察到总体耐药率从2009年逐年上升至2012年(Figure 1),其中环丙沙星耐药率从2009年2.4%增至2012年12%。<5岁儿童对头孢菌素(cefepime, cefotaxime, ceftazidime)的耐药率分别为12%, 12%, 8.5%,高于≥5岁患者的4.7%, 5.5%, 4.5%(p<0.01); 文中同时讨论儿童头孢使用背景可能与该差异有关。","Increasing antimicrobial resistance was observed in this study, especially to the conventional first-line agents, such as β-lactam antibiotics and quinolones... Drug resistance in China is likely multifaceted, with resistant isolates selected after environmental, clinical and veterinary antibiotic exposures. Further investigations exploring the emergence of resistant NTS isolates are required to control this public health problem. (Discussion-p.6); ""The overall resistance rate to ciprofloxacin increased from 2.4% in 2009 to 12% in 2012 (Figure 1)... Among children <5 years, isolates resistant to cefepime, cefotaxime and caftazidime accounted for 12%, 12% and 8.5% while the resistance rate in patients ≥5 years was 4.7%, 5.5%, and 4.5%, respectively. The resistance rate to cefepime (P < 0.01) and cefotaxime (P < 0.01) was higher in children <5 years than in patients >5 years."" (Results-p.5)",2-观察性数据,Observational,1-直接数据支持,Direct empirical support,1-促进AMR,Promoting AMR,2-观察/累积,Observational cumulative/seasonal,3-人造环境,Built or engineered environment,2025-12-22
EVID_139-M5,139,5,Liang et al. (2015),"Serotypes, seasonal trends, and antibiotic resistance of non-typhoidal Salmonella from human patients in Guangdong Province, China, 2009–2012",Results-p.5; Table 2,2-Results,Results,3-生态社会介导,Socio-ecological mediation,3b-医疗实践,3b-人用抗生素,温度-变化 (季节性),"非伤寒沙门氏菌(NTS, 特别是S. Typhimurium, S. serotype 4,5,12:i:-)","<5岁儿童对三种头孢菌素全部耐药的占比为90%(89/99); ACSSuT耐药模式在<5岁儿童中占比27%(412/1,502),显著高于≥5岁患者的16%(33/209, p<0.01)","儿童治疗中的头孢菌素使用背景 → 与儿童分离株中较高的头孢耐药比例及ACSSuT模式占比相对应 → 观察到<5岁儿童对三种头孢菌素(cefepime, cefotaxime, ceftazidime)全部耐药的占比为90%(89/99),其中S. Typhimurium占46%(45/99)。ACSSuT耐药模式(对氨苄西林、氯霉素、链霉素、磺胺甲噁唑、四环素全部耐药)在<5岁儿童中占比27%(412/1,502),高于≥5岁患者的16%(33/209, p<0.01),且该耐药模式与S. Typhimurium和S. serotype 4,5,12:i:-相关(p<0.01)。","Resistance to all three cephalosporin antimicrobials (cefepime, cefotaxime, and caftazidime) in <5 yr age group was accounted for 90% (89/99)... Resistance to all three cephalosporin antimicrobials was seen in 99 isolates, of which patients <5 years accounted for 90% (89/99) and S. Typhimurium accounted for 46% (45/99). (Abstract & Results-p.5); ""In this study, 473 NTS isolates showed the ACSSuT resistance pattern. S. Typhimurium accounted for 60% (284/473) followed by S. serotype 4,5,12:i:- (21%, 101/473). This resistance pattern was significantly associated with infection by S. Typhimurium and S. serotype 4,5,12:i:- compared to other serotypes (P< 0.01). Children aged < 5 years accounted for 27% (412/1,502) of NTS isolates with the ACSSuT pattern, while there were only 16% (33/209) patients aged ≥5 years had this pattern (P< 0.01)."" (Results-p.5)",2-观察性数据,Observational,1-直接数据支持,Direct empirical support,1-促进AMR,Promoting AMR,2-观察/累积,Observational cumulative/seasonal,3-人造环境,Built or engineered environment,2025-12-22
EVID_139-M6,139,6,Liang et al. (2015),"Serotypes, seasonal trends, and antibiotic resistance of non-typhoidal Salmonella from human patients in Guangdong Province, China, 2009–2012",Results-p.5; Table 2,2-Results,Results,3-生态社会介导,Socio-ecological mediation,3b-医疗实践,3b-人用抗生素,温度-变化 (季节性),"非伤寒沙门氏菌(NTS, 特别是S. Typhimurium, S. serotype 4,5,12:i:-, S. Enteritidis)","萘啶酸耐药率为58%(1,062/1,826); 环丙沙星耐药率为8.5%(155/1,826); S. Typhimurium, S. serotype 4,5,12:i:-, S. Enteritidis占萘啶酸耐药株的79%(843/1,062); S. Typhimurium占环丙沙星耐药株的41%(64/155)","成人侵袭性沙门氏菌病治疗中的喹诺酮使用背景 → 与萘啶酸和环丙沙星耐药检出及其时间变化相对应 → 观察到萘啶酸耐药率为58%(1,062/1,826),环丙沙星耐药率为8.5%(155/1,826),且环丙沙星耐药率从2009年2.4%增至2012年12%(Figure 1)。S. Typhimurium、S. serotype 4,5,12:i:-、S. Enteritidis占萘啶酸耐药株的79%(843/1,062),其中S. Typhimurium占环丙沙星耐药株的41%(64/155),其次为S. serotype 4,5,12:i:-(19%, 30/155)。","A high prevalence of nalidixic acid resistance was observed (58%; 1,062/1,826) in the NTS isolates. A total of 155 isolates (8.5%, 155/1826) were resistant to ciprofloxacin. The overall resistance rate to ciprofloxacin increased from 2.4% in 2009 to 12% in 2012 (Figure 1). S. Typhimurium, S. serotype 4,5,12:i:- and S. Enteritidis accounted for 843 out of the 1,062 resistant isolates (79%). Isolates of S. Typhimurium made up 41% (64/155) of the ciprofloxacin-resistant isolates, followed by S. serotype 4,5,12:i:- (19%, 30/155). (Results-p.5); ""Nalidixic acid susceptibility testing has been recommended by CLSI before using ciprofloxacin for treatment, as isolates resistant to nalidixic acid are probably resistant to ciprofloxacin."" (Discussion-p.7)",2-观察性数据,Observational,1-直接数据支持,Direct empirical support,1-促进AMR,Promoting AMR,2-观察/累积,Observational cumulative/seasonal,3-人造环境,Built or engineered environment,2025-12-22
EVID_139-M7,139,7,Liang et al. (2015),"Serotypes, seasonal trends, and antibiotic resistance of non-typhoidal Salmonella from human patients in Guangdong Province, China, 2009–2012",Results-p.5; Table 2,2-Results,Results,3-生态社会介导,Socio-ecological mediation,3b-医疗实践,3b-人用抗生素；3c-兽用抗生素,温度-变化 (季节性),"非伤寒沙门氏菌(NTS, 特别是S. Typhimurium, S. serotype 4,5,12:i:-)","多重耐药率(MDR, 对≥3类抗生素耐药)为63%(1,156/1,826); 对全部12种抗生素耐药的为8株(0.44%, 8/1,826); S. Typhimurium和S. serotype 4,5,12:i:-泛敏感性率很低(分别为1.5%和0.8%)","环境、临床和兽医抗生素的多方面使用背景 → 与多重耐药菌株较高比例相对应 → 观察到多重耐药率(MDR, 对≥3类抗生素耐药)为63%(1,156/1,826),其中S. Typhimurium占36%(418/1,156),其次为S. serotype 4,5,12:i:-(18%, 206/1,156)和S. Enteritidis(13%, 150/1,156)。对全部12种抗生素耐药的为8株(0.44%, 8/1,826, 其中6株S. Typhimurium, 1株S. serotype 4,5,12:i:-, 1株Duisburg)。S. Typhimurium和S. serotype 4,5,12:i:-泛敏感性率分别为1.5%和0.8%,S. Weltevreden和S. Stanley分别为47%和31%。","Resistance to at least one antimicrobial was found in 72% (1321/1,826) of the isolates. Resistance to at least three antimicrobials was found in 46% (850/1,826) of the isolates. Resistance to all 12 antimicrobials screened was observed in 8 isolates (0.44%, 8/1,826). (Abstract); ""A rate of 63% (1156/1826) MDR was observed in NTS isolates in this study, with S. Typhimurium isolates accounting for 36% (418/1156) followed by S. serotype 4,5,12:i:- (18%, 206/1156) and S. Enteritidis (13%, 150/1156)... Resistance to all 12 antimicrobials screened as part of this surveillance project was observed in 8 isolates (6 S. Typhimurium, a single S. serotype 4,5,12:i:- and a single Duisburg)."" (Results-p.5); ""A total of 168 (9.2%) of the 1,826 NTS isolates were susceptible to all 12 antimicrobials (9.2%). S. Weltevreden showed a high rate of pan-susceptibility to antimicrobials (47%, 18/38), followed by S. Stanley (31%, 58/189). However, very few S. Typhimurium (1.5%; 8/550) and S. serotype 4,5,12:i:- (0.8%, 2/254) isolates were pan-susceptible."" (Results-p.4)",2-观察性数据,Observational,1-直接数据支持,Direct empirical support,1-促进AMR,Promoting AMR,2-观察/累积,Observational cumulative/seasonal,3-人造环境,Built or engineered environment,2025-12-22
EVID_140-M1,140,1,Liang et al. (2020),Spatial and seasonal variations of antibiotic resistance genes and antibiotics in the surface waters of Poyang Lake in China,Results and discussions-p.5-para.3,2-Results+Discussion整合,Results and discussion integration,2-环境介导,Environment-mediated pathways,2f-其他环境介导,2c-水文条件,降水-干旱,水体微生物耐药组（ARGs：sul1/sul2/tetA等）,耐药基因丰度增加,降水-干旱（枯水期）→湖泊面积/水量下降，水体中ARG相对浓集→观察到枯水期ARG绝对/相对水平较高,"“Hydrodynamic conditions could have been the primary factors influencing the transport and dispersal of ARGs in the lake. During the dry season, the total surface area of Poyang Lake usually decreases from 3000 km2 to less than 1000 km2 (Gao and Fang, 2013), which also potentially concentrated the ARGs in the water column.” (p.5, para.3)",2-观察性数据,Observational,2-间接数据支持,Indirect empirical support,1-促进AMR,Promoting AMR,2-观察累积,Observational cumulative/seasonal,2-自然环境,Natural environment,2026-01-06
EVID_140-M2,140,2,Liang et al. (2020),Spatial and seasonal variations of antibiotic resistance genes and antibiotics in the surface waters of Poyang Lake in China,Results and discussions-p.5-para.3,2-Results+Discussion整合,Results and discussion integration,2-环境介导,Environment-mediated pathways,2d-水土理化性质,2d-水土理化性质,温度-季节平均温度变化,水体微生物耐药组（ARGs：sul1/sul2/tetA等）,耐药基因丰度增加,温度-季节平均温度变化（枯水期较低温）→ARGs及携带ARG的微生物衰减减弱→观察到枯水期ARG水平较高,"“Additionally, the low temperature during the dry season might have negatively affected the attenuation of ARGs (Pei et al., 2007), since the microbial species carrying ARGs having more advantages in adverse environments including low temperature conditions (Miller et al., 2014; Fang et al., 2017).” (p.5, para.3)",2-观察性数据,Observational,2-间接数据支持,Indirect empirical support,1-促进AMR,Promoting AMR,2-观察累积,Observational cumulative/seasonal,2-自然环境,Natural environment,2026-01-06
EVID_140-M3,140,3,Liang et al. (2020),Spatial and seasonal variations of antibiotic resistance genes and antibiotics in the surface waters of Poyang Lake in China,Results and discussions-p.5-para.3,2-Results+Discussion整合,Results and discussion integration,2-环境介导,Environment-mediated pathways,2d-水土理化性质,2d-水土理化性质,降水-干旱,水体微生物耐药组（ARGs：sul1/sul2/tetA等）,耐药基因丰度增加,降水-干旱（枯水期）→污染物在水环境中浓度升高（重金属/POPs/营养盐等）→与ARG被选择或维持相一致→观察到耐药基因丰度增加,"“Moreover, the selection for ARGs might be also initiated by the increased concentration of pollutants (e.g., heavy metals, persistent organic pollutants, and nutrients) in the aquatic environment during the dry season (Liang et al., 2013; He et al., 2014).” (p.5, para.3)",2-观察性数据,Observational,2-间接数据支持,Indirect empirical support,1-促进AMR,Promoting AMR,2-观察累积,Observational cumulative/seasonal,2-自然环境,Natural environment,2026-01-06
EVID_140-M4,140,4,Liang et al. (2020),Spatial and seasonal variations of antibiotic resistance genes and antibiotics in the surface waters of Poyang Lake in China,Results and discussions-p.5-para.6,2-Results+Discussion整合,Results and discussion integration,2-环境介导,Environment-mediated pathways,2b-抗生素残留,2c-水文条件；2b-抗生素残留,降水-干旱,水体微生物耐药组（ARGs背景）,耐药基因丰度增加,降水-干旱（枯水期水量下降）→水体稀释能力下降、抗生素在多数点位枯水期浓度较高→与耐药基因丰度增加相对应,"“Seasonal variation also shows that the concentration of antibiotics in most of the sampling locations were higher in the dry than in the wet season, again with the exception of L1-L4 (Fig. 3a and b). Seasonal variations in antibiotic concentrations could be mainly attributed to the significant changes in the water volumes between the two seasons. The higher water volume specifically during the wet season dilutes the antibiotics resulting in their lower concentrations in the Poyang Lake (Ding et al., 2017).” (p.5, para.6)",2-观察性数据,Observational,2-间接数据支持,Indirect empirical support,1-促进AMR,Promoting AMR,2-观察累积,Observational cumulative/seasonal,2-自然环境,Natural environment,2026-01-06
EVID_140-M5,140,5,Liang et al. (2020),Spatial and seasonal variations of antibiotic resistance genes and antibiotics in the surface waters of Poyang Lake in China,Results and discussions-p.6-para.2,2-Results+Discussion整合,Results and discussion integration,2-环境介导,Environment-mediated pathways,2b-抗生素残留,2c-水文条件；2b-抗生素残留,温度-季节平均温度变化,水体微生物耐药组（sul1; sul2; tetA; total ARGs）,耐药基因丰度增加,温度-季节平均温度变化（季节过程影响抗生素/ARG命运）→抗生素总量与ARG水平在季节中呈显著正相关→与抗生素参与ARG出现和分布相一致→观察到耐药基因丰度增加,"“In the present study, significantly positive linear correlations were also observed between the total concentration of antibiotics and the levels of sul1, sul2, tetA, and total ARGs in the wet season (Fig. 4a), as well as tetA and the total ARGs in the dry season (p ≤ 0.05) (Fig. 4b). These results indicate that antibiotics may be playing a role in the occurrence and distribution of some ARGs in Poyang Lake…” (p.6, para.2)",2-观察性数据,Observational,2-间接数据支持,Indirect empirical support,1-促进AMR,Promoting AMR,2-观察累积,Observational cumulative/seasonal,2-自然环境,Natural environment,2026-01-06
EVID_141-M1,141,1,Li (2025),Dynamics of antibiotic resistance genes and bacterial community structure within substrate biofilms,Results and discussion (3.1)-p.3-para.1,2-Results+Discussion整合,Results and discussion integration,2-环境介导,Environment-mediated pathways,2d-水土理化性质,2d-水土理化性质,温度-季节性变化,,耐药基因传播,温度季节变化（冬季低温）→水体溶解氧升高、微生物活性降低→氧可利用性变化→微生物群落组成改变→影响ARG传播,"“Notably, DO levels were higher in the winter, reaching 8.08 mg L−1 in December and 12.22 mg L−1 in January. This is likely due to the increased DO levels in water at lower winter temperatures. Concurrently, this is associated with diminished microbial activity, which subsequently enhances oxygen availability through consumption.” (p.3, para.1)",2-观察性数据,Observational,2-间接数据支持,Indirect empirical support,3-双向作用,Bidirectional or mixed,2-观察累积,Observational cumulative/seasonal,2-自然环境,Natural environment,2026-01-07
EVID_141-M2,141,2,Li (2025),Dynamics of antibiotic resistance genes and bacterial community structure within substrate biofilms,Results and discussion (3.1)-p.3-para.1,3-Discussion数据解释,Discussion interpretation,2-环境介导,Environment-mediated pathways,2d-水土理化性质,2d-水土理化性质,温度-季节性变化,,耐药基因传播,温度季节变化→微生物多样性（α/β）受影响→TN/TP/TOC浓度下降→微生物组成改变→影响ARG传播,"“Temperature changes notably affected both the α- and β-diversity of the microbial community, resulting in decreased concentrations of TN, TP and TOC, thereby altering the microbial composition and influencing the spread of ARGs” (p.3, para.1)",2-观察性数据,Observational,2-间接数据支持,Indirect empirical support,1-促进AMR,Promoting AMR,2-观察累积,Observational cumulative/seasonal,2-自然环境,Natural environment,2026-01-07
EVID_141-M3,141,3,Li (2025),Dynamics of antibiotic resistance genes and bacterial community structure within substrate biofilms,Results and discussion (3.2)-p.4-para.1,2-Results+Discussion整合,Results and discussion integration,2-环境介导,Environment-mediated pathways,2d-水土理化性质,2d-水土理化性质,温度-季节性变化,,耐药基因丰度增加,温度季节变化（夏季）→自然生物膜系统中ARG相对丰度总体更高→ARG丰度增加,"“despite the lack of stark seasonal variation, the relative abundance of ARGs in the summer was generally higher than in other seasons.” (p.4, para.1)",2-观察性数据,Observational,2-间接数据支持,Indirect empirical support,1-促进AMR,Promoting AMR,2-观察累积,Observational cumulative/seasonal,2-自然环境,Natural environment,2026-01-07
EVID_141-M4,141,4,Li (2025),Dynamics of antibiotic resistance genes and bacterial community structure within substrate biofilms,Results and discussion (3.4)-p.8-para.2,1-Results实验数据,Results,2-环境介导,Environment-mediated pathways,2d-水土理化性质,2d-水土理化性质,温度-季节性变化,,耐药基因丰度增加,温度季节变化→ARG结构变异受环境因子驱动→温度作为主要驱动因子之一→ARG分布改变/富集,"“ARGs were predominantly affected by TOC (R2 = 0.3988), temperature (0.3540), ORP (0.2900) and NH4+-N (0.2779) (Table S5).” (p.8, para.2)",2-观察性数据,Observational,2-间接数据支持,Indirect empirical support,1-促进AMR,Promoting AMR,2-观察累积,Observational cumulative/seasonal,2-自然环境,Natural environment,2026-01-07
EVID_141-M5,141,5,Li (2025),Dynamics of antibiotic resistance genes and bacterial community structure within substrate biofilms,Results and discussion (3.4)-p.8-para.2,1-Results实验数据,Results,2-环境介导,Environment-mediated pathways,2d-水土理化性质,2d-水土理化性质,温度-季节性变化,,耐药基因丰度增加,温度季节变化→温度对ARG分布存在显著影响(P=0.001)→ARG在不同基质生物膜中分布与富集改变→耐药基因丰度增加,"“Pearson correlation analysis revealed a significant impact by NH4+-N, TOC and temperature on ARG distribution within the substrate biofilms (P = 0.001). Temperature and TOC were the main factors influencing ARGs.” (p.8, para.2)",2-观察性数据,Observational,2-间接数据支持,Indirect empirical support,1-促进AMR,Promoting AMR,2-观察累积,Observational cumulative/seasonal,2-自然环境,Natural environment,2026-01-07
EVID_141-M6,141,6,Li (2025),Dynamics of antibiotic resistance genes and bacterial community structure within substrate biofilms,Conclusions-p.11-para.1,3-Discussion数据解释,Discussion interpretation,2-环境介导,Environment-mediated pathways,2d-水土理化性质,2d-水土理化性质,温度-季节性变化,,耐药基因丰度增加,温度季节变化→影响微生物群落组成并塑造ARG分布→导致ARG结构差异/富集→耐药基因丰度增加,"“NH4+-N and temperature were identified as critical factors influencing the composition of the microbial community, inducing structural changes within the planktonic communities. NH4+-N, TOC and temperature were also pivotal in shaping ARG distribution in the substrate biofilms.” (p.11, para.1)",2-观察性数据,Observational,2-间接数据支持,Indirect empirical support,1-促进AMR,Promoting AMR,2-观察累积,Observational cumulative/seasonal,2-自然环境,Natural environment,2026-01-07
EVID_142-M1,142,1,Li (2019),"Occurrence and removal of antibiotics and antibiotic resistance genes in natural and constructed riverine wetlands in Beijing, China",Results and discussion-p.548-para.3,2-Results+Discussion整合,Results and discussion integration,2-环境介导,Environment-mediated pathways,2b-抗生素残留,2b-抗生素残留,温度-季节性变化,ARGs（sulI; sulII; tetA; tetC; dfrA1等）,耐药基因丰度增加,温度-季节平均温度变化（冬季低温）→抗生素衰减速率下降+低流量稀释受限→冬季抗生素浓度更高→抗生素选择压力增强→耐药基因丰度增加,"“The higher levels of antibiotics in winter could be resulted from the higher human usage and slower attenuation in wetlands in cold season (water temperature -0.5–13.5 °C, Table S6), as well as limited dilution at low flow conditions (S. Li et al., 2018b; H. Zhang et al., 2015a).” (p.548, para.3)",2-观察性数据,Observational,2-间接数据支持,Indirect empirical support,1-促进AMR,Promoting AMR,2-观察累积,Observational cumulative/seasonal,2-自然环境,Natural environment,2026-01-07
EVID_142-M2,142,2,Li (2019),"Occurrence and removal of antibiotics and antibiotic resistance genes in natural and constructed riverine wetlands in Beijing, China","Results and discussion-p.529, para.4",2-Results+Discussion整合,Results and discussion integration,2-环境介导,Environment-mediated pathways,2d-水土理化性质,2d-水土理化性质,温度-季节性变化,ARGs（多数ARGs; 16S rRNA）,耐药基因丰度增加,温度-季节平均温度变化（夏季高温）→微生物生长/生物量增加（16S rRNA↑）→携带ARG的微生物扩增→夏季ARG丰度更高→耐药基因丰度增加,"“In contrast to the seasonal variation pattern of antibiotics (Fig. S4), higher abundances of most ARGs were found in summer than in winter in both water and sediment samples (Fig. 3 and Table S12). This is mainly ascribed to the higher contents of 16S rRNA gene in summer than in winter (Table S12). The 16S rRNA was positively related to microbial biomass, which was favored in warmer seasons (A. Li et al., 2018; Luo et al., 2010).” (p.549, para.4)",2-观察性数据,Observational,2-间接数据支持,Indirect empirical support,1-促进AMR,Promoting AMR,2-观察累积,Observational cumulative/seasonal,2-自然环境,Natural environment,2026-01-07
EVID_142-M3,142,3,Li (2019),"Occurrence and removal of antibiotics and antibiotic resistance genes in natural and constructed riverine wetlands in Beijing, China","Results and discussion-p.551, para.",2-Results+Discussion整合,Results and discussion integration,2-环境介导,Environment-mediated pathways,2d-水土理化性质,2d-水土理化性质,温度-季节性变化,ARGs（ΣARGs）,耐药基因丰度增加,温度-季节平均温度变化（夏季温暖）→湿地系统ARG去除效率夏季更高（虽然夏季ARG初始更高）→季节温度影响ARG迁移/去除过程→决定环境中ARG水平→耐药基因丰度增加,"“In different seasons, the removal efficiencies of ΣARGs in water were higher in summer than those in winter, although higher abundances of ΣARGs were observed in summer.” (p.551, para.2)",2-观察性数据,Observational,2-间接数据支持,Indirect empirical support,3-双向作用,Bidirectional or mixed,2-观察累积,Observational cumulative/seasonal,2-自然环境,Natural environment,2026-01-07
EVID_142-M4,142,4,Li (2019),"Occurrence and removal of antibiotics and antibiotic resistance genes in natural and constructed riverine wetlands in Beijing, China","Results and discussion-p.551, para.1",3-Discussion数据解释,Discussion interpretation,2-环境介导,Environment-mediated pathways,2b-抗生素残留,2b-抗生素残留,温度-季节性变化,ARGs（sulII; ΣARGs; dfrA1; 16S rRNA等）,耐药基因丰度增加,温度-季节平均温度变化（季节过程/环境因子变化）→抗生素/营养盐等环境参数与ARG显著相关→抗生素处于亚抑制水平时产生选择压力→ARG传播/维持→耐药基因丰度增加,"“Significant correlations (ρ N 0.6) among most antibiotics (QNs, MLs, SAs, and ΣAntibiotics) except TCs, genes (sulII, ΣARGs, dfrA1, and 16S rRNA), and environmental factors (TP, NH4-N, NO3-N, NO2-N, and TN) were observed in water of YL wetland (Fig. 6a and b). These results were corroborated by RDA analysis (Fig. S11a and b), indicating that antibiotics and ARGs may have similar pollution sources (Chen et al., 2013; Xu et al., 2016) and antibiotics may exert selective pressure on ARGs when they are at subinhibitory levels (He et al., 2014; Luo et al., 2010).” (p.551, para.1)",2-观察性数据,Observational,2-间接数据支持,Indirect empirical support,1-促进AMR,Promoting AMR,2-观察累积,Observational cumulative/seasonal,2-自然环境,Natural environment,2026-01-07
EVID_142-M5,142,5,Li (2019),"Occurrence and removal of antibiotics and antibiotic resistance genes in natural and constructed riverine wetlands in Beijing, China","Conclusion-p.551, para.7",2-Results+Discussion整合,Results and discussion integration,2-环境介导,Environment-mediated pathways,2b-抗生素残留,2c-水文条件；2b-抗生素残留,温度-季节性变化,ARGs（ARGs总体）,耐药基因丰度增加,温度-季节平均温度变化→抗生素使用差异+水流差异+衰减速率差异→冬季水体抗生素浓度显著更高→推动抗生素选择压力→耐药基因丰度增加,"“Significantly higher concentrations of antibiotics in water were observed in winter than in summer (p b 0.05), resulting from differences in antibiotic usage, water flow and attenuation rates.” (p.551, para.7)",2-观察性数据,Observational,2-间接数据支持,Indirect empirical support,1-促进AMR,Promoting AMR,2-观察累积,Observational cumulative/seasonal,2-自然环境,Natural environment,2026-01-07
EVID_142-M6,142,6,Li (2019),"Occurrence and removal of antibiotics and antibiotic resistance genes in natural and constructed riverine wetlands in Beijing, China","Conclusion-p.551, para.7",3-Discussion数据解释,Discussion interpretation,2-环境介导,Environment-mediated pathways,2d-水土理化性质,2d-水土理化性质,温度-季节性变化,ARGs（ARGs总体）,耐药基因丰度增加,温度-季节平均温度变化（夏季高温）→细菌生长更有利→夏季ARG更丰富→耐药基因丰度增加,"“However, more abundant ARGs were detected in summer than in winter, possibly due to the favored growth of bacteria at higher temperature in summer.” (p.551, para.7)",2-观察性数据,Observational,2-间接数据支持,Indirect empirical support,1-促进AMR,Promoting AMR,2-观察累积,Observational cumulative/seasonal,2-自然环境,Natural environment,2026-01-07
EVID_142-M7,142,7,Li (2019),"Occurrence and removal of antibiotics and antibiotic resistance genes in natural and constructed riverine wetlands in Beijing, China","Conclusion-p.552, para.1",2-Results+Discussion整合,Results and discussion integration,2-环境介导,Environment-mediated pathways,2b-抗生素残留,2b-抗生素残留,温度-季节性变化,ARGs（ARGs总体）,耐药基因丰度增加,温度-季节平均温度变化（通过季节影响抗生素水平及其生态效应）→抗生素在自然湿地亚抑制水平产生选择压力→刺激ARG流行→耐药基因丰度增加,"“These results suggest the role of antibiotics in exerting selective pressure for ARGs in natural wetlands when they are at subinhibitory levels.” (p.552, para.1)",2-观察性数据,Observational,3-理论推测,Theoretical support,1-促进AMR,Promoting AMR,2-观察累积,Observational cumulative/seasonal,2-自然环境,Natural environment,2026-01-07
EVID_143-M1,143,1,Li et al. (2025),Linking Antibiotic Residues and Antibiotic Resistance Genes to Water Quality Parameters in Urban Reservoirs: A Seasonal Perspective,Results-p.9-10; Discussion-p.11-12,2-Results+Discussion整合,Results and discussion integration,2-环境介导,Environment-mediated pathways,2b-生态承载力,2c-水文条件；2d-水土理化性质,降水-增加 (5月集中降雨); 温度-升高 (5月19-26°C),水体微生物(携带ARGs的细菌),5月富营养化程度高但ARG丰度低; 9月富营养化程度低但ARG丰度高,"5月集中降雨(伴有强降水事件) → 加速农业径流中污染物(TN, TP)进入水体 → 导致5月富营养化程度显著高于9月(TN: 2.41-3.37 mg/L, Chl-a显著高于国家标准, COD和BOD5显著高于9月, DO显著低于9月) → 但5月强降水同时显著稀释水体中ARG浓度 → 导致5月ARG丰度低于9月。9月温度较高(比5月高约5°C)且降雨较少 → 底层水温较高和更有利的水混合条件 → 促进微生物活性和水平基因转移(HGT) → 导致9月ARG丰度(磺胺类和四环素类)显著高于5月(Table 1: 9月磺胺类0.31-0.73 copies/16S rRNA vs 5月0.13-0.6; 9月四环素类0.52-2.5 vs 5月0.42-1.91)。","The average temperature in Nanjing from May to September ranges from 19 to 26 °C, which provides a better environment for algae growth. Precipitation in May is more concentrated than in September and is often accompanied by heavy precipitation events. These precipitation events may accelerate the entry of pollutants from agricultural runoff into the water column, resulting in higher pollutant concentrations, which may increase the degree of eutrophication in the water column. (Results-p.9-10); ""Our results showed that the eutrophication of water bodies was higher in May than in September, but the abundance of ARG pollution was higher in September than in May. This may be related to higher bottom water temperatures and more favorable water-mixing conditions in September. In this case, low concentrations of ammonia and phosphate instead favored the proliferation of ARGs, while higher concentrations of nitrogen and phosphorus may have inhibited their proliferation. Thus, high concentrations of nitrogen and phosphorus in May resulted in low concentrations of ARGs."" (Discussion-p.11-12); ""The concentrations of sulfonamide resistance genes and tetracycline resistance genes in September were significantly higher than those in May, indicating that seasonal variations significantly impacted the ARG concentration, which might be related to the heavy rainfall. In Nanjing, the precipitation was more concentrated in May than in September, and the degree of eutrophication in the water bodies was higher in May than in September. On the one hand, the heavy rainfall delivered new ARGs into the aquatic environment through surface runoff, and, on the other hand, the heavy rainfall significantly diluted the concentration of ARGs in the water bodies."" (Results-p.16)",2-观察性数据,Observational,1-直接数据支持,Direct empirical support,"1-促进AMR (9月); 2-抑制AMR (5月,稀释效应)",Bidirectional or mixed,2-观察/累积,Observational cumulative/seasonal,2-自然环境,Natural environment,2025-12-22
EVID_143-M2,143,2,Li et al. (2025),Linking Antibiotic Residues and Antibiotic Resistance Genes to Water Quality Parameters in Urban Reservoirs: A Seasonal Perspective,Results-p.11-12; Discussion-p.11-12,2-Results+Discussion整合,Results and discussion integration,2-环境介导,Environment-mediated pathways,2c-溶解氧,2d-水土理化性质,降水-变化 (季节性); 温度-变化 (季节性),水体微生物(携带ARGs的细菌),DO与ARG丰度呈负相关,"DO浓度降低(5月DO: 5.34-6.46 mg/L, 9月DO: 6.64-8.47 mg/L) → 低DO条件下营养物质(TN, TP, COD)从沉积物释放进入水体 → 为微生物生长和ARG增殖提供有利条件 → 导致DO与ARG丰度呈负相关(Figures 4 and 5)。BOD与DO呈显著负相关(p<0.001),表明水体BOD随DO降低而显著增加。","According to other related studies, DO is negatively correlated with the abundance of ARGs (Figures 4 and 5). We believe this could be because nutrients are released from sediments in low DO conditions, leading to higher concentrations of TN, TP, and COD, which provide favorable conditions for the proliferation of ARGs. Lower DO levels may cause nutrients to be released into the water, potentially promoting the spread of antibiotic resistance genes. (Discussion-p.11-12); ""This effect was also reflected in the decrease in DO concentrations in the May water samples, which were relatively high in September. A significant negative correlation (p < 0.001) between BOD and DO indicates that the BOD of the water body increased significantly with the decrease in DO (Figures 2 and 3)."" (Results-p.10)",2-观察性数据,Observational,1-直接数据支持,Direct empirical support,1-促进AMR,Promoting AMR,2-观察/累积,Observational cumulative/seasonal,2-自然环境,Natural environment,2025-12-22
EVID_143-M3,143,3,Li et al. (2025),Linking Antibiotic Residues and Antibiotic Resistance Genes to Water Quality Parameters in Urban Reservoirs: A Seasonal Perspective,Results-p.11-12; Discussion-p.12,2-Results+Discussion整合,Results and discussion integration,2-环境介导,Environment-mediated pathways,2a-微生物群落,2a-微生物群落,温度-升高 (9月比5月高约5°C),水体微生物(携带ARGs的细菌),Chl-a与ARG丰度呈负相关; 富营养化环境中藻类过度生长可能抑制ARG传播,"富营养化导致藻类过度生长(Chl-a浓度显著高于国家标准) → 藻类生长对ARG携带细菌产生竞争性抑制效应 → 改变微生物群落结构,可能有利于非ARG携带菌种 → 导致Chl-a与ARG丰度呈负相关或弱相关(Figures 4 and 5),特别是Chl-a与sul基因呈显著负相关。","The Chl-a concentration was negatively or weakly correlated with antibiotics, contrary to the general rule that a higher Chl-a concentration means poorer water quality and a higher ARG concentration. This suggests that although nutrients significantly influence antibiotics in the water environment, the overgrowth of algae during eutrophication may inhibit the spread of ARGs. Chl-a was significantly negatively correlated with sul genes (Figures 4 and 5), which is in agreement with the results of the study on the Yangtze River estuary. This may be related to the longer water residence time and eutrophication status, reflecting the competitive inhibitory effect of algal growth in eutrophic environments, weakening the diffusion ability of ARG-carrying bacteria in the microbial community. (Discussion-p.12); ""The negative correlation between Chl-a and ARGs suggests that algal blooms may exert competitive inhibitory effects on ARG-carrying bacteria. During periods of high eutrophication, rapid algal growth can alter the microbial community structure, potentially favoring non-ARG-carrying species."" (Discussion-p.14)",2-观察性数据,Observational,1-直接数据支持,Direct empirical support,2-抑制AMR,Suppressing AMR,2-观察/累积,Observational cumulative/seasonal,2-自然环境,Natural environment,2025-12-22
EVID_143-M4,143,4,Li et al. (2025),Linking Antibiotic Residues and Antibiotic Resistance Genes to Water Quality Parameters in Urban Reservoirs: A Seasonal Perspective,Results-p.11-12; Discussion-p.14-15,2-Results+Discussion整合,Results and discussion integration,2-环境介导,Environment-mediated pathways,2d-重金属共选择,2d-水土理化性质,温度-变化 (季节性),水体微生物(携带ARGs的细菌),"重金属(Cd, Cr, Cu, Zn, Pb)与ARG丰度呈不同相关性,促进ARG增殖","重金属(Cd, Cr, Cu, Zn, Pb)通过工业排放、农业活动和交通污染进入环境 → 重金属对微生物产生选择压力 → 1) Cd诱导氧化应激,激活外排泵(如tetA和tetX)排出四环素,促进细菌存活并增加ARG流行率; Cd抑制硫酸盐还原菌的硫代谢,可能降低sul2基因丰度; 2) Cr(VI)诱导氧化应激,触发DNA损伤,通过整合酶活性促进耐药基因(如sul1和tetE)的转移; 3) Cu和Zn产生活性氧,促使细菌上调外排泵(如tetX和tetD)排出金属和抗生素,促进金属应激下的细菌存活; 金属耐受基因和抗生素耐药基因通常位于同一质粒或整合子上,促进共选择; 4) Pb造成氧化损伤,可选择耐受应激的细菌,共选择sul1、tetA和tetC耐药基因; Pb与tetE呈负相关,可能由于特定微生物群落动态或干扰结合机制 → 导致Cd与tetX和tetA正相关但与sul2负相关; Cr与sul1和tetE显著正相关; Cu和Zn与tetX和tetD正相关; Pb与sul1、tetA和tetC正相关但可能与tetE负相关(Figures 4 and 5)。","Metals and antibiotics accelerate the spread of antibiotic-resistant bacteria (ARB)-carrying antibiotic-resistance genes (ARGs) by exerting selective pressure on bacteria, which in turn exacerbates the spread of ARGs in the ecosystem. Cr, Cu, Cd, Pb, and Zn released from industrial emissions, agricultural activities, and transportation pollution enter the environment through rainwater runoff, atmospheric deposition, and other pathways. These heavy metals showed different correlations with ARGs. Cd was positively correlated with tetX and tetA, but negatively correlated with sul2 (Figures 4 and 5). Cd induces oxidative stress in bacterial cells, activating efflux pumps like tetA and tetX, which expel tetracyclines, promoting bacterial survival and increasing ARG prevalence. In contrast, Cd inhibits sulfur metabolism in sulfate-reducing bacteria, potentially reducing sul2 gene abundance. Additionally, Cd interferes with biofilm formation, further hindering the proliferation of sulfonamide-resistant bacteria. Cr was significantly positively correlated with sul1 and tetE; Cu and Zn were positively correlated with tetX and tetD; and Pb was positively correlated with sul1, tetA, and tetC, but possibly negatively correlated with tetE (Figures 4 and 5). Cr, particularly Cr(VI), induces oxidative stress, triggering DNA damage and promoting the transfer of resistance genes like sul1 and tetE via integrase activity, enhancing gene spread in bacterial communities exposed to chronic Cr stress. Cu and Zn generate reactive oxygen species, prompting bacteria to upregulate efflux pumps like tetX and tetD to expel metals and antibiotics, facilitating bacterial survival under metal stress. Metal tolerance genes and antibiotic resistance genes often reside on the same plasmids or integrons, promoting co-selection and increasing the likelihood of resistance in contaminated environments. Pb causes oxidative damage and can select bacteria that tolerate stress, co-selecting sul1, tetA, and tetC resistance genes due to their association with mobile genetic elements. The negative correlation between Pb and tetE may arise from specific microbial community dynamics or interference with conjugation mechanisms, shifting the resistance profile toward other mechanisms. Thus, Pb could select alternative resistance strategies, reducing the prominence of tetE. These heavy metals alter the microbial community structure, and heavy metals with substantial toxicity and antioxidant properties, such as Cr, trigger microbial stress responses, selectively promote the proliferation of drug-resistant bacteria, enhance the adaptability of bacteria-harboring resistance genes, and promote the spread of resistance genes. (Discussion-p.14-15)",2-观察性数据,Observational,1-直接数据支持,Direct empirical support,1-促进AMR,Promoting AMR,2-观察/累积,Observational cumulative/seasonal,2-自然环境,Natural environment,2025-12-22
EVID_143-M5,143,5,Li et al. (2025),Linking Antibiotic Residues and Antibiotic Resistance Genes to Water Quality Parameters in Urban Reservoirs: A Seasonal Perspective,Results-p.16-17; Discussion-p.17,2-Results+Discussion整合,Results and discussion integration,2-环境介导,Environment-mediated pathways,2e-可移动遗传元件,2e-可移动遗传元件,温度-变化 (季节性),水体微生物(携带ARGs的细菌),sul基因与intl1显著正相关; intl1促进ARG水平转移,"sul基因(sul1, sul2)易被intl1(class 1 integron基因)捕获 → sul基因主要由整合子(intl1)携带 → intl1作为人为污染诱导的ARG选择压力标志物 → intl1通过水平基因转移(HGT)促进抗生素耐药性的广泛传播 → 导致sul基因与intl1显著正相关(Figures S1 and S2),特别是在赵桥水库9月sul1与intl1呈强正相关,强调其在塑造ARG谱中的重要性。高intl1丰度揭示HGT可能在多种环境介质中发生,进一步促进抗生素耐药基因在不同生态系统中的传播。","Based on the correlation between antibiotics and resistance genes, sul was significantly positively correlated with intl1 (Figures S1 and S2), probably because the resistance genes of sulfonamide antibiotics were easily captured by intl1, and sul genes were mainly carried by integrons (intl1). The PCA findings also revealed that sul1 was consistently correlated with intl1 across all the reservoirs, underscoring the role of mobile genetic elements in spreading sulfonamide resistance genes. Notably, in Zhaoqiao Reservoir, sul1 showed a strong positive correlation with intl1 in September, emphasizing its importance in shaping ARG profiles during this season. This conclusion is further supported by the fact that higher abundances of sul1 and sul2 were also detected in studies on the Minxin River in Shijiazhuang and the Liao River in northeast China. The current study suggests that mobile integrons play an important role in spreading antibiotic resistance genes (ARGs), especially in regard to environmental pollution, where they promote the level and spread of ARGs. (Results-p.16-17); ""The integron intl1, a marker of anthropogenic contamination-induced selective pressure on ARGs, can facilitate the extensive spread of antibiotic resistance through horizontal gene transfer. Higher int1 abundance revealed that horizontal gene transfer may occur in multiple environmental media, further promoting the spread of antibiotic resistance genes in different ecosystems."" (Results-p.17)",2-观察性数据,Observational,1-直接数据支持,Direct empirical support,1-促进AMR,Promoting AMR,2-观察/累积,Observational cumulative/seasonal,2-自然环境,Natural environment,2025-12-22
EVID_143-M6,143,6,Li et al. (2025),Linking Antibiotic Residues and Antibiotic Resistance Genes to Water Quality Parameters in Urban Reservoirs: A Seasonal Perspective,Results-p.17; Discussion-p.17,2-Results+Discussion整合,Results and discussion integration,3-生态社会介导,Socio-ecological mediation,3a-农业实践,3f-农业实践,降水-增加 (5月集中降雨),"水体微生物(携带tetM, tetO, sul1, sul2的细菌)","tetO和tetC丰度较高; 施用粪肥土壤中tetM, tetO, sul1, sul2丰度较高","农业活动(如土壤施肥,特别是施用含抗生素残留的粪肥或有机肥) → 含抗生素残留的粪肥或有机肥在种植季节(通常与春末或初夏一致,如5月)达峰 → 5月集中降雨导致含抗生素残留的径流更高地流入水体 → 导致tetO和tetC丰度较高,可能与农业活动密切相关。施用粪肥土壤中四环素和磺胺类基因(如tetM, tetO, sul1, sul2)丰度较高,表明农业活动是四环素耐药基因的最重要来源之一。","In the tetracycline resistance genes (tet genes) analysis, tetC was generally the most abundant in the water column, while tetA and tetX were detected at a lower frequency. Moreover, tetO and tetC had a higher abundance, which may be closely related to agricultural activities, such as soil fertilization. In particular, the abundance of tetracycline and sulfonamide genes (e.g., tetM, tetO, sul1, sul2) was higher in soils with manure application, suggesting that agricultural activities are one of the most important sources of tetracycline resistance genes. (Results-p.17); ""The seasonal variation in sulfamethazine concentrations may be linked to its widespread use in agriculture and aquaculture practices. Globally, sulfamethazine is commonly used in veterinary medicine to treat bacterial infections in livestock, as well as in aquaculture and crop farming to prevent disease outbreaks. Manure or organic fertilizers containing antibiotic residues peak during planting in many regions, often coinciding with late spring or early summer. These practices can lead to higher runoff of sulfamethazine into water bodies during increased precipitation, such as in May in the areas in our study."" (Discussion-p.17)",2-观察性数据,Observational,1-直接数据支持,Direct empirical support,1-促进AMR,Promoting AMR,2-观察/累积,Observational cumulative/seasonal,2-自然环境,Natural environment,2025-12-22
EVID_143-M7,143,7,Li et al. (2025),Linking Antibiotic Residues and Antibiotic Resistance Genes to Water Quality Parameters in Urban Reservoirs: A Seasonal Perspective,Results-p.18-19; Discussion-p.19,2-Results+Discussion整合,Results and discussion integration,3-生态社会介导,Socio-ecological mediation,3a-农业实践,3c-兽用抗生素,降水-变化 (季节性),水体微生物(携带ARGs的细菌),磺胺甲嗪(sulfamethazine)在5月显著高于9月; 其他抗生素(如四环素、磺胺二嗪、磺胺甲氧嘧啶)无显著季节性差异,"磺胺甲嗪在兽医实践中广泛使用,特别是在畜牧业、水产养殖和作物种植中用于治疗细菌感染和预防疾病暴发 → 含抗生素残留的粪肥或有机肥在种植季节(通常与春末或初夏一致,如5月)应用达峰 → 5月集中降雨导致磺胺甲嗪通过径流更高地流入水体 → 导致山湖水库磺胺甲嗪从5月2.15 ng/L显著降至9月1.23 ng/L (p=0.01),赵桥水库从5月1.13 ng/L显著降至9月0.71 ng/L (p=0.03)。其他抗生素(如四环素、磺胺二嗪、磺胺甲氧嘧啶)无显著季节性差异,表明持续污染来自持续来源(如畜牧业或废水排放),强调其环境稳定性和抗降解性。","The sulfamethazine concentrations decreased significantly in Shanhu (from 2.15 ng/L in May to 1.23 ng/L in September, p = 0.01) and Zhaoqiao (from 1.13 ng/L in May to 0.71 ng/L in September, p = 0.03). These reductions suggest that sulfamethazine contamination is highly sensitive to seasonal factors, likely influenced by agricultural runoff patterns. Sulfamethazine is commonly used in veterinary practices, and its decline during the drier months of September may reflect reduced application or leaching into water bodies during this period. (Results-p.18); ""The seasonal variation in sulfamethazine concentrations may be linked to its widespread use in agriculture and aquaculture practices. Globally, sulfamethazine is commonly used in veterinary medicine to treat bacterial infections in livestock, as well as in aquaculture and crop farming to prevent disease outbreaks. Manure or organic fertilizers containing antibiotic residues peak during planting in many regions, often coinciding with late spring or early summer. These practices can lead to higher runoff of sulfamethazine into water bodies during increased precipitation, such as in May in the areas in our study. In contrast, the persistence of other antibiotics, such as tetracycline and sulfonamides, suggests ongoing inputs from consistent sources, emphasizing the need for long-term management practices to address these contaminants."" (Discussion-p.18-19)",2-观察性数据,Observational,1-直接数据支持,Direct empirical support,1-促进AMR (5月磺胺甲嗪); 持续污染 (其他抗生素),Promoting AMR,2-观察/累积,Observational cumulative/seasonal,2-自然环境,Natural environment,2025-12-22
EVID_143-M8,143,8,Li et al. (2025),Linking Antibiotic Residues and Antibiotic Resistance Genes to Water Quality Parameters in Urban Reservoirs: A Seasonal Perspective,Results-p.19; Discussion-p.19,2-Results+Discussion整合,Results and discussion integration,3-生态社会介导,Socio-ecological mediation,3a-农业实践,3f-农业实践,降水-变化 (季节性),水体微生物(携带ARGs的细菌),"尽管水库周围无大型工厂或医院,但ARG污染仍相对严重,农业活动是主要污染源","农业活动(特别是施用含抗生素的粪肥和有机废物) → 抗生素及其残留物通过农业废水和表面径流进入水体 → 农业活动显著增加水体中耐药基因浓度 → 导致尽管平山和山湖水库周围无大型工厂或医院,但ARG污染仍相对严重,可能与周围地区的小规模居住和农业活动密切相关。三个水库位于长江中下游,区域水网的连通性使污染物易于在不同水体间传播,加剧污染扩散,进一步扩大污染范围。相比之下,赵桥水库位于更偏远地区,人口密度较低,生态环境相对较好,受人类活动影响较小,因此水体中ARG浓度较低。","Although no large-scale factories or hospitals are located around these reservoirs, the antibiotic resistance gene (ARG) contamination in these two reservoirs remains relatively severe. It may be closely related to the surrounding area's small-scale residential and agricultural activities. In particular, antibiotics and their residues enter water bodies through agricultural wastewater and surface runoff, one of the primary sources of ARG pollution. Agricultural activities, especially applying manure and organic waste containing antibiotics, significantly increased the concentration of resistance genes in water bodies. In addition, the three reservoirs we studied are located along the middle and lower reaches of the Yangtze River, and the connectivity of the regional water network makes it easy for pollutants to spread between different water bodies. The exchange and flow between water bodies exacerbated the spread of contamination, further expanding the scope of contamination. In contrast, Zhaoqiao Reservoir is located in a more remote area, surrounded by a lower population density, a relatively better ecological environment, and is less affected by human activities. Hence, the concentration of ARGs in its water bodies is lower. There are no significant agricultural or industrial pollution sources around Zhaoqiao Reservoir, and the use of antibiotics is low, which results in a lower level of ARG pollution in this reservoir, indicating that differences in geographic location and population density have a significant effect on the extent of ARG pollution. (Discussion-p.19)",2-观察性数据,Observational,1-直接数据支持,Direct empirical support,1-促进AMR,Promoting AMR,2-观察/累积,Observational cumulative/seasonal,2-自然环境,Natural environment,2025-12-22
EVID_144-M1,144,1,Li et al. (2021),Fate of antibiotic resistance genes in abandoned swine feedlots in China: seasonal variation,Results-p.4-5; Discussion-p.5-6,2-Results+Discussion整合,Results and discussion integration,1-直接生物学效应,Direct biological mechanisms,1b-基因表达,1a-生长代谢；1f-基因表达；1c-水平基因转移,温度-升高 (夏季),土壤微生物(携带mefA/E和cfr基因的细菌),mefA/E和cfr基因标准化丰度显著增加,"夏季温度升高(北京6月平均19-30°C, 合肥6月平均21-29°C) → 促进携带mefA/E(编码外排泵)和cfr(催化核糖体甲基化)基因的细菌生长和基因表达 → 可能通过MGEs(可移动遗传元件,如质粒和转座子)介导的水平基因转移(HGT)促进这些基因在细菌间传播 → 导致夏季mefA/E和cfr基因标准化丰度显著高于冬季(p<0.05, t-test)。","The normalized abundance of floR significantly decreased, while that of mefA/E and cfr significantly increased in summer (p<0.05). The floR and mefA/E genes encode efflux pumps, while cfr catalyzes ribosomal methylation. In previous studies, these three genes were also frequently found associated with MGEs, such as plasmids and transposons, suggesting MGEs were most likely involved in their variation. (Results-p.5 & Discussion-p.5-6)",2-观察性数据,Observational,1-直接数据支持,Direct empirical support,1-促进AMR,Promoting AMR,2-观察/累积,Observational cumulative/seasonal,2-自然环境,Natural environment,2025-12-22
EVID_144-M2,144,2,Li et al. (2021),Fate of antibiotic resistance genes in abandoned swine feedlots in China: seasonal variation,Results-p.4-5; Discussion-p.5-6,2-Results+Discussion整合,Results and discussion integration,1-直接生物学效应,Direct biological mechanisms,1b-基因表达,1a-生长代谢；1f-基因表达；1c-水平基因转移,温度-升高 (夏季),土壤微生物(携带tetA和floR基因的细菌),tetA和floR基因标准化丰度显著降低,"夏季温度升高 → 可能改变携带tetA(外排泵基因)和floR(外排泵基因)细菌的生长环境或基因表达 → 这些基因常与MGEs(如质粒和转座子)连锁,MGEs介导的HGT可能受温度影响 → 导致夏季tetA和floR基因标准化丰度显著低于冬季(tetA在大部分采样点p<0.05, floR在所有采样点p<0.05, t-test)。","The normalized abundance of tetA showed a decreasing trend from winter to the contiguous summer. This gene was found flanked by MGEs (mobile genetic elements, MGEs); therefore, its transmission was associated with the HGT of the MGEs that carried them. The normalized abundance of floR significantly decreased, while that of mefA/E and cfr significantly increased in summer (p<0.05). (Results-p.4-5 & Discussion-p.5)",2-观察性数据,Observational,1-直接数据支持,Direct empirical support,2-抑制AMR (特定基因),Suppressing AMR,2-观察/累积,Observational cumulative/seasonal,2-自然环境,Natural environment,2025-12-22
EVID_144-M3,144,3,Li et al. (2021),Fate of antibiotic resistance genes in abandoned swine feedlots in China: seasonal variation,Results-p.4-5; Discussion-p.5-6,2-Results+Discussion整合,Results and discussion integration,2-环境介导,Environment-mediated pathways,2e-可移动遗传元件,2e-可移动遗传元件,温度-升高 (夏季),土壤微生物(携带intI2基因的细菌),"intI2基因标准化丰度增加,促进ARGs水平转移","夏季温度升高 → 促进intI2(class 2 integron基因)的表达和传播 → intI2允许串联整合和表达编码ARGs的可移动盒(mobile cassettes) → 促进连锁ARGs在细菌间的水平转移(HGT) → 导致夏季intI2基因标准化丰度高于冬季,并增加ARGs传播风险。","In addition, intI2 showed an increasing trend from winter to the contiguous summer, this could facilitate the transmission of the linked ARGs, for integrons permit tandem integration and expression of mobile cassettes coding for ARGs. (Discussion-p.5); ""The class 1 and class 2 integron genes (intI1 and intI2) as indicators of potential HGT."" (Methods-p.3)",2-观察性数据,Observational,1-直接数据支持,Direct empirical support,1-促进AMR,Promoting AMR,2-观察/累积,Observational cumulative/seasonal,2-自然环境,Natural environment,2025-12-22
EVID_144-M4,144,4,Li et al. (2021),Fate of antibiotic resistance genes in abandoned swine feedlots in China: seasonal variation,Results-p.4-5; Discussion-p.9-10,2-Results+Discussion整合,Results and discussion integration,2-环境介导,Environment-mediated pathways,2e-可移动遗传元件,2e-可移动遗传元件,温度-升高 (夏季),"土壤微生物(携带tetM, tetO, tetW基因的细菌)","tetM, tetO和tetW基因在猪场邻近土壤中持续存在并可能通过HGT传播","夏季温度升高 → 促进携带tetM, tetO和tetW基因(核糖体保护蛋白RPP基因)的细菌在猪场邻近土壤中持续存在 → 这些基因常由MGEs(如Tn916样转座子)携带,具有广泛的宿主范围 → MGEs介导的HGT在夏季可能增强 → 导致tetM, tetO和tetW基因在猪场邻近土壤中的相对丰度显著高于对照土壤,且其分布模式独立于季节,与废水一致,提示废水是主要污染源。","Three RPP genes—tetM, tetO and tetW were found significantly increased in soil adjacent to swine feedlots in Beijing, compared with the nearby CK soil. Previously, these three tet genes were found to be prevalent in swine intestinal microbiota and swine manure, indicating their close linkage with animal manure. It was found that the distributing patterns of the three tet genes were independent of seasons, and there were also consistent distributing patterns of these genes between the adjacent soil and wastewater, implicating wastewater as the primary polluting source. These genes are commonly carried on MGEs that facilitate transfers between different bacterial taxa in an ecosystem. For example, tetM, tetO and tetW are present in numerous genera due to HGT. Especially, tetM is commonly carried on Tn916-like transposons which makes it possess the broadest host range among all tetracycline resistance genes. (Discussion-p.5-6)",2-观察性数据,Observational,1-直接数据支持,Direct empirical support,1-促进AMR,Promoting AMR,2-观察/累积,Observational cumulative/seasonal,2-自然环境,Natural environment,2025-12-22
EVID_144-M5,144,5,Li et al. (2021),Fate of antibiotic resistance genes in abandoned swine feedlots in China: seasonal variation,Discussion-p.9-10,2-Results+Discussion整合,Results and discussion integration,2-环境介导,Environment-mediated pathways,2a-微生物群落,2a-微生物群落,温度-升高 (夏季),土壤微生物(特别是Actinobacteria和Acidobacteria),"北京地区Actinobacteria相对丰度降低,Acidobacteria相对丰度增加","夏季温度升高和降雨增加(北京6月降雨74mm vs 12月2mm) → 土壤湿度增加 → Actinobacteria(耐旱菌,与土壤湿度负相关)相对丰度降低 → Acidobacteria(与土壤湿度正相关)相对丰度增加 → 导致北京地区从冬季到夏季Actinobacteria相对丰度显著降低(从25.6%降至9.9%, p<0.05),Acidobacteria相对丰度显著增加(从15.7%增至31.1%, p<0.05)。合肥地区未观察到此趋势,可能因为其冬季和夏季温度和湿度差异较小(合肥12月降雨29mm vs 6月132mm)。","The relative abundance of Actinobacteria and Acidobacteria showed decreasing and increasing trends, respectively, from winter to summer in Beijing but not in Hefei. This discrepancy might be the result of climatic differences based on geography. Beijing has four distinct seasons with larger temperature fluctuations between winter and summer and is much drier... For example, the average daily temperatures in December and June in Beijing are −6–3 and 19–30 °C, while in Hefei, they are 1–9 and 21–29 °C, respectively. The average rainfall from December to May in Beijing was only 74.1 mm, while in Hefei, it was 362 mm... Moreover, unlike other bacterial phyla in soil, Actinobacteria relative abundance was negatively correlated with soil moisture. In contrast, Acidobacteria populations were positively correlated to soil moisture content. Actinobacteria were drought resistant and could proliferate in arid soil conditions. These variables were probably major contributors to the seasonal variation of Actinobacteria and Acidobacteria in Beijing, because the rainfall is extremely concentrated in summer and winter is a dry season there. (Discussion-p.9-10)",2-观察性数据,Observational,1-直接数据支持,Direct empirical support,1-促进AMR (通过影响ARG宿主菌群),Promoting AMR,2-观察/累积,Observational cumulative/seasonal,2-自然环境,Natural environment,2025-12-22
EVID_144-M6,144,6,Li et al. (2021),Fate of antibiotic resistance genes in abandoned swine feedlots in China: seasonal variation,Results-p.7-9; Discussion-p.10,2-Results+Discussion整合,Results and discussion integration,2-环境介导,Environment-mediated pathways,2a-微生物群落,1c-水平基因转移；2a-微生物群落,温度-升高 (夏季),"土壤微生物(特别是Proteobacteria, Bacteroidetes, Firmicutes, Actinobacteria, Acidobacteria)",夏季ARG潜在宿主菌属的共发生网络更密集,"夏季温度升高 → 促进水平基因转移(HGT)水平增加(多项研究表明HGT高度依赖温度,更高的环境温度促进细菌间HGT,转移频率与特定温度相关) → 导致夏季ARG与细菌属的共发生网络比冬季更密集,夏季ARG潜在宿主菌属范围更广 → 提示夏季ARG通过HGT在更多细菌属间传播,增加ARG传播风险。","In this present study, there were more potential genera hosts on the network of the working swine feedlots than those of the abandoned swine feedlots in the same season. The possible reason for this might be that the HGT level was higher in summer than in winter both in abandoned and working feedlots, as several studies have shown that HGT was highly temperature-dependent. There were also studies showed that higher ambient temperatures favor HGT between bacterial taxa, and transfer frequencies have been linked to specific temperatures. For example, the transformation level of Pseudomonas stutzeri at 12 °C was 0.7% of that at 30 °C. An increase in temperature across different regions was conceived to facilitate the HGT of antibiotic resistance level for common pathogens. (Discussion-p.10)",2-观察性数据,Observational,2-间接数据支持 (引用文献),Indirect empirical support,1-促进AMR,Promoting AMR,2-观察/累积,Observational cumulative/seasonal,2-自然环境,Natural environment,2025-12-22
EVID_144-M7,144,7,Li et al. (2021),Fate of antibiotic resistance genes in abandoned swine feedlots in China: seasonal variation,Results-p.7; Discussion-p.10,2-Results+Discussion整合,Results and discussion integration,2-环境介导,Environment-mediated pathways,2a-微生物群落,2d-水土理化性质,温度-变化 (季节性),土壤微生物(特别是Firmicutes),Firmicutes在猪场邻近土壤中持续富集,"猪粪便长期污染 → Firmicutes(猪肠道微生物的主要菌群,在成年猪粪便中占>90%)通过废水持续输入土壤 → Firmicutes在猪场邻近土壤中富集并携带大量ARGs → Firmicutes相对丰度在冬季和夏季均无显著差异,但在北京猪场邻近土壤中一直高于对照土壤 → 提示Firmicutes是ARG的主要携带者,其持续存在增加ARG传播风险,且这种富集独立于季节。","Moreover, Firmicutes were the predominant phylum in swine intestinal microflora, and the long-term exposure of swine manure to soil is linked to Firmicutes abundance. In our study, the persistence of Firmicutes in soils adjacent to swine feedlots in Beijing suggested that this is a result of long-term manure pollution from the adjacent wastewater. The above characteristics of Actinobacteria and Firmicutes were also most likely to contribute to ARG profiles in the corresponding soil sites, because Actinobacteria and Firmicutes were among the major phyla that host ARGs and caused their transmission. (Discussion-p.10); ""Firmicutes possessed the most nodes in summer, underlining the significant input of antimicrobial-resistant bacterial from swine manure to the wastewater. Because Firmicutes were proved to be the most dominant phylum in the swine feces (>90% in adult swine)."" (Discussion-p.10)",2-观察性数据,Observational,1-直接数据支持,Direct empirical support,1-促进AMR,Promoting AMR,2-观察/累积,Observational cumulative/seasonal,2-自然环境,Natural environment,2025-12-22
EVID_145-M1,145,1,Li (2024),"Spatiotemporal Changes of Antibiotic Resistance, Potential Pathogens, and Health Risk in Kindergarten Dust",Results- p.3923-para.2,1-Results实验数据,Results,2-环境介导,Environment-mediated pathways,2a-微生物群落,可删除,温度-季节性变化,未明确（ARG层面）,耐药基因丰度/相对丰度增加,冬季（季节变化）→尘埃环境中ARG亚型检出数增加（冬季显著高于夏季）→ARGs相对丰度更高 → 环境AMR暴露风险上升,"“Paired t test showed that the detected ARG subtypes in winter samples were significantly (P < 0.05) higher than those in summer (Figure 3B).” (p.3923, para.2)",2-观察性数据,Observational,2-间接数据支持,Indirect empirical support,1-促进AMR,Promoting AMR,2-观察累积,Observational cumulative/seasonal,2-自然环境,Natural environment,2026-01-07
EVID_145-M2,145,2,Li (2024),"Spatiotemporal Changes of Antibiotic Resistance, Potential Pathogens, and Health Risk in Kindergarten Dust",Results- p.3923-para.2,1-Results实验数据,Results,2-环境介导,Environment-mediated pathways,2a-微生物群落,可删除,温度-季节性变化,未明确（ARG层面）,耐药基因丰度/相对丰度增加,冬季（季节变化）→尘埃环境中ARGs相对丰度范围更高（均值0.43 copies/cell vs 夏季0.21）→耐药性暴露负荷增大,"“The relative abundance of ARGs ranged from 0.31 to 0.65 copies per cell in the winter (mean = 0.43 copies per cell) and from 0.14 to 0.43 copies per cell in the summer (mean = 0.21 copies per cell) (Figure 3C).” (p.3923, para.2)",2-观察性数据,Observational,2-间接数据支持,Indirect empirical support,1-促进AMR,Promoting AMR,2-观察累积,Observational cumulative/seasonal,2-自然环境,Natural environment,2026-01-07
EVID_145-M3,145,3,Li (2024),"Spatiotemporal Changes of Antibiotic Resistance, Potential Pathogens, and Health Risk in Kindergarten Dust",Results- p.3923-para.2,1-Results实验数据,Results,2-环境介导,Environment-mediated pathways,2a-微生物群落,可删除,温度-季节性变化,未明确（ARG层面）,耐药基因丰度/相对丰度增加,冬季（季节变化）→ARGs相对丰度统计学显著高于夏季→增加环境耐药基因暴露与传播风险,"“Winter samples had a significantly (paired t test, P < 0.05) higher relative abundance of ARGs than summer samples did (Figure 3D).” (p.3923, para.2)",2-观察性数据,Observational,2-间接数据支持,Indirect empirical support,1-促进AMR,Promoting AMR,2-观察累积,Observational cumulative/seasonal,2-自然环境,Natural environment,2026-01-07
EVID_145-M4,145,4,Li (2024),"Spatiotemporal Changes of Antibiotic Resistance, Potential Pathogens, and Health Risk in Kindergarten Dust",Results- p.3925-para.1,1-Results实验数据,Results,2-环境介导,Environment-mediated pathways,2f-其他环境介导,可删除,温度-季节性变化,未明确（ARG层面）,高风险耐药基因丰度/相对丰度增加,冬季（季节变化）→高风险ARGs（Rank I/II）数量与相对丰度显著更高→更高的耐药传播与健康风险,"“The numbers and relative abundances of high-risk ARGs (Rank I, the current threats; Rank II, the future treats) were significantly higher in winter samples than those in summer samples (P < 0.05, Figure 6A,B), except for the relative abundance of Rank I ARGs.” (p.3925, para.1)",2-观察性数据,Observational,2-间接数据支持,Indirect empirical support,1-促进AMR,Promoting AMR,2-观察累积,Observational cumulative/seasonal,2-自然环境,Natural environment,2026-01-07
EVID_145-M5,145,5,Li (2024),"Spatiotemporal Changes of Antibiotic Resistance, Potential Pathogens, and Health Risk in Kindergarten Dust",Results- p.3924-para.1,1-Results实验数据,Results,2-环境介导,Environment-mediated pathways,2f-其他环境介导,2-不确定,综合-多因子,未明确（ARG层面）,耐药基因数量与绝对丰度增加,城市化（urbanization/人类活动压力）→尘埃中ARG数量与绝对丰度显著升高（urban>peri-urban）→环境耐药库扩大与传播风险上升,"“Mann−Whitney test showed that the numbers (Figure 2A) and absolute abundances (Figure 2C) of ARGs were significantly (P < 0.05) higher in urban samples than those in peri-urban samples.” (p.3923, para.1)",2-观察性数据,Observational,2-间接数据支持,Indirect empirical support,1-促进AMR,Promoting AMR,2-观察累积,Observational cumulative/seasonal,2-自然环境,Natural environment,2026-01-07
EVID_145-M6,145,6,Li (2024),"Spatiotemporal Changes of Antibiotic Resistance, Potential Pathogens, and Health Risk in Kindergarten Dust",Results- p.3923-para.3,1-Results实验数据,Results,2-环境介导,Environment-mediated pathways,2f-其他环境介导,2-不确定,综合-多因子,A.baumannii; E.faecium; P.aeruginosa; S.aureus,潜在耐药传播风险/病原体携带ARG风险增加,城市化（urban）→潜在病原体相对丰度显著更高（1.27% vs 0.67%）→包含ESKAPE病原体富集→ARG/病原体联合暴露风险上升,"“The relative abundance of potential pathogens was significantly higher in urban samples (1.27%) than that in peri-urban dust samples (0.67%) (P < 0.05) (Figure 4A)” (p.3923, para.3)",2-观察性数据,Observational,2-间接数据支持,Indirect empirical support,1-促进AMR,Promoting AMR,2-观察累积,Observational cumulative/seasonal,2-自然环境,Natural environment,2026-01-07
EVID_145-M7,145,7,Li (2024),"Spatiotemporal Changes of Antibiotic Resistance, Potential Pathogens, and Health Risk in Kindergarten Dust",Results- p.3924-para.2,1-Results实验数据,Results,2-环境介导,Environment-mediated pathways,2f-其他环境介导,2-不确定,综合-多因子,A.baumannii; E.faecium; P.aeruginosa; S.aureus,潜在耐药感染风险上升,城市化（urban）→ESKAPE病原体在尘埃中检出并富集→与ARG/MGE共现背景下提示潜在耐药感染威胁增加,"“The ESKAPE pathogens, Acinetobacter baumannii, Enterococcus faecium, Pseudomonas aeruginosa, and Staphylococcus aureus, were detected in dust samples by both metagenomic analysis and an amplicon-based approach, suggesting necessary attention of kindergarten surface dust should be paid.” (p.3924, para.2)",2-观察性数据,Observational,2-间接数据支持,Indirect empirical support,1-促进AMR,Promoting AMR,2-观察累积,Observational cumulative/seasonal,2-自然环境,Natural environment,2026-01-07
EVID_146-M1,146,1,Kumar (2020),Seasonality impels the antibiotic resistance in Kelani River of the emerging economy of Sri Lanka,Results and discussion-p.2-para.3,2-Results+Discussion整合,Results and discussion integration,2-环境介导,Environment-mediated pathways,2f-其他环境介导,2c-水文条件；2b-抗生素残留,降水-季节模式改变,E.coli,耐药率上升,降水-季节变化→河流自净/抗生素降解过程季节差异→影响抗生素暴露→改变E.coli对氟喹诺酮类的耐药比例→耐药率上升,"“The resistance percentage of the fluoroquinolone (LVX, CIP, and NFX) decreased from upstream K1 to downstream K4 in the Kelani river (Fig. 2). This could be due to the self-purification of the river or the degradation of available antibiotics. Observed seasonal variation is hinting at the influences of climatic factors on the antibiotic susceptibility.” (p.2, para.3)",2-观察性数据,Observational,2-间接数据支持,Indirect empirical support,1-促进AMR,Promoting AMR,2-观察累积,Observational cumulative/seasonal,2-自然环境,Natural environment,2026-01-07
EVID_146-M2,146,2,Kumar (2020),Seasonality impels the antibiotic resistance in Kelani River of the emerging economy of Sri Lanka,Results and discussion-p.2-para.3,2-Results+Discussion整合,Results and discussion integration,2-环境介导,Environment-mediated pathways,2d-水土理化性质,2d-水土理化性质,温度-季节性变化,E.coli,耐药率上升,温度-季节平均温度变化（夏季/旱季更高温）→抗生素敏感性下降（susceptibility decreased）→耐药表型增加→耐药率上升,"“Fluoroquinolones (LVX, CIP, NFX) showed a similar trend as their susceptibility also decreased in the summer season at all locations except the susceptibility for NFX at sampling location K4.” (p.2, para.3)",2-观察性数据,Observational,2-间接数据支持,Indirect empirical support,1-促进AMR,Promoting AMR,2-观察累积,Observational cumulative/seasonal,2-自然环境,Natural environment,2026-01-07
EVID_146-M3,146,3,Kumar (2020),Seasonality impels the antibiotic resistance in Kelani River of the emerging economy of Sri Lanka,Results and discussion-p.2-para.4,2-Results+Discussion整合,Results and discussion integration,2-环境介导,Environment-mediated pathways,2f-其他环境介导,2c-水文条件；2b-抗生素残留,降水-季节模式改变,E.coli,耐药率上升,降水-降雨→雨季径流/稀释/富集+排放（WWTP/DWTP）共同作用→影响抗生素/耐药菌进入河流与扩散→改变氟喹诺酮耐药→耐药率上升,"“However, for the Chaophraya River, land-use patterns were considered as the governing factor to influence resistance for the fluoroquinolones, which seems not true for the Kelani River, which seems to have influenced by climatic factor, rains, enrichments, dilutions, WWTP, and DWTP…” (p.2, para.4)",2-观察性数据,Observational,3-理论推测,Theoretical support,1-促进AMR,Promoting AMR,2-观察累积,Observational cumulative/seasonal,2-自然环境,Natural environment,2026-01-07
EVID_146-M4,146,4,Kumar (2020),Seasonality impels the antibiotic resistance in Kelani River of the emerging economy of Sri Lanka,Results and discussion-p.3-para.2,2-Results+Discussion整合,Results and discussion integration,2-环境介导,Environment-mediated pathways,2f-其他环境介导,2c-水文条件,降水-季节模式改变,ARGs（blaCTX1; qnrs）,耐药基因丰度增加,降水-季节变化→水文过程/排放差异→ARG在不同季节输入/稀释/迁移改变→ARG季节丰度差异→耐药基因丰度增加,"“Two out of three genes studied (blaCTX1 and qnrs) were found to be considerably higher at all sites in the summer (March) season than in winter (October). This shows that there is a substantial impact of seasons on the prevalence of ARG as well.” (p.3, para.2)",2-观察性数据,Observational,2-间接数据支持,Indirect empirical support,1-促进AMR,Promoting AMR,2-观察累积,Observational cumulative/seasonal,2-自然环境,Natural environment,2026-01-07
EVID_146-M5,146,5,Kumar (2020),Seasonality impels the antibiotic resistance in Kelani River of the emerging economy of Sri Lanka,Results and discussion-p.3-para.2,3-Discussion数据解释,Discussion interpretation,2-环境介导,Environment-mediated pathways,2f-其他环境介导,2c-水文条件,降水-季节模式改变,ARGs（blaCTX1; qnrs 等）,耐药基因丰度增加,降水-降雨（湿季高流量）→下游ARG输入增强（influx）→ARG在河流中迁移扩散增强→影响ARG季节分布→耐药基因丰度增加,"“It may be attributed to a higher influx of ARG in the downstream during wet seasons with higher discharge.” (p.3, para.2)",3-模型模拟,Model-based,5-理论推测,Theoretical support,1-促进AMR,Promoting AMR,2-观察累积,Observational cumulative/seasonal,2-自然环境,Natural environment,2026-01-07
EVID_146-M6,146,6,Kumar (2020),Seasonality impels the antibiotic resistance in Kelani River of the emerging economy of Sri Lanka,Results and discussion-p.4-para.2,2-Results+Discussion整合,Results and discussion integration,2-环境介导,Environment-mediated pathways,2f-其他环境介导,2c-水文条件,降水-季节模式改变,ARGs（ARG copies）,耐药基因丰度增加,降水-季节变化→蒸发/降雨/径流/合流制溢流等水文过程改变+水质参数改变→ARG迁移与传播过程改变→旱季ARG拷贝数增加→耐药基因丰度增加,"“We observed an increase in the number of ARG copies during dry season, that is, March 2018 than that of the wet season, that is, October 2017. It implies that ARG prevalence and transport are not only source dependent but are also dependent on factors such as seasonality, discharge, hydrological processes like evaporation, rainfall, runoff, and combined sewer overflow, associated water quality parameters…” (p.4, para.2)",2-观察性数据,Observational,2-间接数据支持,Indirect empirical support,1-促进AMR,Promoting AMR,2-观察累积,Observational cumulative/seasonal,2-自然环境,Natural environment,2026-01-07
EVID_146-M7,146,7,Kumar (2020),Seasonality impels the antibiotic resistance in Kelani River of the emerging economy of Sri Lanka,Results and discussion-p.4-para.2,2-Results+Discussion整合,Results and discussion integration,2-环境介导,Environment-mediated pathways,2d-水土理化性质,2d-水土理化性质,降水-干旱,ARB; ARGs,耐药基因丰度增加,干旱-蒸发增强（旱季）→污染物/离子富集（ionic enrichment）→EC升高→ARB/ARG与富集关联增强→促进AMR传播维持→耐药基因丰度增加,"“Close associations of both ARB and ARGs seem to be there with contaminant or ionic enrichment, leading to an increase in the overall electrical conductivities (ECs) of the river water in the dry season.” (p.4, para.2)",2-观察性数据,Observational,3-理论推测,Theoretical support,1-促进AMR,Promoting AMR,2-观察累积,Observational cumulative/seasonal,2-自然环境,Natural environment,2026-01-07
EVID_147-M1,147,1,Kolonitsiou (2017),Trends of Bloodstream Infections in a University Greek Hospital during a Three-Year Period: Incidence of Multidrug-Resistant Bacteria and Seasonality in Gram-negative Predominance,Results-p.174-para.3,1-Results实验数据,Results,3-生态社会介导,Socio-ecological mediation,3g-其他社会介导,3b-人用抗生素（感染增加）,温度-季节性变化,Gram-negative bacteria; Fungi,耐药风险/耐药负担增加（感染谱偏移）,夏季温度升高/季节变化→Gram-negative与真菌BSI发生更频繁→住院感染谱向Gram-negative偏移→增加耐药菌相关负担,"“BSIs due to Gram-positive bacteria was less frequent in spring (P<0.001; aIRR 0.052; 95% CI 0.40–0.68), summer (P<0.001; aIRR 0.58; 95% CI 10.45–0.74) and autumn (P<0.001; aIRR 0.61; 95% CI 0.47–0.77), while Gram-negative bacteria (P<0.001; aIRR 1.84; 95% CI 1.47–2.29) and fungi (P<0.001; aIRR 3.20; 95% CI 1.57–6.51) were more frequent in summer months.” (p.174, para.3)",2-观察性数据,Observational,2-间接数据支持,Indirect empirical support,3-双向作用,Bidirectional or mixed,2-观察累积,Observational cumulative/seasonal,4-宿主体内,Within host / clinical,2026-01-07
EVID_147-M2,147,2,Kolonitsiou (2017),Trends of Bloodstream Infections in a University Greek Hospital during a Three-Year Period: Incidence of Multidrug-Resistant Bacteria and Seasonality in Gram-negative Predominance,Discussion-p.178-para.5,3-Discussion数据解释,Discussion interpretation,3-生态社会介导,Socio-ecological mediation,3g-其他社会介导,3b-人用抗生素（感染增加）,温度-季节性变化,Candida spp.; Gram-negative bacteria (Klebsiella spp.; Acinetobacter spp.; P. aeruginosa),耐药风险/耐药负担增加（与耐药G-相关）,夏季温度升高/季节变化→Candida与特定Gram-negative菌（Klebsiella/Acinetobacter/Pseudomonas）BSI增加→医院内耐药菌传播与感染负担加重,"“In our study, total BSI incidence was higher during summer months due to higher incidence of Candida spp. and Gram-negative bacteria during these months, especially Klebsiella spp., Acinetobacter spp. and P. aeruginosa.” (p.178, para.5)",2-观察性数据,Observational,2-间接数据支持,Indirect empirical support,1-促进AMR,Promoting AMR,2-观察累积,Observational cumulative/seasonal,4-宿主体内,Within host / clinical,2026-01-07
EVID_147-M3,147,3,Kolonitsiou (2017),Trends of Bloodstream Infections in a University Greek Hospital during a Three-Year Period: Incidence of Multidrug-Resistant Bacteria and Seasonality in Gram-negative Predominance,Discussion-p.178-para.5,3-Discussion数据解释,Discussion interpretation,1-直接生物学效应,Direct biological mechanisms,1a-生长代谢,可删除,温度-升高,Gram-negative bacteria (E.coli作为文献证据点),感染谱偏移/耐药风险增加,温度升高→Gram-negative BSI发生率随温度增加而升高→热季节耐药相关菌感染风险上升,"“It was previously proven that Gram-negative BSI incidence increases proportionately to temperature’s increase (Paul, 2012; Schwab et al., 2014).” (p.178, para.5)",2-观察性数据,Observational,3-理论推测,Theoretical support,1-促进AMR,Promoting AMR,2-观察累积,Observational cumulative/seasonal,4-宿主体内,Within host / clinical,2026-01-07
EVID_147-M4,147,4,Kolonitsiou (2017),Trends of Bloodstream Infections in a University Greek Hospital during a Three-Year Period: Incidence of Multidrug-Resistant Bacteria and Seasonality in Gram-negative Predominance,Discussion-p.178-para.5,3-Discussion数据解释,Discussion interpretation,3-生态社会介导,Socio-ecological mediation,3g-其他社会介导,3b-人用抗生素（感染增加）,温度-季节变化（冬季）,CNS (coagulase negative staphylococci),耐药风险/耐药负担增加（MR-CNS等背景）,冬季（季节变化）→CNS血流感染发生率更高→若伴高甲氧西林耐药率则AMR负担上升,"“This is the first study to demonstrate higher CNS BSIs incidence in winter months, which cannot be explained by temperature-dependence of CNS.” (p.178, para.5)",2-观察性数据,Observational,2-间接数据支持,Indirect empirical support,4-不确定,Uncertain,2-观察累积,Observational cumulative/seasonal,4-宿主体内,Within host / clinical,2026-01-07
EVID_147-M5,147,5,Kolonitsiou (2017),Trends of Bloodstream Infections in a University Greek Hospital during a Three-Year Period: Incidence of Multidrug-Resistant Bacteria and Seasonality in Gram-negative Predominance,Discussion-p.179-para.1,3-Discussion数据解释,Discussion interpretation,3-生态社会介导,Socio-ecological mediation,3g-其他社会介导,可删除,温度-季节变化（夏季）,Candida spp.,感染风险增加/耐药风险增加,夏季季节变化（住院环境/温度相关）→Candida spp.分离概率上升→真菌血流感染在夏季更高→医疗相关感染负担增加,"“Candidemia showed seasonality in the present study, being significantly higher in summer months as compared to winter ones, a finding that reinforces previously published results of a previous study, where hospitalization during summer months was an independent risk factor for Candida spp. isolation.” (p.179, para.1)",2-观察性数据,Observational,2-间接数据支持,Indirect empirical support,1-促进AMR,Promoting AMR,2-观察累积,Observational cumulative/seasonal,4-宿主体内,Within host / clinical,2026-01-07
EVID_147-M6,147,6,Kolonitsiou (2017),Trends of Bloodstream Infections in a University Greek Hospital during a Three-Year Period: Incidence of Multidrug-Resistant Bacteria and Seasonality in Gram-negative Predominance,Conclusions-p.179-para.3,3-Discussion数据解释,Discussion interpretation,3-生态社会介导,Socio-ecological mediation,3g-其他社会介导,可删除,温度-季节变化（冬季/夏季）,CNS; Gram-negative bacteria (Klebsiella spp.),耐药风险/耐药负担增加（感染谱偏移）,季节变化→冬季CNS更常见、夏季Gram-negative更常见（尤其Klebsiella）→影响AMR相关病原谱与抗菌药压力,"“CNS was the most commonly isolated pathogen from bacteremic patients and was more common during winter months, in contrast to summer occurrence of Gram-negative bacteria especially Klebsiella spp.” (p.179, para.3)",2-观察性数据,Observational,2-间接数据支持,Indirect empirical support,3-双向作用,Bidirectional or mixed,2-观察累积,Observational cumulative/seasonal,4-宿主体内,Within host / clinical,2026-01-07
EVID_153-M1,153,1,Jałowiecki (2022),Seasonal and Technological Shifts of the WHO Priority Multi-Resistant Pathogens in Municipal Wastewater Treatment Plant and Its Receiving Surface Water: A Case Study,Results-p.4-para.1,1-Results实验数据,Results,2-环境介导,Environment-mediated pathways,2d-水土理化性质,2d-水土理化性质,温度-季节平均温度变化,WHO priority pathogens（Enterobacteriaceae; E. coli; Klebsiella pneumoniae等）,耐药菌相对丰度增加,温度-季节平均温度变化→环境参数差异（不同季节温度差异）→WHO优先多重耐药病原在不同季节分布差异→耐药菌相对丰度增加,"“Bacteria from the WHO priority pathogens list constituted from 2.15% of relative abundance of total identified bacteria in spring to 3.44% and 3.26% in autumn and summer, respectively.” (p.4, para.1)",2-观察性数据,Observational,2-间接数据支持,Indirect empirical support,1-促进AMR,Promoting AMR,2-观察累积,Observational cumulative/seasonal,3-人造环境,Built or engineered environment,2026-01-07
EVID_153-M2,153,2,Jałowiecki (2022),Seasonal and Technological Shifts of the WHO Priority Multi-Resistant Pathogens in Municipal Wastewater Treatment Plant and Its Receiving Surface Water: A Case Study,Results-p.4-para.1,1-Results实验数据,Results,2-环境介导,Environment-mediated pathways,2d-水土理化性质,2d-水土理化性质,温度-季节平均温度变化,Enterobacteriaceae（E. coli; Klebsiella pneumoniae）,耐药菌相对丰度增加,温度-季节平均温度变化→影响Enterobacteriaceae在不同季节相对丰度→夏/秋高于春→耐药菌相对丰度增加,"“The average values of Enterobacteriaceae in all samples were 36.3%, 34.5%, and 23.7% in summer, autumn, and spring, respectively.” (p.4, para.1)",2-观察性数据,Observational,2-间接数据支持,Indirect empirical support,1-促进AMR,Promoting AMR,2-观察累积,Observational cumulative/seasonal,3-人造环境,Built or engineered environment,2026-01-07
EVID_153-M3,153,3,Jałowiecki (2022),Seasonal and Technological Shifts of the WHO Priority Multi-Resistant Pathogens in Municipal Wastewater Treatment Plant and Its Receiving Surface Water: A Case Study,Results-p.4-para.2,2-Results+Discussion整合,Results and discussion integration,2-环境介导,Environment-mediated pathways,2d-水土理化性质,2d-水土理化性质,温度-季节平均温度变化,WHO priority pathogens（整体）,耐药菌相对丰度增加,温度-季节平均温度变化→影响病原在不同季节分布→形成显著季节差异→耐药菌相对丰度增加,"“In all analyses, the values of Spearman correlation index between seasons were high. It is suggested that environmental parameters, such as temperature differences, effect pathogen distribution in various seasons.” (p.4, para.2)",2-观察性数据,Observational,3-理论推测,Theoretical support,1-促进AMR,Promoting AMR,2-观察累积,Observational cumulative/seasonal,3-人造环境,Built or engineered environment,2026-01-07
EVID_153-M4,153,4,Jałowiecki (2022),Seasonal and Technological Shifts of the WHO Priority Multi-Resistant Pathogens in Municipal Wastewater Treatment Plant and Its Receiving Surface Water: A Case Study,Materials and Methods-p.2-para.1,5-Methods机制设计,Methods-based mechanism design,2-环境介导,Environment-mediated pathways,2d-水土理化性质,2d-水土理化性质,温度-季节平均温度变化,WHO priority pathogens（整体）,耐药菌相对丰度增加,温度-季节平均温度变化（夏/秋/春）→污水厂进出水温度变化→影响多重耐药WHO优先病原的分布→耐药菌相对丰度增加,"“The samples were collected in three seasons: summer (June 2018), autumn (November 2018), and spring (March 2019) from the full-scale municipal wastewater treatment plant…” (p.2, para.1)",4-文献综述,Review-based,4-文献综述总结,Review-based support,4-不确定,Uncertain,4-未明确,Conceptual or unclear,3-人造环境,Built or engineered environment,2026-01-07
EVID_156-M1,156,1,Huang (2019),Diverse and abundant antibiotics and antibiotic resistance genes in an urban water system,Results and discussion- p.500-para.1,2-Results+Discussion整合,Results and discussion integration,2-环境介导,Environment-mediated pathways,2d-水土理化性质,2d-水土理化性质,其他-季节性,未明确,耐药基因丰度增加,季节性（spring vs winter）→环境条件/水系统状态差异（同一城市水系统不同季节采样）→ARGs相对丰度在春季整体更高→耐药基因丰度增加,"“In the samples collected during spring, the relative abundance of ARGs in L sites was between 1.6 and 81.9. The relative abundances in SE, IW, EW, PR, and TW were 7.2–59.9, 40.0, 0.6, 0.2–466.1, and 269.1, respectively. Apparently, the relative abundance of ARGs in the spring was higher than in the winter (p-value is 0.097, by paired-samples t-test).” (p.500, para.1)",2-观察性数据,Observational,2-间接数据支持,Indirect empirical support,1-促进AMR,Promoting AMR,2-观察累积,Observational cumulative/seasonal,3-人造环境,Built or engineered environment,2026-01-08
EVID_156-M2,156,2,Huang (2019),Diverse and abundant antibiotics and antibiotic resistance genes in an urban water system,Results and discussion- p.501-para.1,2-Results+Discussion整合,Results and discussion integration,1-直接生物学效应,Direct biological mechanisms,1c-HGT质粒接合,1c-水平基因转移,其他-季节性,未明确,HGT频率增加,季节性（spring vs winter）→转座酶相对浓度在部分区段春季略高→提示潜在水平转移能力随季节波动→HGT相关风险存在,"“The relative concentration of transposases in L, IW, and EW sites was a little higher in spring than that in winter, but that in PR and TW sites was a little lower (as shown in Fig. S4 in Supplementary Information).” (p.501, para.1)",2-观察性数据,Observational,2-间接数据支持,Indirect empirical support,3-双向作用,Bidirectional or mixed,2-观察累积,Observational cumulative/seasonal,3-人造环境,Built or engineered environment,2026-01-08
EVID_156-M3,156,3,Huang (2019),Diverse and abundant antibiotics and antibiotic resistance genes in an urban water system,Results and discussion- p.501-para.1,2-Results+Discussion整合,Results and discussion integration,1-直接生物学效应,Direct biological mechanisms,1c-HGT质粒接合,1c-水平基因转移,其他-季节性,未明确,HGT频率增加,季节性背景下（不同季节采样）→转座酶丰度与ARGs丰度相关→提示水平基因转移可能促进ARGs富集→HGT相关AMR过程增强,"“The close correlation between the abundance of transposases and ARGs suggests that horizontal gene transfer may be conducive to the enrichment of ARGs (Zhu et al., 2013).” (p.501, para.1)",2-观察性数据,Observational,2-间接数据支持,Indirect empirical support,1-促进AMR,Promoting AMR,2-观察累积,Observational cumulative/seasonal,3-人造环境,Built or engineered environment,2026-01-08
EVID_156-M4,156,4,Huang (2019),Diverse and abundant antibiotics and antibiotic resistance genes in an urban water system,Results and discussion- p.501-para.1,2-Results+Discussion整合,Results and discussion integration,1-直接生物学效应,Direct biological mechanisms,1c-HGT质粒接合,1c-水平基因转移,其他-季节性,未明确,HGT频率增加,季节性（winter/spring）→不同区段转座酶相对浓度存在差异但普遍存在→提示ARG水平转移风险在城市水系统广泛存在→HGT相关风险持续,"“Although there were some differences in the relative concentration of transposases in different sections during the urban water system, the risk of horizontal transfer of ARGs existed widely.” (p.501, para.1)",2-观察性数据,Observational,2-间接数据支持,Indirect empirical support,1-促进AMR,Promoting AMR,2-观察累积,Observational cumulative/seasonal,3-人造环境,Built or engineered environment,2026-01-08
EVID_156-M5,156,5,Huang (2019),Diverse and abundant antibiotics and antibiotic resistance genes in an urban water system,Conclusion- p.501-para.2,3-Discussion数据解释,Discussion interpretation,1-直接生物学效应,Direct biological mechanisms,1c-HGT质粒接合,1c-水平基因转移,其他-季节性,未明确,HGT频率增加,季节性差异（winter/spring采样并评估转座酶）→尽管WWTP处理后ARG丰度下降→转座酶介导的水平转移风险仍不可忽视→AMR传播风险持续,"“Although WWTP had a certain removal effect on the antibiotics and the abundance of ARGs in sewage decreased after the treatment, the horizontal transfer risk by transposases could not be ignored, thus sufficient attention should be paid to this issue.” (p.501, para.2)",2-观察性数据,Observational,2-间接数据支持,Indirect empirical support,1-促进AMR,Promoting AMR,2-观察累积,Observational cumulative/seasonal,3-人造环境,Built or engineered environment,2026-01-08
EVID_158-M1,158,1,Hoberman (2005),Penicillin Susceptibility of Pneumococcal Isolates Causing Acute Otitis Media in Children Seasonal Variation,Results-p.117-para.1,1-Results实验数据,Results,3-生态社会介导,Socio-ecological mediation,3a-疾病负担,3b-人用抗生素（感染增加）,温度-季节平均温度变化,S.pneumoniae,耐药率上升,温度-季节平均温度变化（呼吸道感染季节推进/冬季）→AOM发病月份分布改变→耐药肺炎链球菌导致的AOM比例随季节推进增加→耐药率上升,"“When data were analyzed according to the months during which AOM episodes occurred, the proportion of episodes caused by strains of nonsusceptible pneumococci appeared to increase as the respiratory season progressed Fig. 2A, May through December (12 of 66) versus January through April (40 of 99); P 0.004_x0004_, both among children with pneumococcal isolates (Fig. 2A; test for trend, P 0.03) and in all children with AOM (Fig. 2B; test for trend (P 0.046).” (p.117, para.1)",2-观察性数据,Observational,2-间接数据支持,Indirect empirical support,1-促进AMR,Promoting AMR,2-观察累积,Observational cumulative/seasonal,5-未明确,Mixed or unspecified,2026-01-08
EVID_158-M2,158,2,Hoberman (2005),Penicillin Susceptibility of Pneumococcal Isolates Causing Acute Otitis Media in Children Seasonal Variation,Results-p.116-para.2,1-Results实验数据,Results,3-生态社会介导,Socio-ecological mediation,3a-疾病负担,3b-人用抗生素（感染增加）,温度-季节平均温度变化,S.pneumoniae,耐药率上升,温度-季节平均温度变化（晚秋-冬季）→AOM发生集中于冬季→耐药菌致病概率增加→耐药率上升,"“Overall _x0001_60% of the episodes of AOM occurred during the late fall and winter months.” (p.116, para.2)",2-观察性数据,Observational,2-间接数据支持,Indirect empirical support,4-不确定,Uncertain,2-观察累积,Observational cumulative/seasonal,5-未明确,Mixed or unspecified,2026-01-08
EVID_158-M3,158,3,Hoberman (2005),Penicillin Susceptibility of Pneumococcal Isolates Causing Acute Otitis Media in Children Seasonal Variation,Results-p.117-para.1,1-Results实验数据,Results,3-生态社会介导,Socio-ecological mediation,3a-疾病负担,可删除,温度-季节平均温度变化,S.pneumoniae,耐药率上升,温度-季节平均温度变化（冬季→春季）→耐药菌株构成变化→“resistant（而非intermediate）”比例在春季更高→耐药率上升,"“Furthermore the proportion of nonsusceptible pneumococcal strains that were resistant (as distinct from intermediate) was higher during the spring months (March–May) than during the winter months (December–February) (23 of 26 versus 11 of 19; P 0.03).” (p.117, para.1)",2-观察性数据,Observational,2-间接数据支持,Indirect empirical support,1-促进AMR,Promoting AMR,2-观察累积,Observational cumulative/seasonal,5-未明确,Mixed or unspecified,2026-01-08
EVID_158-M4,158,4,Hoberman (2005),Penicillin Susceptibility of Pneumococcal Isolates Causing Acute Otitis Media in Children Seasonal Variation,Discussion-p.119-para.1,3-Discussion数据解释,Discussion interpretation,3-生态社会介导,Socio-ecological mediation,3a-疾病负担,3b-人用抗生素（感染增加）,温度-季节平均温度变化,S.pneumoniae,耐药率上升,温度-季节平均温度变化（冬季病毒呼吸道感染增加）→AOM发作数量上升→抗生素治疗使用增加→抗菌压力选择耐药肺炎链球菌→耐药率上升,"“It seems plausible that through the winter months, increasingly prevalent viral respiratory infections initiate a cycle of increasing numbers of AOM episodes and increasing antimicrobial treatment. This in turn may eventually select for resistant strains of S. pneumoniae that had not been prevalent earlier in the season but that then become more prevalent throughout the community.” (p.119, para.1)",5-理论推测,Theoretical/projection,3-理论推测,Theoretical support,1-促进AMR,Promoting AMR,2-观察累积,Observational cumulative/seasonal,5-未明确,Mixed or unspecified,2026-01-08
EVID_158-M5,158,5,Hoberman (2005),Penicillin Susceptibility of Pneumococcal Isolates Causing Acute Otitis Media in Children Seasonal Variation,Discussion-p.118-para.3,3-Discussion数据解释,Discussion interpretation,3-生态社会介导,Socio-ecological mediation,3b-人用抗生素,3b-人用抗生素（感染增加）,温度-季节平均温度变化,S.pneumoniae,耐药率上升,温度-季节平均温度变化→托幼暴露导致病毒呼吸道感染更多→AOM易感性增加→冬季抗生素使用更高→选择耐药菌株→耐药率上升,"“Seasonal variation in pneumococcal resistance may be related to day-care attendance. Children exposed to many other young children on a regular basis are more likely to experience viral respiratory infections than children not similarly exposed, and viral infections are well-established as predisposing factors for the development of AOM.10 Previous reports have documented a high degree of antimicrobial use during the winter months in children attending day-care centers,11–13 and antimicrobial pressure in such settings has been shown to select for nonsusceptible strains of S. pneumoniae.” (p.118, para.3)",5-理论推测,Theoretical/projection,4-文献综述总结,Review-based support,1-促进AMR,Promoting AMR,2-观察累积,Observational cumulative/seasonal,5-未明确,Mixed or unspecified,2026-01-08
EVID_158-M6,158,6,Hoberman (2005),Penicillin Susceptibility of Pneumococcal Isolates Causing Acute Otitis Media in Children Seasonal Variation,Discussion-p.119-para.2,3-Discussion数据解释,Discussion interpretation,3-生态社会介导,Socio-ecological mediation,3a-疾病负担,3b-人用抗生素（感染增加）,温度-季节平均温度变化,S.pneumoniae,耐药率上升,温度-季节平均温度变化（全年呼吸道季节推进）→肺炎链球菌敏感性全年变化→耐药随呼吸季节推进而上升→耐药率上升,"“In summary, our data suggest that changes in pneumococcal susceptibility occur throughout the year, with resistance increasing as the respiratory season progresses.” (p.119, para.2)",2-观察性数据,Observational,2-间接数据支持,Indirect empirical support,1-促进AMR,Promoting AMR,2-观察累积,Observational cumulative/seasonal,5-未明确,Mixed or unspecified,2026-01-08
EVID_159-M1,159,1,Hobeika (2022),Resistome Diversity and Dissemination of WHO Priority Antibiotic Resistant Pathogens in Lebanese Estuaries,Results-p.5-para.1,1-Results实验数据,Results,2-环境介导,Environment-mediated pathways,2d-水土理化性质,2d-水土理化性质,温度-季节性变化,未明确,耐药基因丰度增加,季节变化-冬季→环境条件/水文过程变化（文中以冬季采样）→河口水体中靶向耐药基因组(resistome) normalized abundance升高→ARG污染水平更高,"“Overall, a higher normalized abundance of the targeted resistome was detected during the winter sampling campaign (Figure 1).” (p.5, para.1)",2-观察性数据,Observational,2-间接数据支持,Indirect empirical support,1-促进AMR,Promoting AMR,2-观察累积,Observational cumulative/seasonal,2-自然环境,Natural environment,2026-01-08
EVID_159-M2,159,2,Hobeika (2022),Resistome Diversity and Dissemination of WHO Priority Antibiotic Resistant Pathogens in Lebanese Estuaries,Results-p.5-para.3,1-Results实验数据,Results,2-环境介导,Environment-mediated pathways,2f-其他环境介导,2c-水文条件,温度-季节性变化,未明确,耐药基因丰度增加,季节变化-冬季→生态位/环境压力改变→促进多类耐药基因（氨基糖苷/大环内酯/四环素/磺胺等）在河流样品中更高normalized abundance→耐药基因负荷升高,"“Individual resistance genes such as the strB, spc (conferring resistance to streptomycin, spectinomycin), the mefA gene (conferring resistance to macrolides), the tetracycline resistance gene tetM, and the resistance gene sulA conferring resistance to sulphonamides, were also detected in higher normalized abundance in different rivers during the winter sampling campaign.” (p.5, para.3)",2-观察性数据,Observational,2-间接数据支持,Indirect empirical support,1-促进AMR,Promoting AMR,2-观察累积,Observational cumulative/seasonal,2-自然环境,Natural environment,2026-01-08
EVID_159-M3,159,3,Hobeika (2022),Resistome Diversity and Dissemination of WHO Priority Antibiotic Resistant Pathogens in Lebanese Estuaries,Results-p.5-para.2,1-Results实验数据,Results,2-环境介导,Environment-mediated pathways,2f-其他环境介导,2d-水土理化性质,温度-季节性变化,未明确,耐药基因传播增加,季节变化-冬季→环境压力变化→携带多ARG的可移动质粒标志IncP-1普遍存在→作为人类活动/污染标志并促进ARG与integrons传播→增强耐药基因扩散潜力,"“The marker IncP‐1 was detected in all river estuaries. IncP‐1 plasmids are highly promiscuous and considered as anthropogenic markers in the environment. They frequently carry multiple ARGs and are suggested to be important vectors of ARGs and integrons [31].” (p.5, para.2)",2-观察性数据,Observational,2-间接数据支持,Indirect empirical support,1-促进AMR,Promoting AMR,2-观察累积,Observational cumulative/seasonal,2-自然环境,Natural environment,2026-01-08
EVID_159-M4,159,4,Hobeika (2022),Resistome Diversity and Dissemination of WHO Priority Antibiotic Resistant Pathogens in Lebanese Estuaries,Results-p.5-para.3,1-Results实验数据,Results,2-环境介导,Environment-mediated pathways,2f-其他环境介导,2d-水土理化性质,温度-季节性变化,未明确,耐药基因传播增加,季节变化-冬季→环境条件变化→与ARG扩散相关的转座酶基因丰度升高→提高ARG在细菌群落中的水平传播概率→促进耐药扩散,"“Noticeably, transposase genes that are associated with the dissemination of ARGs amongst bacteria were detected in high normalized abundance in most river samples, especially during the winter sampling campaign.” (p.5, para.3)",2-观察性数据,Observational,2-间接数据支持,Indirect empirical support,1-促进AMR,Promoting AMR,2-观察累积,Observational cumulative/seasonal,2-自然环境,Natural environment,2026-01-08
EVID_159-M5,159,5,Hobeika (2022),Resistome Diversity and Dissemination of WHO Priority Antibiotic Resistant Pathogens in Lebanese Estuaries,Results-p.5-para.4,1-Results实验数据,Results,2-环境介导,Environment-mediated pathways,2f-其他环境介导,2d-水土理化性质,温度-季节性变化,未明确,耐药基因组成改变,季节变化-冬季→环境条件变化→不同采样季节产生不同resistome signature→冬季北部河口抗性谱更相似（变异更小）→提示季节驱动抗性谱趋同/重塑,"“Figure 2 exhibits different resistome signatures between the two sampling campaigns, with a higher diversity between individual rivers in spring than in winter. The resistome signature is less variable and remarkably similar between the northern sampled estuaries (Janoubi, Ostuene, Aarqa, and Bared) during the winter campaign.” (p.5, para.4)",2-观察性数据,Observational,2-间接数据支持,Indirect empirical support,1-促进AMR,Promoting AMR,2-观察累积,Observational cumulative/seasonal,2-自然环境,Natural environment,2026-01-08
EVID_160-M1,160,1,Herrig (2020),"Prevalence and seasonal dynamics of blaCTX-M antibiotic resistance genes and fecal indicator organisms in the lower Lahn River, Germany",Results and discussion-p.8-para.2,2-Results+Discussion整合,Results and discussion integration,2-环境介导,Environment-mediated pathways,2d-水土理化性质,2d-水土理化性质,降水-季节模式改变,E.coli,耐药基因丰度增加,降雨增加→径流/流量升高与浊度、营养盐上升→河流粪污/颗粒物携带污染输入增强→blaCTX-M浓度升高→耐药基因丰度增加,"“Levels of FIO and ARG increased with discharge, turbidity, dissolved oxygen, rainfall, and nutrient concentrations, whereas water temperature, conductivity, pH, chlorophyll-a, and global solar irradiance were associated with a decline in FIO and ARG concentrations (Table 2).” (p.8, para.2)",2-观察性数据,Observational,2-间接数据支持,Indirect empirical support,1-促进AMR,Promoting AMR,2-观察累积,Observational cumulative/seasonal,2-自然环境,Natural environment,2026-01-08
EVID_160-M2,160,2,Herrig (2020),"Prevalence and seasonal dynamics of blaCTX-M antibiotic resistance genes and fecal indicator organisms in the lower Lahn River, Germany",Results and discussion-p.8-para.3,2-Results+Discussion整合,Results and discussion integration,2-环境介导,Environment-mediated pathways,2d-水土理化性质,2d-水土理化性质,温度-气温/水温升高,E.coli,耐药基因丰度降低,水温升高（春夏）→太阳辐照增强、叶绿素a等上升→微生物污染指标与ARG浓度下降→blaCTX-M浓度下降→耐药基因丰度降低,"“High concentrations of FIO and ARG were measured predominantly during fall and winter.” (p.8, para.3)",2-观察性数据,Observational,2-间接数据支持,Indirect empirical support,3-双向作用,Bidirectional or mixed,2-观察累积,Observational cumulative/seasonal,2-自然环境,Natural environment,2026-01-08
EVID_160-M3,160,3,Herrig (2020),"Prevalence and seasonal dynamics of blaCTX-M antibiotic resistance genes and fecal indicator organisms in the lower Lahn River, Germany",Results and discussion-p.8-para.3,2-Results+Discussion整合,Results and discussion integration,2-环境介导,Environment-mediated pathways,2d-水土理化性质,2d-水土理化性质,太阳辐照-增强,E.coli,耐药基因丰度降低,太阳辐照增强（春夏）→水温升高、藻类/叶绿素a升高→FIO与ARG浓度下降→blaCTX-M下降→耐药基因丰度降低,"“During spring and summer FIO and ARG concentrations declined (Fig 1, Fig 3). Both seasons were characterized by increasing global solar irradiance and therefore accompanied by rising water temperature and chlorophyll-a levels.” (p.8, para.3)",2-观察性数据,Observational,2-间接数据支持,Indirect empirical support,2-抑制AMR,Suppressing AMR,2-观察累积,Observational cumulative/seasonal,2-自然环境,Natural environment,2026-01-08
EVID_160-M4,160,4,Herrig (2020),"Prevalence and seasonal dynamics of blaCTX-M antibiotic resistance genes and fecal indicator organisms in the lower Lahn River, Germany",Results and discussion-p.9-para.2,3-Discussion数据解释,Discussion interpretation,2-环境介导,Environment-mediated pathways,2b-抗生素残留,2c-水文条件；2b-抗生素残留,降水-强降雨/累积降雨,E.coli,耐药基因丰度增加,近4天累积降雨>5mm→农业区面源径流冲刷增强→颗粒物/粪源污染物随径流入河→blaCTX-M浓度在上游农业影响区更高→耐药基因丰度增加,"“If precipitation was higher than 5 mm over the four-day period prior sampling, blaCTX-M concentrations at site 2 exceeded those measured at site 1 (Fig 5C), indicating a more prominent influence of surface runoff related emissions at site 2.” (p.9, para.2)",2-观察性数据,Observational,2-间接数据支持,Indirect empirical support,1-促进AMR,Promoting AMR,2-观察累积,Observational cumulative/seasonal,2-自然环境,Natural environment,2026-01-08
EVID_160-M5,160,5,Herrig (2020),"Prevalence and seasonal dynamics of blaCTX-M antibiotic resistance genes and fecal indicator organisms in the lower Lahn River, Germany",Results and discussion-p.10-para.1,3-Discussion数据解释,Discussion interpretation,2-环境介导,Environment-mediated pathways,2b-抗生素残留,2c-水文条件；2b-抗生素残留,水文-低流量/干旱,E.coli,耐药基因丰度增加,低流量且无降雨输入→河流稀释能力下降、点源（WWTP）持续排放占比上升→微生物污染与blaCTX-M在受WWTP影响断面维持高水平→耐药基因丰度增加,"“Without input of pollutants by rainfall and surface runoff, microbiological determinants substantially declined at site 2 during low flow periods between May and June, whereas concentrations remained elevated at site 1 (Fig 1, Fig 5B). Clearly, the WWTP provided a constant input of microbial pollutants at sampling site 1.” (p.10, para.1)",2-观察性数据,Observational,2-间接数据支持,Indirect empirical support,1-促进AMR,Promoting AMR,2-观察累积,Observational cumulative/seasonal,2-自然环境,Natural environment,2026-01-08
EVID_160-M6,160,6,Herrig (2020),"Prevalence and seasonal dynamics of blaCTX-M antibiotic resistance genes and fecal indicator organisms in the lower Lahn River, Germany",Conclusions-p.18-para.1,3-Discussion数据解释,Discussion interpretation,2-环境介导,Environment-mediated pathways,2b-水文过程（降雨/农业面源）,2c-水文条件；2b-抗生素残留,降水-降雨事件,E.coli,耐药基因丰度增加,季节性水文气象波动→blaCTX-M与E.coli随水文气象因子变化→降雨后ARG总浓度增加且与农业影响程度一致→面源径流促进ARG输入→耐药基因丰度增加,"“Overall, E. coli and blaCTX-M genes followed a similar trend and their abundances varied according to temporal variations in hydro-meteorological factors. An influence of WWTP discharges on blaCTX-M gene levels was observed under low flow conditions, whereas total concentrations of blaCTX-M genes increased after rainfall events in accordance with the degree of agricultural impact in the surrounding catchment.” (p.18, para.1)",2-观察性数据,Observational,2-间接数据支持,Indirect empirical support,1-促进AMR,Promoting AMR,2-观察累积,Observational cumulative/seasonal,2-自然环境,Natural environment,2026-01-08
EVID_161-M1,161,1,Harnisz (2020),The impact of WWTP size and sampling season on the prevalence of antibiotic resistance genes in wastewater and the river system,Results and discussion-p.8-para.1,1-Results实验数据,Results,2-环境介导,Environment-mediated pathways,2d-水土理化性质,2d-水土理化性质,温度-季节平均温度变化,未明确,耐药基因丰度增加,温度-季节平均温度变化（冬季/春季）→污水/河流水环境条件随季节变化→ARG/IntI1/16S rRNA总体丰度在冬春升高→耐药基因丰度增加,"“The quantities of the studied genes were higher in winter and spring (Fig. 2, Fig. 3, Table S5) than in summer and autumn.” (p.8, para.1)",2-观察性数据,Observational,2-间接数据支持,Indirect empirical support,1-促进AMR,Promoting AMR,2-观察累积,Observational cumulative/seasonal,2-自然环境,Natural environment,2026-01-08
EVID_161-M2,161,2,Harnisz (2020),The impact of WWTP size and sampling season on the prevalence of antibiotic resistance genes in wastewater and the river system,Results and discussion-p.8-para.1,1-Results实验数据,Results,2-环境介导,Environment-mediated pathways,2d-水土理化性质,2d-水土理化性质,温度-季节平均温度变化,未明确,耐药基因丰度增加,温度-季节平均温度变化→季节差异驱动不同ARG在春/冬上升→tet(A)/sul1/aac(6′)-Ib-cr春季升高，ermF/blaTEM冬春升高→ARG丰度增加,"“The concentrations of 16S rRNA, tet(A), sul1 and aac(6′)-Ib-cr genes increased in spring, whereas the concentrations of ermF and blaTEM increased both in winter and spring.” (p.8, para.1)",2-观察性数据,Observational,2-间接数据支持,Indirect empirical support,1-促进AMR,Promoting AMR,2-观察累积,Observational cumulative/seasonal,2-自然环境,Natural environment,2026-01-08
EVID_161-M3,161,3,Harnisz (2020),The impact of WWTP size and sampling season on the prevalence of antibiotic resistance genes in wastewater and the river system,Results and discussion-p.8-para.1,2-Results+Discussion整合,Results and discussion integration,3-生态社会介导,Socio-ecological mediation,3a-疾病负担,3b-人用抗生素（感染增加）,温度-季节平均温度变化,未明确,耐药基因丰度增加,温度-季节平均温度变化（低温季节）→抗生素处方/使用增加→抗菌选择压力增强→ARG浓度升高→耐药基因丰度增加,"“Seasonality is a robust phenomenon which affects the number of antibiotic prescriptions for outpatients (Suda et al., 2014; Sun et al., 2012). The consumption of antibiotics prescribed for the treatment of bacterial infections increases when outdoor temperature is low.” (p.8, para.1)",4-文献综述,Review-based,4-文献综述总结,Review-based support,1-促进AMR,Promoting AMR,2-观察累积,Observational cumulative/seasonal,5-未明确,Mixed or unspecified,2026-01-08
EVID_161-M4,161,4,Harnisz (2020),The impact of WWTP size and sampling season on the prevalence of antibiotic resistance genes in wastewater and the river system,Results and discussion-p.8-para.1,3-Discussion数据解释,Discussion interpretation,3-生态社会介导,Socio-ecological mediation,3b-人用抗生素,3b-人用抗生素,温度-季节平均温度变化,未明确,耐药菌/耐药基因排放增加,温度-季节平均温度变化（低温季节）→抗生素使用增加→耐药菌被选择→耐药菌随个体排泄进入污水→ARG/ARB排放增加→促进AMR传播,"“Rizzo et al. (2013) pointed out that the selection of resistant bacteria can occur during or after antimicrobial treatment and that antibiotic consumption contributes to the release of ARB into sewage water with individual excretions.” (p.8, para.1)",4-文献综述,Review-based,4-文献综述总结,Review-based support,1-促进AMR,Promoting AMR,2-观察累积,Observational cumulative/seasonal,3-人造环境,Built or engineered environment,2026-01-08
EVID_161-M5,161,5,Harnisz (2020),The impact of WWTP size and sampling season on the prevalence of antibiotic resistance genes in wastewater and the river system,Conclusions-p.12-para.1,2-Results+Discussion整合,Results and discussion integration,3-生态社会介导,Socio-ecological mediation,3b-人用抗生素,3b-人用抗生素,温度-季节平均温度变化,未明确,耐药基因丰度增加,温度-季节平均温度变化（冬/春）→抗生素消费更高→ARG在冬春达到峰值→耐药基因丰度增加,"“The abundance of ARGs peaked in winter and spring, which could probably be associated with higher antibiotic consumption in these seasons.” (p.12, para.1)",2-观察性数据,Observational,3-理论推测,Theoretical support,1-促进AMR,Promoting AMR,2-观察累积,Observational cumulative/seasonal,2-自然环境,Natural environment,2026-01-08
EVID_163-M1,163,1,Guo (2018),"Seasonal and spatial distribution of antibiotic resistance genes in the sediments along the Yangtze Estuary, China",Results and discussions- p.579-para.2,1-Results实验数据,Results,2-环境介导,Environment-mediated pathways,2d-水土理化性质,2d-水土理化性质,温度-季节平均温度变化,未明确,耐药基因丰度增加,夏季温度升高→沉积物ARG季节性上升→多数ARG在夏季显著更高→耐药基因丰度增加,"“Among sulfonamides resistance genes, the abundances were generally low in winter, and relative high in summer, especially for the sul1 genes (Fig. 2C and D).” (p.579, para.2)",2-观察性数据,Observational,2-间接数据支持,Indirect empirical support,1-促进AMR,Promoting AMR,2-观察累积,Observational cumulative/seasonal,2-自然环境,Natural environment,2026-01-08
EVID_163-M2,163,2,Guo (2018),"Seasonal and spatial distribution of antibiotic resistance genes in the sediments along the Yangtze Estuary, China",Results and discussions- p.579-para.2,1-Results实验数据,Results,2-环境介导,Environment-mediated pathways,2d-水土理化性质,2d-水土理化性质,温度-季节平均温度变化,未明确,耐药基因丰度增加,夏季高温（与冬季低温对比）→sul1拷贝数范围显著升高（10^6–10^8）→ARG丰度季节性增强→耐药基因丰度增加,"“sul1 was the dominant gene in almost all the samples with concentrations ranged from 2.81 × 10^5 to 2.22 × 10^6 copies/g in autumn, 6.06 × 10^4 to 1.07 × 10^5 copies/g in winter, 1.14 × 10^5 to 2.04 × 10^6 copies/g in spring and 1.89 × 10^6 to 1.80 × 10^8 copies/g in summer, respectively,” (p.579, para.2)",2-观察性数据,Observational,2-间接数据支持,Indirect empirical support,1-促进AMR,Promoting AMR,2-观察累积,Observational cumulative/seasonal,2-自然环境,Natural environment,2026-01-08
EVID_163-M3,163,3,Guo (2018),"Seasonal and spatial distribution of antibiotic resistance genes in the sediments along the Yangtze Estuary, China",Results and discussions- p.579-para.5,2-Results+Discussion整合,Results and discussion integration,1-直接生物学效应,Direct biological mechanisms,1c-HGT质粒接合,1c-水平基因转移,温度-季节平均温度变化,未明确,耐药基因传播,季节性温度变化→intI1丰度呈季节波动且与sul1/sul2显著相关→提示整合子介导水平基因转移促进磺胺类ARG传播→耐药基因传播增强,"“Additionally, when normalized by 16S-rRNA, intI1 abundances showed significant correlations to sul1 (r = 0.368, P = 0.038) and sul2 (r = 0.354, P = 0.047).” (p.579, para.5)",2-观察性数据,Observational,2-间接数据支持,Indirect empirical support,1-促进AMR,Promoting AMR,2-观察累积,Observational cumulative/seasonal,2-自然环境,Natural environment,2026-01-08
EVID_163-M4,163,4,Guo (2018),"Seasonal and spatial distribution of antibiotic resistance genes in the sediments along the Yangtze Estuary, China",Results and discussions- p.579-para.5,3-Discussion数据解释,Discussion interpretation,1-直接生物学效应,Direct biological mechanisms,1c-HGT质粒接合,1c-水平基因转移,温度-季节平均温度变化,未明确,耐药基因传播,温度/季节驱动微生物群落与移动遗传元件变化→整合子携带ARG并促进水平转移/整合入基因组→加速ARG出现与传播→耐药基因传播增强,"“Generally, integrons can carry antibiotic resistance genes and affect the occurrence of antibiotic resistance by facilitating horizontal gene transfer or incorporation into bacterial genome (Rowe-Magnus and Mazel, 2002; Zhu et al., 2013).” (p.579, para.5)",4-文献综述,Review-based,4-文献综述总结,Review-based support,1-促进AMR,Promoting AMR,4-未明确,Conceptual or unclear,2-自然环境,Natural environment,2026-01-08
EVID_163-M5,163,5,Guo (2018),"Seasonal and spatial distribution of antibiotic resistance genes in the sediments along the Yangtze Estuary, China",Results and discussions- p.579-para.7,1-Results实验数据,Results,2-环境介导,Environment-mediated pathways,2d-水土理化性质,2d-水土理化性质,温度-季节平均温度变化,未明确,耐药基因丰度增加,夏季温度升高→qnrS基因浓度呈显著季节差异并在夏季最高→喹诺酮耐药基因在暖季富集→耐药基因丰度增加,"“For qnrS gene, their concentrations had significant seasonal variations in most of sampling site (P < 0.05) and showed the trend of summer (average concentration of 1.40 × 10^6 copies/g) > spring (average concentration of 6.99 × 10^5 copies/g) ≈ winter (average concentration of 3.81 × 10^5 copies/g) > autumn (average concentration of 3.08 × 10^4 copies/g) (Fig. 2H).” (p.579, para.7)",2-观察性数据,Observational,2-间接数据支持,Indirect empirical support,1-促进AMR,Promoting AMR,2-观察累积,Observational cumulative/seasonal,2-自然环境,Natural environment,2026-01-08
EVID_164-M1,164,1,Guo (2022),Multi-Media Occurrence of Antibiotics and Antibiotic Resistance Genes in East Dongting Lake,Results/Abstract-p.1-para.1,1-Results实验数据,Results,2-环境介导,Environment-mediated pathways,2f-其他环境介导,2b-抗生素残留,温度-季节平均温度变化,未明确,耐药基因丰度季节性升高,低温季节→抗生素生态风险更高（选择压力↑）→促进耐药菌/耐药基因维持与传播→ARG丰度/风险上升,"“OFL and sulfamethoxazole might pose a significant high risk to aquatic organisms both in three seasons, and the ecological risk of antibiotics in East Dongting Lake is more significant at low temperatures than high.” (p.1, para.1)",2-观察性数据,Observational,2-间接数据支持,Indirect empirical support,1-促进AMR,Promoting AMR,2-观察累积,Observational cumulative/seasonal,2-自然环境,Natural environment,2026-01-08
EVID_164-M2,164,2,Guo (2022),Multi-Media Occurrence of Antibiotics and Antibiotic Resistance Genes in East Dongting Lake,Results/Abstract-p.1-para.1,1-Results实验数据,Results,2-环境介导,Environment-mediated pathways,2f-其他环境介导,2c-水文条件,温度-季节平均温度变化,未明确,耐药基因丰度增加,季节变化（春/夏/秋）→环境条件变化（温度/水文等）→ARG总丰度呈现春>夏>秋→ARG丰度增加（春季最高）,"“For seasonal change, the surface water and sediment were characterized by spring > summer > fall.” (p.1, para.1)",2-观察性数据,Observational,2-间接数据支持,Indirect empirical support,1-促进AMR,Promoting AMR,2-观察累积,Observational cumulative/seasonal,2-自然环境,Natural environment,2026-01-08
EVID_164-M3,164,3,Guo (2022),Multi-Media Occurrence of Antibiotics and Antibiotic Resistance Genes in East Dongting Lake,Discussion-p.10-para.2,3-Discussion数据解释,Discussion interpretation,2-环境介导,Environment-mediated pathways,2a-微生物群落,2d-水土理化性质,温度-季节平均温度变化,未明确,耐药基因丰度增加,温度↑ + 营养盐↑ + 抗生素浓度↑（沉积物环境）→微生物生长↑与抗性基因诱导↑→ARG在沉积物中更易富集/维持→ARG丰度增加,"“On the contrary, the higher nutrient, temperature, and antibiotic concentration selective pressure in the sediments could promote the growth of microorganisms and induction of resistance genes.” (p.10, para.2)",2-观察性数据,Observational,3-理论推测,Theoretical support,1-促进AMR,Promoting AMR,2-观察累积,Observational cumulative/seasonal,2-自然环境,Natural environment,2026-01-08
EVID_164-M4,164,4,Guo (2022),Multi-Media Occurrence of Antibiotics and Antibiotic Resistance Genes in East Dongting Lake,Results/Discussion-p.10-para.1,2-Results+Discussion整合,Results and discussion integration,2-环境介导,Environment-mediated pathways,2d-水土理化性质,2d-水土理化性质,降水/径流/水动力（间接季节性）,未明确,耐药基因环境归趋/富集增加,水动力输运→含ARG颗粒物被吸附→进入悬浮颗粒并沉积累积→沉积物成为ARG库→ARG富集增加/扩散风险上升,"“Generally, it was due to the adsorption of flowing components containing ARGs into suspended particles and accumulation in the sediments.” (p.10, para.2)",2-观察性数据,Observational,2-间接数据支持,Indirect empirical support,1-促进AMR,Promoting AMR,2-观察累积,Observational cumulative/seasonal,2-自然环境,Natural environment,2026-01-09
EVID_164-M5,164,5,Guo (2022),Multi-Media Occurrence of Antibiotics and Antibiotic Resistance Genes in East Dongting Lake,Discussion-p.10-para.1,3-Discussion数据解释,Discussion interpretation,1-直接生物学效应,Direct biological mechanisms,1h-其他直接生物学,1c-水平基因转移,季节性变化（间接）,未明确,水平基因转移风险增加,环境中int1丰度高→提示水平基因转移潜力↑→ARG在多介质（水体/沉积物）传播更容易→ARG扩散风险增加,"“The high int1 abundance in both water and sediment in our study revealed potential horizontal gene transfer in multi-media in East Dongting Lake.” (p.10, para.1)",2-观察性数据,Observational,2-间接数据支持,Indirect empirical support,1-促进AMR,Promoting AMR,2-观察累积,Observational cumulative/seasonal,2-自然环境,Natural environment,2026-01-09
EVID_164-M6,164,6,Guo (2022),Multi-Media Occurrence of Antibiotics and Antibiotic Resistance Genes in East Dongting Lake,Results/Discussion-p.5-para.2,2-Results+Discussion整合,Results and discussion integration,3-生态社会介导,Socio-ecological mediation,3b-人用抗生素,3b-人用抗生素（感染增加）,温度-低温/季节性,未明确,抗生素浓度升高→选择压力增强→ARG风险增加,低温季节→呼吸道感染/腹泻等增加→抗生素季节性使用↑→环境抗生素浓度↑→选择压力↑→促进耐药菌/ARG出现与维持,"“which may be related to the seasonal use of antibiotics in this area, especially for respiratory infection and diarrhea treatment at low temperature” (p.6, para.2)",2-观察性数据,Observational,2-间接数据支持,Indirect empirical support,1-促进AMR,Promoting AMR,2-观察累积,Observational cumulative/seasonal,2-自然环境,Natural environment,2026-01-09
EVID_166-M1,166,1,Gönder (2021),Detailed characterization and antibiotic resistance of hospital wastewater and their seasonal variation in a medical faculty hospital in Turkey,"Conclusion-p.16390, para.1",2-Results+Discussion整合,Results and discussion integration,2-环境介导,Environment-mediated pathways,2d-水土理化性质,2d-水土理化性质,降水-季节模式改变,,抗生素浓度增加（选择压力增强）,夏季（稀释率更低/干季特征）→医院废水中化合物浓度升高→抗生素环境暴露/选择压力增强→促进AMR发生与维持,"“The most compounds were found at higher concentration in summer than those in winter which was attributed to higher consumptions patterns of these agents in hospital and lower dilution rate during summer season.” (p.16390, para.1)",2-观察性数据,Observational,2-间接数据支持,Indirect empirical support,1-促进AMR,Promoting AMR,2-观察累积,Observational cumulative/seasonal,3-人造环境,Built or engineered environment,2026-01-09
EVID_166-M2,166,2,Gönder (2021),Detailed characterization and antibiotic resistance of hospital wastewater and their seasonal variation in a medical faculty hospital in Turkey,"Results/Discussion-p.16386, para.4",2-Results+Discussion整合,Results and discussion integration,2-环境介导,Environment-mediated pathways,2d-水土理化性质,2d-水土理化性质,降水-季节模式改变,,抗生素浓度增加（选择压力增强）,干季/降雨稀释弱→医院废水抗生素浓度升高→环境中抗生素残留暴露增强→促进耐药细菌/ARG选择与富集,"“In literature, it was reported that the concentrations of antibiotics in dry seasons could be higher than that of in wet seasons due to rainfall dilution (Sun et al. 2018). Higher concentrations of antibiotics in summer could be resulted from less dilution.” (p.16386, para.4)",4-文献综述,Review-based,4-文献综述总结,Review-based support,1-促进AMR,Promoting AMR,4-未明确,Conceptual or unclear,3-人造环境,Built or engineered environment,2026-01-09
EVID_166-M3,166,3,Gönder (2021),Detailed characterization and antibiotic resistance of hospital wastewater and their seasonal variation in a medical faculty hospital in Turkey,"Discussion/Results-p.16386, para.4",1-Results实验数据,Results,2-环境介导,Environment-mediated pathways,2f-其他环境介导,2c-水文条件,温度-季节性变化,,抗生素浓度增加（选择压力增强）,夏季 vs 冬季（季节变化）→医院废水中部分抗生素浓度出现季节性差异（夏季更高）→环境选择压力可能增强→促进AMR风险,"“On the other hand, cilastatin, 4 N-acethyl-sulfamethoxazole and sulfamethoxazole were found in higher concentration in summer (5 μg/L; 28.3 μg/L; 18 μg/L) than those in winter (3.7 μg/L; 23.3 μg/L; 13.4 μg/L).” (p.16386, para.4)",2-观察性数据,Observational,2-间接数据支持,Indirect empirical support,1-促进AMR,Promoting AMR,2-观察累积,Observational cumulative/seasonal,3-人造环境,Built or engineered environment,2026-01-09
EVID_166-M4,166,4,Gönder (2021),Detailed characterization and antibiotic resistance of hospital wastewater and their seasonal variation in a medical faculty hospital in Turkey,"Results/Discussion-p.16390, para.1",1-Results实验数据,Results,2-环境介导,Environment-mediated pathways,2f-其他环境介导,可删除,温度-季节性变化,,耐药率升高,季节变化（冬季）→革兰阳性菌株对多种抗生素耐药率上升→环境/暴露风险增加→潜在促进AMR传播与感染风险,"“In our study, antibiotic resistance against azithromycin, clindamycin and trimethoprim-sulfamethoxazole antibiotics among gram-positive strains was observed around 50% in the winter period. Although these resistance rates were found to be relatively lower in the summer period, it was still determined to be around 40%.” (p.16390, para.1)",2-观察性数据,Observational,2-间接数据支持,Indirect empirical support,1-促进AMR,Promoting AMR,2-观察累积,Observational cumulative/seasonal,3-人造环境,Built or engineered environment,2026-01-09
EVID_166-M5,166,5,Gönder (2021),Detailed characterization and antibiotic resistance of hospital wastewater and their seasonal variation in a medical faculty hospital in Turkey,"Results/Discussion-p.16388, para.2",2-Results+Discussion整合,Results and discussion integration,2-环境介导,Environment-mediated pathways,2f-其他环境介导,可删除,温度-季节性变化,Enterobacterales,耐药率升高,夏季气候/季节条件变化→Enterobacterales对ciprofloxacin耐药菌株数量增加→治疗难度上升→促进AMR危害,"“One of the results of the present study displayed that while trimethoprim/sulfamethoxazole resistance in Enterobacterales strains were similar in each of the tested seasons, the numbers of resistant strains of Enterobacterales to ciprofloxacin were collected higher in summer seasons (Fig. 5).” (p.16388, para.2)",2-观察性数据,Observational,2-间接数据支持,Indirect empirical support,1-促进AMR,Promoting AMR,2-观察累积,Observational cumulative/seasonal,3-人造环境,Built or engineered environment,2026-01-09
EVID_166-M6,166,6,Gönder (2021),Detailed characterization and antibiotic resistance of hospital wastewater and their seasonal variation in a medical faculty hospital in Turkey,"Results/Discussion-p.16389, para.1",2-Results+Discussion整合,Results and discussion integration,2-环境介导,Environment-mediated pathways,2f-其他环境介导,可删除,温度-季节性变化,Pseudomonas spp.; Aeromonas spp.; Burkholderia cepacia,多重耐药增加/耐药率升高,夏季季节条件变化→多种非发酵菌/机会致病菌耐药率（多类抗生素）升高→耐药传播与感染风险增加,"“Aeromonas spp. and Burkholderia cepacia, which are resistant to all tested antibiotics at both winter and summer seasons, the numbers of resistant strains to ciprofloxacin, azithromycin, clarithromycin and clindamycin were obtained higher in summer season (Fig. 5).” (p.16389, para.1)",2-观察性数据,Observational,2-间接数据支持,Indirect empirical support,1-促进AMR,Promoting AMR,2-观察累积,Observational cumulative/seasonal,3-人造环境,Built or engineered environment,2026-01-09
EVID_167-M1,167,1,Gao (2022),"Seasonal variation, virulence gene and antibiotic resistance of Vibrio in a semi-enclosed bay with mariculture (Dongshan Bay, Southern China)",Results- p.3-para.1,1-Results实验数据,Results,2-环境介导,Environment-mediated pathways,2d-水土理化性质,2d-水土理化性质,温度-季节平均温度变化,Vibrio spp.,耐药风险增加,温度-季节平均温度变化→Vibrio丰度显著增加（热季）→致病菌暴露与耐药菌传播机会↑→AMR风险增加,"“Annual Vibrio abundance in this region ranged from 20 to 11,600 CFU mL− 1 and the most significant positive correlation occurred with temperature.” (p.1, para.1)",2-观察性数据,Observational,2-间接数据支持,Indirect empirical support,1-促进AMR,Promoting AMR,2-观察累积,Observational cumulative/seasonal,2-自然环境,Natural environment,2026-01-09
EVID_167-M2,167,2,Gao (2022),"Seasonal variation, virulence gene and antibiotic resistance of Vibrio in a semi-enclosed bay with mariculture (Dongshan Bay, Southern China)",Results- p.3-para.1,1-Results实验数据,Results,2-环境介导,Environment-mediated pathways,2d-水土理化性质,2d-水土理化性质,温度-季节平均温度变化,Vibrio spp.,耐药传播风险增加,温度↑→Vibrio丰度↑并与盐度/TDS/DO等共同作用→细菌群落规模扩大→耐药性传播底盘增强→耐药传播风险增加,"“statistical analysis revealed positive correlations between temperature, salinity and TDS with Vibrio abundance, while DO showed a negative correlation with Vibrio abundance (Fig. 3).” (p.3, para.1)",2-观察性数据,Observational,2-间接数据支持,Indirect empirical support,1-促进AMR,Promoting AMR,2-观察累积,Observational cumulative/seasonal,2-自然环境,Natural environment,2026-01-09
EVID_167-M3,167,3,Gao (2022),"Seasonal variation, virulence gene and antibiotic resistance of Vibrio in a semi-enclosed bay with mariculture (Dongshan Bay, Southern China)",Results- p.4-para.2,1-Results实验数据,Results,3-生态社会介导,Socio-ecological mediation,3c-兽用抗生素,3c-兽用抗生素,温度-季节平均温度变化,Vibrio spp.,多重耐药菌出现,温度-季节平均温度变化→养殖环境中Vibrio季节性波动→抗生素选择压力下产生耐药/多重耐药菌→多重耐药菌出现,"“A total of twenty antibiotic-resistant Vibrio strains were isolated in four seasons, accounting for 11.30 % of all isolates, and three MAR strains were present in antibiotic-resistant strains.” (p.4, para.2)",2-观察性数据,Observational,2-间接数据支持,Indirect empirical support,1-促进AMR,Promoting AMR,2-观察累积,Observational cumulative/seasonal,2-自然环境,Natural environment,2026-01-09
EVID_167-M4,167,4,Gao (2022),"Seasonal variation, virulence gene and antibiotic resistance of Vibrio in a semi-enclosed bay with mariculture (Dongshan Bay, Southern China)",Results- p.4-para.2,1-Results实验数据,Results,3-生态社会介导,Socio-ecological mediation,2e-动物生态,3f-农业实践,温度-季节平均温度变化,Vibrio spp.,多重耐药菌出现,季节变化→水产养殖环境中抗生素暴露差异→耐药菌株出现并呈季节差异（冬季无MAR）→多重耐药菌出现/传播风险变化,"“The spring isolate V. hyugaensis was antibiotic resistant to ENR, CFX, DX and N, while in winter no MAR strains occurred.” (p.4, para.2)",2-观察性数据,Observational,2-间接数据支持,Indirect empirical support,3-双向作用,Bidirectional or mixed,2-观察累积,Observational cumulative/seasonal,2-自然环境,Natural environment,2026-01-09
EVID_167-M5,167,5,Gao (2022),"Seasonal variation, virulence gene and antibiotic resistance of Vibrio in a semi-enclosed bay with mariculture (Dongshan Bay, Southern China)",Results- p.4-para.2,1-Results实验数据,Results,2-环境介导,Environment-mediated pathways,2f-其他环境介导,可删除,温度-季节平均温度变化,Vibrio spp.,耐药率上升（潜在）,季节变化→中介耐药(intermediate)比例高→更易进化成耐药菌→耐药率上升（潜在）,"“In addition, a higher proportion of Vibrio showed intermediate resistance to N, CFX, and DX, and they had a higher probability of developing into antibiotic resistant Vibrio, which may cause the spread of antibiotic resistance in Vibrio.” (p.4, para.2)",5-理论推测,Theoretical/projection,3-理论推测,Theoretical support,1-促进AMR,Promoting AMR,2-观察累积,Observational cumulative/seasonal,2-自然环境,Natural environment,2026-01-09
EVID_167-M6,167,6,Gao (2022),"Seasonal variation, virulence gene and antibiotic resistance of Vibrio in a semi-enclosed bay with mariculture (Dongshan Bay, Southern China)",Conclusion- p.8-para.1,2-Results+Discussion整合,Results and discussion integration,2-环境介导,Environment-mediated pathways,2d-水土理化性质,2d-水土理化性质,温度-季节平均温度变化,Vibrio spp.,耐药风险增加,温度最高（夏季）→Vibrio丰度最大→病原暴露与耐药/传播机会增加→AMR风险增加,"“In summer, when temperature was the highest, Vibrio abundance was maximal,” (p.8, para.1)",2-观察性数据,Observational,2-间接数据支持,Indirect empirical support,1-促进AMR,Promoting AMR,2-观察累积,Observational cumulative/seasonal,2-自然环境,Natural environment,2026-01-09
EVID_167-M7,167,7,Gao (2022),"Seasonal variation, virulence gene and antibiotic resistance of Vibrio in a semi-enclosed bay with mariculture (Dongshan Bay, Southern China)",Discussion- p.5-para.1,3-Discussion数据解释,Discussion interpretation,2-环境介导,Environment-mediated pathways,2d-水土理化性质,2d-水土理化性质,温度-季节平均温度变化,Vibrio spp.,耐药传播风险增加,温度↑→决定性影响Vibrio abundance、distribution与persistence→病原体存在时间更长/范围更广→耐药传播风险增加,"“Compared with other factors, temperature had the strongest effect on Vibrio abundance changes, which is consistent with several previous studies revealing that temperature has a significant impact on the abundance, distribution, and persistence of Vibrio species in seawater” (p.5, para.1)",4-文献综述,Review-based,4-文献综述总结,Review-based support,1-促进AMR,Promoting AMR,2-观察累积,Observational cumulative/seasonal,2-自然环境,Natural environment,2026-01-09
EVID_168-M1,168,1,Fossen (2024),Antimicrobial resistance in generic E. coli isolated from western Canadian cow-calf herds,Results-p.146-para.1,1-Results实验数据,Results,3-生态社会介导,Socio-ecological mediation,3c-兽用抗生素,3c-兽用抗生素,其他-季节性,E.coli,耐药率升高,春季（产犊后）季节性生产周期→动物疾病与用药行为更集中→粪便E.coli对多种抗生素耐药率在春季犊牛更高→耐药率升高,"“Isolates from calves in the spring were more likely to be resistant to sulfisoxazole, tetracycline, and chloramphenicol than those from cows in the spring or calves in the fall.” (p.146, para.1)",2-观察性数据,Observational,2-间接数据支持,Indirect empirical support,1-促进AMR,Promoting AMR,2-观察累积,Observational cumulative/seasonal,4-宿主体内,Within host / clinical,2026-01-10
EVID_168-M2,168,2,Fossen (2024),Antimicrobial resistance in generic E. coli isolated from western Canadian cow-calf herds,Results-p.150-para.2,1-Results实验数据,Results,3-生态社会介导,Socio-ecological mediation,3c-兽用抗生素,3c-兽用抗生素,其他-季节性,E.coli,耐药率降低,秋季（近断奶/妊检）→与春季相比犊牛耐药表型减少→E.coli对常见药物耐药性（磺胺、四环素、氯霉素）下降→耐药率降低,"“Isolates from calves in the fall were less likely to be resistant to sulfisoxazole, tetracycline, and chloramphenicol compared to isolates from calves in the spring (Table 5).” (p.150, para.2)",2-观察性数据,Observational,2-间接数据支持,Indirect empirical support,2-抑制AMR,Suppressing AMR,2-观察累积,Observational cumulative/seasonal,4-宿主体内,Within host / clinical,2026-01-10
EVID_168-M3,168,3,Fossen (2024),Antimicrobial resistance in generic E. coli isolated from western Canadian cow-calf herds,Results-p.150-para.2,1-Results实验数据,Results,3-生态社会介导,Socio-ecological mediation,3c-兽用抗生素,3c-兽用抗生素,其他-季节性,E.coli,多重耐药增加,春季（产犊后）→疾病与抗菌药使用更集中/环境传播机会增加→犊牛多重耐药与“≥1耐药”发生比例更高→多重耐药增加,"“Isolates from calves in the fall were also less likely to be multiclass-resistant as well as be resistant to $ 1 antimicrobial compared to isolates from calves in the spring (Table 5).” (p.150, para.2)",2-观察性数据,Observational,2-间接数据支持,Indirect empirical support,1-促进AMR,Promoting AMR,2-观察累积,Observational cumulative/seasonal,4-宿主体内,Within host / clinical,2026-01-10
EVID_168-M4,168,4,Fossen (2024),Antimicrobial resistance in generic E. coli isolated from western Canadian cow-calf herds,Results-p.150-para.2,1-Results实验数据,Results,3-生态社会介导,Socio-ecological mediation,3c-兽用抗生素,3c-兽用抗生素,其他-季节性,E.coli,泛敏感增加,秋季采样→与春季相比犊牛肠道E.coli更可能对全部检测药物敏感→泛敏感比例上升→AMR风险降低,"“Furthermore, isolates from calves in the fall were more likely to be pansusceptible than isolates recovered from calves in the spring (Table 5).” (p.150, para.2)",2-观察性数据,Observational,2-间接数据支持,Indirect empirical support,2-抑制AMR,Suppressing AMR,2-观察累积,Observational cumulative/seasonal,4-宿主体内,Within host / clinical,2026-01-10
EVID_168-M5,168,5,Fossen (2024),Antimicrobial resistance in generic E. coli isolated from western Canadian cow-calf herds,Discussion-p.153-para.3,3-Discussion数据解释,Discussion interpretation,3-生态社会介导,Socio-ecological mediation,3c-兽用抗生素,3c-兽用抗生素,其他-季节性,E.coli,耐药率升高,季节性生产周期（出生后前3个月）→犊牛疾病治疗集中→抗菌药物使用增加形成选择压力→春季犊牛AMR较高→耐药率升高,"“Most treatments administered to calves for neonatal diarrhea and respiratory disease typically occur in the first 3 mo after birth (10). Calves are also more likely to be treated than cows in the spring, potentially explaining the difference in AMR between calves and cows (21).” (p.153, para.3)",4-文献综述,Review-based,4-文献综述总结,Review-based support,1-促进AMR,Promoting AMR,2-观察累积,Observational cumulative/seasonal,4-宿主体内,Within host / clinical,2026-01-10
EVID_168-M6,168,6,Fossen (2024),Antimicrobial resistance in generic E. coli isolated from western Canadian cow-calf herds,Discussion-p.153-para.4,3-Discussion数据解释,Discussion interpretation,3-生态社会介导,Socio-ecological mediation,3c-兽用抗生素,3c-兽用抗生素,其他-季节性,E.coli,耐药菌传播风险增加,春季产犊期（管理更集中/相对圈养）→接触与间接环境传播机会增加→耐药肠道菌在群体内传播更易→促进AMR扩散,"“Typically, cattle are managed under a relatively higher degree of confinement during and following calving season, providing opportunities for indirect environmental transmission of enteric organisms among all cows and calves in the same management group.” (p.153, para.4)",4-文献综述,Review-based,4-文献综述总结,Review-based support,1-促进AMR,Promoting AMR,2-观察累积,Observational cumulative/seasonal,4-宿主体内,Within host / clinical,2026-01-10
EVID_169-M1,169,1,Du (2015),Variation of antibiotic resistance genes in municipal wastewater treatment plant in different seasons,Results-p.3721-para.1,1-Results实验数据,Results,2-环境介导,Environment-mediated pathways,2f-其他环境介导,可删除,温度-季节性变化,未明确,耐药基因丰度季节性变化（春季高、秋季低）,季节变化（春季）→ influent中ARGs丰度上升 → tetW/tetX/sul1等在秋季最低，呈现明显季节波动,"“The median concentrations of five resistance genes within a season were all relatively higher in spring (105.81–107.32 copies mL−1) than they were in other seasons; then, the values decreased in the summer, and tetW, tetX, and sul1 reached their lowest concentration in autumn (104.61–106.81 copies mL−1).” (p.3721, para.1)",2-观察性数据,Observational,2-间接数据支持,Indirect empirical support,1-促进AMR,Promoting AMR,2-观察累积,Observational cumulative/seasonal,3-人造环境,Built or engineered environment,2026-01-10
EVID_169-M2,169,2,Du (2015),Variation of antibiotic resistance genes in municipal wastewater treatment plant in different seasons,Results-p.3721-para.2,3-Discussion数据解释,Discussion interpretation,3-生态社会介导,Socio-ecological mediation,3b-人用抗生素,3b-人用抗生素,温度-季节性变化,E.coli（文中引用研究）,耐药基因丰度增加（春季峰值）,冬季抗生素使用↑→（2–4个月滞后）→春季ARG丰度峰值→秋季ARG最低（滞后于夏季较低用药）,"“So, it is reasonable to suppose that the abundance of ARGs peaked in spring but lagged behind the antibiotics usage peak in winter, while the lowest abundance of ARGs appeared in autumn which lagged behind the relatively lower usage of antibiotics in summer.” (p.3721, para.2)",5-理论推测,Theoretical/projection,3-理论推测,Theoretical support,1-促进AMR,Promoting AMR,2-观察累积,Observational cumulative/seasonal,3-人造环境,Built or engineered environment,2026-01-10
EVID_169-M3,169,3,Du (2015),Variation of antibiotic resistance genes in municipal wastewater treatment plant in different seasons,Results-p.3721-para.2,3-Discussion数据解释,Discussion interpretation,1-直接生物学效应,Direct biological mechanisms,2f-其他环境介导,1a-生长代谢,温度-季节性变化,未明确,耐药基因丰度变化,季节性温度变化→影响微生物活性→导致ARG丰度进一步变化（春季利于细菌生长）,"“Considering that the sampling temperature may affect the activity of the microorganism, further change in the abundance of ARGs can be expected (Yuan et al. 2014). Spring provided favorable conditions for bacterial growth.” (p.3721, para.2)",5-理论推测,Theoretical/projection,3-理论推测,Theoretical support,1-促进AMR,Promoting AMR,4-未明确,Conceptual or unclear,3-人造环境,Built or engineered environment,2026-01-10
EVID_169-M4,169,4,Du (2015),Variation of antibiotic resistance genes in municipal wastewater treatment plant in different seasons,Results-p.3722-para.1,3-Discussion数据解释,Discussion interpretation,1-直接生物学效应,Direct biological mechanisms,2f-其他环境介导,1a-生长代谢,综合-气候情景,未明确,耐药基因传播受抑/ARG去除增强,厌氧条件→微生物生物活性降低→耐药基因扩散与繁殖被抑制→ARG更易被去除,"“It is pointed out that the anaerobic treatment is more effective in removing ARGs in wastewater, because the bioactivity of the microorganism is lower under anaerobic condition and the spread and propagation of resistance genes are inhibited (Pei et al. 2007).” (p.3722, para.1)",4-文献综述,Review-based,4-文献综述总结,Review-based support,2-抑制AMR,Suppressing AMR,4-未明确,Conceptual or unclear,3-人造环境,Built or engineered environment,2026-01-10
EVID_169-M5,169,5,Du (2015),Variation of antibiotic resistance genes in municipal wastewater treatment plant in different seasons,Results-p.3718-para.2,1-Results实验数据,Results,2-环境介导,Environment-mediated pathways,2a-微生物群落,2a-微生物群落,降水-季节模式改变,未明确,tetW/intI1/sul1相关性↑（ARG丰度/分布变化）,COD波动→改变微生物群落组成→tetW/intI1/sul1与COD显著相关→推动ARG丰度变化,"“Pearson bivariate correlation analysis indicated that of all the parameters, only COD exhibited significant correlation with tetW (R=0.636, p<0.05), intI1 (R=0.829, p<0.01), and sul1 (R=0.832, p<0.01), respectively (Table 3).” (p.3718, para.2)",2-观察性数据,Observational,2-间接数据支持,Indirect empirical support,1-促进AMR,Promoting AMR,2-观察累积,Observational cumulative/seasonal,3-人造环境,Built or engineered environment,2026-01-10
EVID_173-M1,173,1,Dagan (2008),Seasonality of Antibiotic-Resistant Streptococcus pneumoniae That Causes Acute Otitis Media: A Clue for an Antibiotic Restriction Policy?,Results-p.4-para.2,1-Results实验数据,Results,3-生态社会介导,Socio-ecological mediation,3b-人用抗生素,3b-人用抗生素,温度-季节平均温度变化,S.pneumoniae,耐药率上升,温度季节差异（cold months）→儿童口服抗生素处方率上升（cold vs warm总体月处方率291±77 vs 222±77；Jewish处方率下降36%）→群体选择压力增强→后续冷季耐药菌比例更高,"“A significant decrease in overall antibiotic prescription rates (per 1000 children aged <5 years each year) during the warm months was noted in both populations (P ≤ .005 for the difference in rates between the cold and warm months) (figure 1). This pattern was consistent across all study years. The mean ± SD overall monthly antibiotic prescription rate was 291 ± 77 during the cold months and 222 ± 77 during the warm months, representing a 24% reduction in prescription rate during the warm months (P < .001). This contrast between seasons was more pronounced in Jewish children than in Bedouin children— 241 ± 62 versus 155 ± 32 during the cold versus warm months, respectively, in Jewish children, a 36% reduction in prescription rates (P < .001); and 341 ± 55 versus 290 ± 39, respectively, in Bedouin children, a 15% reduction (P < .001).” (p.4, para.2)",2-观察性数据,Observational,2-间接数据支持,Indirect empirical support,3-双向作用,Bidirectional or mixed,2-观察累积,Observational cumulative/seasonal,4-宿主体内,Within host / clinical,2026-01-10
EVID_173-M2,173,2,Dagan (2008),Seasonality of Antibiotic-Resistant Streptococcus pneumoniae That Causes Acute Otitis Media: A Clue for an Antibiotic Restriction Policy?,Results-p.5-para.1,1-Results实验数据,Results,3-生态社会介导,Socio-ecological mediation,3b-人用抗生素,3b-人用抗生素,温度-季节平均温度变化,S.pneumoniae,耐药率上升,温度季节差异（cold months）→（与冷季更高处方量共同出现的）更强抗生素选择压力→中耳炎MEF分离株中耐药菌比例上升（penicillin MIC≥1.0、erythromycin、multidrug在冷季更高）,"“In Jewish children, the proportion of isolates with a penicillin MIC ≥1.0 μg/mL was significantly higher during the cold months than during the warm months (43% vs. 29%; odds ratio [OR], 1.86 [95% confidence interval {CI}, 1.37−2.52]; P < .001). The respective figures for erythromycin resistance were 29% versus 20% (OR, 1.56 [95% CI, 1.15−2.12]; P < .005); for multidrug resistance, they were 24% versus 15% (OR, 1.73 [95% CI, 1.25−2.39]; P < .001) (figures 2 and 3).” (p.5, para.1)",2-观察性数据,Observational,2-间接数据支持,Indirect empirical support,3-双向作用,Bidirectional or mixed,2-观察累积,Observational cumulative/seasonal,4-宿主体内,Within host / clinical,2026-01-10
EVID_173-M3,173,3,Dagan (2008),Seasonality of Antibiotic-Resistant Streptococcus pneumoniae That Causes Acute Otitis Media: A Clue for an Antibiotic Restriction Policy?,Results-p.5-para.2,1-Results实验数据,Results,3-生态社会介导,Socio-ecological mediation,3b-人用抗生素,3b-人用抗生素,温度-季节平均温度变化,S.pneumoniae,耐药率上升,温度季节差异→人群抗生素处方量按月波动（cold季更高）→按月处方量每增加10/1000儿童与当月耐药发生优势比上升相关→耐药率上升（penicillin resistance）,"“Among Jewish children, each monthly increase in 10 prescriptions/1000 children was associated with a 1.05-fold increase in the odds of penicillin resistance during that month (95% CI, 1.03−1.07; P < .001).” (p.5, para.2)",2-观察性数据,Observational,2-间接数据支持,Indirect empirical support,1-促进AMR,Promoting AMR,2-观察累积,Observational cumulative/seasonal,4-宿主体内,Within host / clinical,2026-01-10
EVID_173-M4,173,4,Dagan (2008),Seasonality of Antibiotic-Resistant Streptococcus pneumoniae That Causes Acute Otitis Media: A Clue for an Antibiotic Restriction Policy?,Discussion-p.6-para.1,3-Discussion数据解释,Discussion interpretation,3-生态社会介导,Socio-ecological mediation,3b-人用抗生素,3b-人用抗生素,温度-季节平均温度变化,S.pneumoniae,耐药率上升,温度季节差异（warm months）→抗生素处方量季节性下降→抗生素选择压力降低→AOM致病肺炎链球菌耐药率显著下降（并在调整混杂因素后仍显著）,"“Furthermore, we showed that the yearly seasonal reduction in antibiotic prescriptions during the warm months was significantly associated with a marked reduction in antibiotic resistance rates among these pneumococcal isolates. This change remained significant in most instances after adjustment for age, AOM history, and previous or current antibiotic use.” (p.6, para.1)",2-观察性数据,Observational,2-间接数据支持,Indirect empirical support,3-双向作用,Bidirectional or mixed,2-观察累积,Observational cumulative/seasonal,4-宿主体内,Within host / clinical,2026-01-10
EVID_173-M5,173,5,Dagan (2008),Seasonality of Antibiotic-Resistant Streptococcus pneumoniae That Causes Acute Otitis Media: A Clue for an Antibiotic Restriction Policy?,Discussion-p.8-para.1; Discussion-p.8-para.2,3-Discussion数据解释,Discussion interpretation,3-生态社会介导,Socio-ecological mediation,3b-人用抗生素,3b-人用抗生素,温度-季节平均温度变化,S.pneumoniae,耐药率上升,温度季节差异（summer/warm）→抗生素处方率显著下降（peak月约为trough月两倍）→耐药在群体中“rapidly decreases”→提示减少用药干预可能更快降低社区耐药,"“Regardless of the mechanism involved, the finding that antibiotic resistance rapidly decreases each year among AOM-causing S. pneumoniae isolates when antibiotic prescription rates decrease suggests that interventions to reduce antibiotic use may reduce resistance in the community faster than previously thought.” (p.8, para.1)
; “In the present study, the decrease in antibiotic prescription rates during the summer was marked, especially in Jewish children, with approximately twice as many prescriptions during peak months as during trough months.” (p.8, para.2)",2-观察性数据,Observational,2-间接数据支持,Indirect empirical support,3-双向作用,Bidirectional or mixed,2-观察累积,Observational cumulative/seasonal,4-宿主体内,Within host / clinical,2026-01-10
EVID_176-M1,176,1,Cox (2012),Spatial and temporal patterns in antimicrobial resistance of Salmonella Typhimurium in cattle in England and Wales,"Results-p.2062, para.1",1-Results实验数据,Results,2-环境介导,Environment-mediated pathways,2f-其他环境介导,可删除,温度-季节平均温度变化,S. Typhimurium,耐药率增加/耐药风险增加,季节变化（late spring）→环境/管理条件在春季变化→S. Typhimurium事件对某抗菌药物的耐药概率出现共同峰值→耐药风险增加,"“Of the antimicrobials considered we found a common peak in the probability that an S. Typhimurium incident will show resistance to a given antimicrobial in late spring and in mid to late autumn;” (p.2062, para.1)",3-模型模拟,Model-based,2-间接数据支持,Indirect empirical support,1-促进AMR,Promoting AMR,3-模型演化,Model/evolutionary,4-宿主体内,Within host / clinical,2026-01-10
EVID_176-M2,176,2,Cox (2012),Spatial and temporal patterns in antimicrobial resistance of Salmonella Typhimurium in cattle in England and Wales,"Results-p.2067, para.7",1-Results实验数据,Results,2-环境介导,Environment-mediated pathways,2f-其他环境介导,可删除,温度-季节平均温度变化,S. Typhimurium,耐药率增加/耐药风险增加,季节变化（mid to late spring & late autumn）→耐药概率出现周期性峰值→多种抗菌药物及MDR曲线一致→AMR风险上升,"“All four of the profiles showed a peak in the probability of resistance in mid to late spring, with a smaller peak in late autumn.” (p.2067, para.7)",3-模型模拟,Model-based,2-间接数据支持,Indirect empirical support,1-促进AMR,Promoting AMR,3-模型演化,Model/evolutionary,4-宿主体内,Within host / clinical,2026-01-10
EVID_176-M3,176,3,Cox (2012),Spatial and temporal patterns in antimicrobial resistance of Salmonella Typhimurium in cattle in England and Wales,"Discussion-p.2068, para.6",2-Results+Discussion整合,Results and discussion integration,2-环境介导,Environment-mediated pathways,2f-其他环境介导,可删除,温度-季节平均温度变化,S. Typhimurium,耐药率增加/耐药风险增加,季节变化（spring/autumn）→时间剖面耐药概率峰值→不同抗菌药物曲线呈相似季节波动→提示季节驱动AMR风险变化,"“All four of the temporal profiles showed peak probability of resistance in mid-late spring and a lesser peak in late autumn.” (p.2068, para.6)",3-模型模拟,Model-based,2-间接数据支持,Indirect empirical support,1-促进AMR,Promoting AMR,3-模型演化,Model/evolutionary,4-宿主体内,Within host / clinical,2026-01-10
EVID_176-M4,176,4,Cox (2012),Spatial and temporal patterns in antimicrobial resistance of Salmonella Typhimurium in cattle in England and Wales,"Discussion-p.2069, para.3",3-Discussion数据解释,Discussion interpretation,3-生态社会介导,Socio-ecological mediation,3c-兽用抗生素,3c-兽用抗生素,温度-季节平均温度变化,S. Typhimurium,耐药风险增加/选择压力增强,春秋季牛群出生呈峰值→在特定管理行为下使用抗菌药物→对细菌群落施加选择压力→耐药上升与传播风险增加,"“We hypothesize a connection between the peaks in antimicrobial resistance in spring and autumn that we recorded and the strong seasonal patterns in cattle births.” (p.2069, para.3)",5-理论推测,Theoretical/projection,3-理论推测,Theoretical support,1-促进AMR,Promoting AMR,2-观察累积,Observational cumulative/seasonal,4-宿主体内,Within host / clinical,2026-01-10
EVID_176-M5,176,5,Cox (2012),Spatial and temporal patterns in antimicrobial resistance of Salmonella Typhimurium in cattle in England and Wales,"Discussion-p.2070, para.1",3-Discussion数据解释,Discussion interpretation,3-生态社会介导,Socio-ecological mediation,3c-兽用抗生素,3c-兽用抗生素,温度-季节平均温度变化,S. Typhimurium,耐药风险增加/选择压力增强,春秋季产犊峰值→在幼畜处理时使用抗菌药物防治腹泻/肺炎→选择压力↑→S. Typhimurium耐药更易出现,"“At these times antimicrobials (e.g. sulphonamides) are administered (when calves are removed from the dam), to treat or prevent diarrhoea and pneumonia [30].” (p.2070, para.1)",4-文献综述,Review-based,4-文献综述总结,Review-based support,1-促进AMR,Promoting AMR,2-观察累积,Observational cumulative/seasonal,4-宿主体内,Within host / clinical,2026-01-10
EVID_176-M6,176,6,Cox (2012),Spatial and temporal patterns in antimicrobial resistance of Salmonella Typhimurium in cattle in England and Wales,"Discussion-p.2071, para.1",3-Discussion数据解释,Discussion interpretation,3-生态社会介导,Socio-ecological mediation,3c-兽用抗生素,3c-兽用抗生素,温度-季节平均温度变化,S. Typhimurium,耐药传播增加/耐药风险增加,春秋季牲畜运输活动峰值→运输高风险期预防性用药↑+动物密集接触→选择压力与传播机会↑→耐药扩散风险增加,"“Prophylactic treatments are also typically used during transport; a high-risk period for infectious disease [30], which peaks strongly in spring and autumn (the autumn peak being the larger) [28].” (p.2071, para.1)",4-文献综述,Review-based,4-文献综述总结,Review-based support,1-促进AMR,Promoting AMR,2-观察累积,Observational cumulative/seasonal,4-宿主体内,Within host / clinical,2026-01-10
EVID_177-M1,177,1,Chen (2025),"Composition, Distribution and Mobility Potential of the Antibiotic Resistome in Sediments from the East China Sea Revealed by Metagenomic Analysis",Results-p.11-para.1,1-Results实验数据,Results,2-环境介导,Environment-mediated pathways,2f-其他环境介导,可删除,温度-季节平均温度变化,未明确,耐药基因谱/组成变化,春季温度变化→ARG profiles与温度显著相关→改变ARG分布/组成→影响抗性组结构,"“In the spring, significant correlations were observed between ARG profiles and both temperature (r = 0.19, p < 0.05) and density (r = 0.21, p < 0.05).” (p.11, para.1)",2-观察性数据,Observational,2-间接数据支持,Indirect empirical support,1-促进AMR,Promoting AMR,2-观察累积,Observational cumulative/seasonal,2-自然环境,Natural environment,2026-01-10
EVID_177-M2,177,2,Chen (2025),"Composition, Distribution and Mobility Potential of the Antibiotic Resistome in Sediments from the East China Sea Revealed by Metagenomic Analysis",Results-p.10-para.2,1-Results实验数据,Results,2-环境介导,Environment-mediated pathways,2f-其他环境介导,可删除,温度-季节平均温度变化,未明确,耐药基因谱/组成变化,秋季温度/密度等环境因子变化→对抗性组产生影响（统计不显著）→导致春秋相关性差异→提示对季节稳定性调节作用,"“Temperature, density, salinity and TC content had impacts on the antibiotic resistome in the autumn, but these effects were not significant (p > 0.05).” (p.10, para.2)",2-观察性数据,Observational,2-间接数据支持,Indirect empirical support,4-不确定,Uncertain,2-观察累积,Observational cumulative/seasonal,2-自然环境,Natural environment,2026-01-10
EVID_177-M3,177,3,Chen (2025),"Composition, Distribution and Mobility Potential of the Antibiotic Resistome in Sediments from the East China Sea Revealed by Metagenomic Analysis",Results-p.10-para.2,1-Results实验数据,Results,2-环境介导,Environment-mediated pathways,2f-其他环境介导,可删除,温度-季节平均温度变化,未明确,耐药基因稳定性/季节稳定性变化,春秋季环境因子（温度、密度）相关性差异→环境因子在不同季节作用不同→可能调节ARG季节稳定性→维持/改变抗性组稳定性,"“The differences in the correlations between ARGs and environmental factors (e.g., temperature and density) across seasons potentially suggested that these environmental factors play a certain role in regulating the seasonal stability of ARGs in this study.” (p.10-para.2)",2-观察性数据,Observational,2-间接数据支持,Indirect empirical support,4-不确定,Uncertain,2-观察累积,Observational cumulative/seasonal,2-自然环境,Natural environment,2026-01-10
EVID_177-M4,177,4,Chen (2025),"Composition, Distribution and Mobility Potential of the Antibiotic Resistome in Sediments from the East China Sea Revealed by Metagenomic Analysis",Discussion-p.14-para.2,2-Results+Discussion整合,Results and discussion integration,2-环境介导,Environment-mediated pathways,2f-其他环境介导,可删除,温度-季节平均温度变化,未明确,耐药基因稳定性/季节稳定性变化,环境因子（温度、密度）在秋季与春季效应不同→对抗性组贡献不同→提示环境因子参与春秋抗性组稳定化过程,"“Moreover, environmental factors (e.g., temperature and density) had different effects on the antibiotic resistome in the autumn compared with the spring, suggesting that these factors potentially play certain roles in the stabilization of the antibiotic resistome between the spring and autumn (Figure 7a).” (p.14, para.2)",2-观察性数据,Observational,2-间接数据支持,Indirect empirical support,4-不确定,Uncertain,2-观察累积,Observational cumulative/seasonal,2-自然环境,Natural environment,2026-01-10
EVID_177-M5,177,5,Chen (2025),"Composition, Distribution and Mobility Potential of the Antibiotic Resistome in Sediments from the East China Sea Revealed by Metagenomic Analysis",Conclusions-p.14-para.4,2-Results+Discussion整合,Results and discussion integration,2-环境介导,Environment-mediated pathways,2f-其他环境介导,可删除,温度-季节平均温度变化,未明确,耐药基因稳定性/季节稳定性变化,季节温度差异→与随机过程、优势类群共同作用→显著促进抗性组跨季节稳定化→表现为春秋抗性组组成无显著差异,"“Stochastic processes, Deltaproteobacteria and environmental factors such as temperature significantly contributed to the stabilization of the antibiotic resistome across seasons.” (p.14, para.4)",2-观察性数据,Observational,2-间接数据支持,Indirect empirical support,4-不确定,Uncertain,2-观察累积,Observational cumulative/seasonal,2-自然环境,Natural environment,2026-01-10
EVID_177-M6,177,6,Chen (2025),"Composition, Distribution and Mobility Potential of the Antibiotic Resistome in Sediments from the East China Sea Revealed by Metagenomic Analysis",Discussion-p.13-para.1,2-Results+Discussion整合,Results and discussion integration,1-直接生物学效应,Direct biological mechanisms,2f-其他环境介导,1c-水平基因转移,季节性变化,E.faecium,耐药基因传播风险增加,春季季节条件→HPB与ARG+MGE共现↑→HGT更活跃→提高ARG整合到致病菌风险→潜在健康风险升高,"“the average ARRI was higher in the spring than in the autumn (Figure 7b), likely because of the greater relative abundance of HPB and ARGs co-occurring with MGEs in the spring. This indicates more active HGT in the spring, suggesting more attention to the antibiotic resistome in the spring.” (p.13, para.1)",2-观察性数据,Observational,2-间接数据支持,Indirect empirical support,1-促进AMR,Promoting AMR,2-观察累积,Observational cumulative/seasonal,2-自然环境,Natural environment,2026-01-10
EVID_178-M1,178,1,Chattopadhya (2021),Hospital Premises as a Potential Reservoir of Antimicrobial Resistance,Result-p.18-para.1,1-Results实验数据,Results,2-环境介导,Environment-mediated pathways,2d-水土理化性质,2d-水土理化性质,降水-季节模式改变,E.coli; K.pneumoniae,耐药率上升,季风降雨后（post-monsoon）→地表土壤环境受雨季径流/积水影响→医院院区土壤中指标菌携带AMR类别比例更高→ESBL/CRE/NDM等AMR上升,"“There was significant increase in the prevalence of various categories of AMR in indicator organisms i.e., E. coli and/ or K. pneumoniae isolated from soil samples in hospital grounds and pedestrian tracks over the four years period between 2014 and 2018 (Tables 1 and 2). In both the years, prevalence of AMR was higher in samples collected during post-monsoon season compared to pre-monsoon season…” (p.18, para.1)",2-观察性数据,Observational,1-直接实验验证,Direct empirical support,1-促进AMR,Promoting AMR,2-观察累积,Observational cumulative/seasonal,2-自然环境,Natural environment,2026-01-10
EVID_178-M2,178,2,Chattopadhya (2021),Hospital Premises as a Potential Reservoir of Antimicrobial Resistance,Result-p.18-para.1,1-Results实验数据,Results,2-环境介导,Environment-mediated pathways,2d-水土理化性质,2d-水土理化性质,降水-季节模式改变,E.coli; K.pneumoniae,耐药率上升,季风雨季后→医院院区土壤AMR更高且随空间距离变化（靠近医院楼体4ft更高）→提示院区污染源/扩散路径→环境介导耐药传播,"“…prevalence of AMR was higher in samples collected during post-monsoon season compared to pre-monsoon season and in samples collected at closer distance from hospital block i.e., 4 ft. compared to samples collected at greater distance i.e., 10 ft. on hospital grounds as well as on pedestrian tracks.” (p.18, para.1)",2-观察性数据,Observational,1-直接实验验证,Direct empirical support,1-促进AMR,Promoting AMR,2-观察累积,Observational cumulative/seasonal,2-自然环境,Natural environment,2026-01-10
EVID_178-M3,178,3,Chattopadhya (2021),Hospital Premises as a Potential Reservoir of Antimicrobial Resistance,Result-p.18-para.1,1-Results实验数据,Results,2-环境介导,Environment-mediated pathways,2d-水土理化性质,2d-水土理化性质,降水-季节模式改变,E.coli; K.pneumoniae,耐药率上升,季风降雨后→医院院区土壤AMR负荷升高且高于同期临床样本（post-monsoon）→提示环境传播/富集更明显→耐药在环境中上升,"“On comparison, prevalence of various categories of AMR in samples collected from hospital premises were lower than the prevalence of similar categories of AMR in clinical isolates during pre-monsoon period but were higher in post-monsoon period in both the years (Table 1-3).” (p.18, para.1)",2-观察性数据,Observational,2-间接数据支持,Indirect empirical support,1-促进AMR,Promoting AMR,2-观察累积,Observational cumulative/seasonal,2-自然环境,Natural environment,2026-01-10
EVID_178-M4,178,4,Chattopadhya (2021),Hospital Premises as a Potential Reservoir of Antimicrobial Resistance,Discussion-p.20-para.1,3-Discussion数据解释,Discussion interpretation,2-环境介导,Environment-mediated pathways,2d-水土理化性质,2d-水土理化性质,降水-季节模式改变,E.coli; K.pneumoniae,耐药率上升,季风雨季/强降雨→地面土壤频繁被雨水淹没→院内污水系统溢流或泄漏→携带AMR微生物扩散至院区土壤→post-monsoon AMR升高,"“However, the salient observation in the present study was higher prevalence of various categories of AMR in indicator organisms in soil samples from hospital premises during the post-monsoon period compared to similar isolates from corresponding locations during pre-monsoon period in both the years of sampling suggesting additional contribution of monsoon to the load of AMR in soil samples. In northern part of India, rainfall is reasonably heavy during monsoon season resulting in frequent flooding of ground soil.” (p.20, para.1)",2-观察性数据,Observational,3-理论推测,Theoretical support,1-促进AMR,Promoting AMR,2-观察累积,Observational cumulative/seasonal,2-自然环境,Natural environment,2026-01-10
EVID_178-M5,178,5,Chattopadhya (2021),Hospital Premises as a Potential Reservoir of Antimicrobial Resistance,Discussion-p.21-para.1,3-Discussion数据解释,Discussion interpretation,2-环境介导,Environment-mediated pathways,2d-水土理化性质,2d-水土理化性质,降水-季节模式改变,E.coli; K.pneumoniae,耐药率上升,季风暴雨→地下储水/污水系统盖子不严或管道破损→未经处理污水外溢至周边→将耐药菌/耐药基因带入环境并扩大污染→AMR富集增加,"“An upcoming health care set up as the present one with numerous subsurface reservoirs in the hospital premises receiving untreated hospital sewage with improperly covered lids, or breach in the integrity of the sewage collection channel may provide opportunity for overflow of untreated sewage into surrounding areas.” (p.21, para.1)",2-观察性数据,Observational,3-理论推测,Theoretical support,1-促进AMR,Promoting AMR,2-观察累积,Observational cumulative/seasonal,3-人造环境,Built or engineered environment,2026-01-11
EVID_178-M6,178,6,Chattopadhya (2021),Hospital Premises as a Potential Reservoir of Antimicrobial Resistance,Conclusion-p.21-para.1,2-Results+Discussion整合,Results and discussion integration,2-环境介导,Environment-mediated pathways,2d-水土理化性质,2d-水土理化性质,降水-季节模式改变,E.coli; K.pneumoniae,耐药率上升,季风雨季后→污水/排放物随径流进入医院院区土壤→土壤成为耐药库→医院环境AMR向院区扩散,"“The present study provides evidence in favor of spread of AMR from hospital environment including sewage effluents to the soil in the premises of the hospital following monsoon season.” (p.21, para.1)",2-观察性数据,Observational,2-间接数据支持,Indirect empirical support,1-促进AMR,Promoting AMR,2-观察累积,Observational cumulative/seasonal,3-人造环境,Built or engineered environment,2026-01-11
EVID_179-M1,179,1,Cassone (2021),Seasonal Patterns in Incidence and Antimicrobial Resistance of Common Bacterial Pathogens in Nursing Home Patients and Their Rooms,Results-p.1-para.3,1-Results实验数据,Results,3-生态社会介导,Socio-ecological mediation,2f-其他环境介导,可删除,温度-季节平均温度变化,VRE,耐药菌发生率增加,季节变化（春季）→护理院患者与环境表面VRE定植发生率同时上升（spring peaks）→耐药菌传播/负担增强→AMR风险增加,"“We observed spring peaks in the incidence of vancomycin-resistant enterococci (1.70 peak to trough ratio for both patient and environmental isolates)” (p.1, para.3)",2-观察性数据,Observational,2-间接数据支持,Indirect empirical support,1-促进AMR,Promoting AMR,2-观察累积,Observational cumulative/seasonal,3-人造环境,Built or engineered environment,2026-01-11
EVID_179-M2,179,2,Cassone (2021),Seasonal Patterns in Incidence and Antimicrobial Resistance of Common Bacterial Pathogens in Nursing Home Patients and Their Rooms,Results-p.1-para.3,1-Results实验数据,Results,3-生态社会介导,Socio-ecological mediation,2f-其他环境介导,可删除,温度-季节平均温度变化,MRSA,耐药菌发生率增加,春季→患者MRSA定植发生率峰值（incidence peak）→环境污染/传播机会增加→耐药负担上升,"“and methicillin-resistant Staphylococcus aureus (1.95 peak to trough ratio for patient isolates, 1.50 for environmental isolates).” (p.1, para.3)",2-观察性数据,Observational,2-间接数据支持,Indirect empirical support,1-促进AMR,Promoting AMR,2-观察累积,Observational cumulative/seasonal,3-人造环境,Built or engineered environment,2026-01-11
EVID_179-M3,179,3,Cassone (2021),Seasonal Patterns in Incidence and Antimicrobial Resistance of Common Bacterial Pathogens in Nursing Home Patients and Their Rooms,Results-p.1-para.3,1-Results实验数据,Results,3-生态社会介导,Socio-ecological mediation,2f-其他环境介导,可删除,温度-季节平均温度变化,K.pneumoniae,病原体发生率增加,暖季（夏季）→护理院患者与环境中K.pneumoniae发生率上升（summer peaks）→革兰阴性菌负担增强→耐药暴发/传播风险上升（潜在）,"“We also observed summer peaks in Klebsiella pneumoniae (1.83 and 1.82 peak to trough ratio for patient and environmental isolates, respectively),” (p.1, para.3)",2-观察性数据,Observational,2-间接数据支持,Indirect empirical support,1-促进AMR,Promoting AMR,2-观察累积,Observational cumulative/seasonal,3-人造环境,Built or engineered environment,2026-01-11
EVID_179-M4,179,4,Cassone (2021),Seasonal Patterns in Incidence and Antimicrobial Resistance of Common Bacterial Pathogens in Nursing Home Patients and Their Rooms,Resultsеsults-p.1-para.3,1-Results实验数据,Results,1-直接生物学效应,Direct biological mechanisms,2f-其他环境介导,1a-生长代谢,温度-季节平均温度变化,E.coli,耐药菌发生率增加,夏季→ciprofloxacin-resistant E. coli发生率峰值（仅耐药株呈季节性）→耐药菌负担上升→AMR风险增加,"“and ciprofloxacin-resistant Escherichia coli. Susceptible S. aureus and E. coli did not follow seasonal patterns.” (p.1, para.3)",2-观察性数据,Observational,2-间接数据支持,Indirect empirical support,1-促进AMR,Promoting AMR,2-观察累积,Observational cumulative/seasonal,3-人造环境,Built or engineered environment,2026-01-11
EVID_179-M5,179,5,Cassone (2021),Seasonal Patterns in Incidence and Antimicrobial Resistance of Common Bacterial Pathogens in Nursing Home Patients and Their Rooms,Results-p.3-para.2,1-Results实验数据,Results,1-直接生物学效应,Direct biological mechanisms,2f-其他环境介导,1a-生长代谢,温度-季节平均温度变化,VRE,耐药菌发生率增加,春季→患者与环境VRE 3-month incidence averages到达峰值→与低谷相比增加70.5%→耐药负担季节性升高,"“For VRE, patient and environmental incidence data followed similar seasonal patterns with a spring peak in both cases (Figure 1B). Specifically, 3-month incidence averages peaked at 63.43 per 1,000 patient days (environment) and 38.98 (patients), compared to 37.20 and 22.86 at the trough, respectively (70.5% increase from trough to peak in both cases) (p < 0.05 for both patient and environment).” (p.3, para.2)",2-观察性数据,Observational,2-间接数据支持,Indirect empirical support,1-促进AMR,Promoting AMR,2-观察累积,Observational cumulative/seasonal,3-人造环境,Built or engineered environment,2026-01-11
EVID_179-M6,179,6,Cassone (2021),Seasonal Patterns in Incidence and Antimicrobial Resistance of Common Bacterial Pathogens in Nursing Home Patients and Their Rooms,Results-p.3-para.3,1-Results实验数据,Results,1-直接生物学效应,Direct biological mechanisms,2f-其他环境介导,1a-生长代谢,温度-季节平均温度变化,MRSA; MSSA,耐药菌占比增加,春季→MRSA/MSSA比值达峰值；冬季→比值下降（更多MSSA而非MRSA）→耐药菌相对比例随季节变化→AMR风险春季更高,"“the ratio of MRSA to MSSA shows a peak in spring and a trough in winter (ratio 0.96, p < 0.0001 and 0.81, p < 0.01 for patient isolates and for environmental isolates, respectively). Specifically, the peak ratio was 1.48 for environmental and 1.87 for patient isolates. In winter, instead, more MSSA were isolated than MRSA (ratio of 0.86 and 0.91, respectively).” (p.3, para.3)",2-观察性数据,Observational,2-间接数据支持,Indirect empirical support,3-双向作用,Bidirectional or mixed,2-观察累积,Observational cumulative/seasonal,3-人造环境,Built or engineered environment,2026-01-11
EVID_179-M7,179,7,Cassone (2021),Seasonal Patterns in Incidence and Antimicrobial Resistance of Common Bacterial Pathogens in Nursing Home Patients and Their Rooms,Results-p.3-para.5,1-Results实验数据,Results,3-生态社会介导,Socio-ecological mediation,3b-人用抗生素,3b-人用抗生素,温度-季节平均温度变化,E.coli,耐药菌占比增加,春季→喹诺酮使用比例更高→用药选择压力↑→ciprofloxacin-resistant/susceptible比值上升→促进耐药菌增加,"“Quinolone antibiotics use was lower in fall, with a minimum of 7% of all patients, and higher in spring (up to 13% of all patients, p < 0.01), with a tendency to precede the seasonal increase in E. coli incidence, and especially the increase in ciprofloxacin-resistant to -susceptible ratio (Figure 1D).” (p.3, para.5)",2-观察性数据,Observational,2-间接数据支持,Indirect empirical support,1-促进AMR,Promoting AMR,2-观察累积,Observational cumulative/seasonal,3-人造环境,Built or engineered environment,2026-01-11
EVID_183-M1,183,1,Brouwer (2024),Extended spectrum cephalosporin (ESC) resistant Escherichia coli: Trends and seasonality in the Netherlands from 2014 to 2022,Results-p.2-para.1,2-Results+Discussion整合,Results and discussion integration,1-直接生物学效应,Direct biological mechanisms,2f-其他环境介导,1a-生长代谢,温度-季节平均温度变化,E.coli,耐药率上升,温度季节差异（summer/autumn更温暖）→外界环境与养殖暴露条件更利于ESC-resistant E. coli持续/传播→在奶牛与小牛（veal calves）中ESC-resistant E. coli流行率在温暖季节更高,"“Furthermore, the prevalence of ESC-resistant E. coli is positively correlated with warmer seasons (summer and autumn) for both dairy cattle and veal calves, while no associations were found for broilers and slaughter pigs.” (p.1, para.1)",2-观察性数据,Observational,2-间接数据支持,Indirect empirical support,1-促进AMR,Promoting AMR,2-观察累积,Observational cumulative/seasonal,3-人造环境,Built or engineered environment,2026-01-11
EVID_183-M2,183,2,Brouwer (2024),Extended spectrum cephalosporin (ESC) resistant Escherichia coli: Trends and seasonality in the Netherlands from 2014 to 2022,Results-p.2-para.4,1-Results实验数据,Results,1-直接生物学效应,Direct biological mechanisms,2f-其他环境介导,1a-生长代谢,温度-季节平均温度变化,E.coli,耐药率上升,温度季节变化→夏秋季平均气温升高→奶牛ESC-resistant E. coli在夏秋季显著高于冬春季（模型预测夏~20% vs 冬春~5%）→耐药流行率上升,"“Furthermore, a significant difference in average prevalence is measured between the summer and autumn seasons, which are predicted by the model at ~20 % versus ~5 % in the winter and spring seasons.” (p.2, para.4)",2-观察性数据,Observational,1-直接实验验证,Direct empirical support,1-促进AMR,Promoting AMR,2-观察累积,Observational cumulative/seasonal,3-人造环境,Built or engineered environment,2026-01-11
EVID_183-M3,183,3,Brouwer (2024),Extended spectrum cephalosporin (ESC) resistant Escherichia coli: Trends and seasonality in the Netherlands from 2014 to 2022,Results-p.2-para.6,1-Results实验数据,Results,1-直接生物学效应,Direct biological mechanisms,2f-其他环境介导,1a-生长代谢,温度-季节平均温度变化,E.coli,耐药率上升,温度季节变化→夏秋季更温暖→犊牛（rosé/white veal calves）ESC-resistant E. coli在夏秋季显著高于冬春季（rosé：~49% vs ~19%；white：~61% vs ~39%）→耐药流行率上升,"“In both sectors of veal calves, a significant difference is measured in the model for the seasons (Table 1). In rosé veal calves, this prevalence was ~49 % in summer and autumn versus ~19 % in winter and spring. In white veal calves, this was ~61 % in summer and autumn versus ~39 % in winter and spring.” (p.2, para.6)",2-观察性数据,Observational,1-直接实验验证,Direct empirical support,1-促进AMR,Promoting AMR,2-观察累积,Observational cumulative/seasonal,3-人造环境,Built or engineered environment,2026-01-11
EVID_183-M4,183,4,Brouwer (2024),Extended spectrum cephalosporin (ESC) resistant Escherichia coli: Trends and seasonality in the Netherlands from 2014 to 2022,Results-p.4-Table 1（Dairy cattle; Rosé veal; White veal）,1-Results实验数据,Results,1-直接生物学效应,Direct biological mechanisms,2f-其他环境介导,1a-生长代谢,温度-季节平均温度变化,E.coli,耐药率上升,温度季节差异→夏秋季气温较高→模型显示奶牛与犊牛部门夏秋季ESC-resistant E. coli prevalence显著更高（Bonferroni校正后不同字母分组a/b）→耐药流行率上升,"“Dairy cattle … Summer (Q2) … 22.00 (b) … Autumn (Q3) … 18.00 (b) … Spring (Q1) … 5.50 (a) … Winter (Q4) … 4.90 (a)” (p.4, Table 1)
; “Rosé veal … Summer (Q2) … 49.30 (b) … Autumn (Q3) … 49.50 (b) … Spring (Q1) … 19.10 (a) … Winter (Q4) … 19.50 (a)” (p.4, Table 1)
; “White veal … Summer (Q2) … 61.00 (b) … Autumn (Q3) … 62.00 (b) … Spring (Q1) … 40.00 (a) … Winter (Q4) … 38.00 (a)” (p.4, Table 1)",2-观察性数据,Observational,1-直接实验验证,Direct empirical support,1-促进AMR,Promoting AMR,2-观察累积,Observational cumulative/seasonal,3-人造环境,Built or engineered environment,2026-01-11
EVID_183-M5,183,5,Brouwer (2024),Extended spectrum cephalosporin (ESC) resistant Escherichia coli: Trends and seasonality in the Netherlands from 2014 to 2022,Discussion-p.5-para.6,3-Discussion数据解释,Discussion interpretation,2-环境介导,Environment-mediated pathways,2f-其他环境介导,可删除,温度-季节平均温度变化,E.coli,耐药率上升,温度升高（summer）→可能通过延迟效应影响秋季ESC-resistant E. coli prevalence→导致夏秋季更高耐药率；不同畜种季节性差异与圈舍温控/放牧暴露有关,"“In dairy cattle, rosé and white veal calves, a determined seasonal pattern was detected in which a peak in prevalence of ESC-resistant E. coli was observed in summer and autumn compared to winter and spring. While the average temperature in spring and autumn are similar, the differences in ESBL prevalence between these seasons may be caused by a delayed effect from the warmer summer season, similar to the results described by Bock et al. [29]. The presence or absence of seasonality in different types of livestock may lie in the types of stables that are used.” (p.5, para.6)",2-观察性数据,Observational,2-间接数据支持,Indirect empirical support,1-促进AMR,Promoting AMR,2-观察累积,Observational cumulative/seasonal,3-人造环境,Built or engineered environment,2026-01-11
EVID_183-M6,183,6,Brouwer (2024),Extended spectrum cephalosporin (ESC) resistant Escherichia coli: Trends and seasonality in the Netherlands from 2014 to 2022,Discussion-p.5-para.7,4-Discussion理论推测,Discussion theoretical interpretation,3-生态社会介导,Socio-ecological mediation,3b-人用抗生素,3b-人用抗生素,温度-季节平均温度变化,E.coli,耐药率上升,温度季节变化→除气温外，抗微生物使用量（antimicrobial usage）等改变选择景观→共同导致奶牛与犊牛部门ESC-resistant E. coli季节性上升,"“While the air temperature is considered in most studies mentioned above, other factors may play a role in the observed seasonality of ESC-resistant E. coli prevalence in dairy cattle and veal calves, for which antimicrobial usage is the most obvious.” (p.5, para.7)",2-观察性数据,Observational,3-理论推测,Theoretical support,4-不确定,Uncertain,2-观察累积,Observational cumulative/seasonal,3-人造环境,Built or engineered environment,2026-01-11
EVID_184-M1,184,1,irošová (2014),Pilot study of seasonal occurrence and distribution of antibiotics and drug resistant bacteria in wastewater treatment plants in Slovakia,Results and discussion-p.443-para.2,2-Results+Discussion整合,Results and discussion integration,2-环境介导,Environment-mediated pathways,2b-抗生素残留,2c-水文条件；2b-抗生素残留,其他-季节性,Coliforms,耐药率上升,其他-季节性（夏季）→夏季进水抗生素水平较高→污泥中细菌暴露于抗生素选择压力→庆大霉素/四环素耐药表型比例上升,"“Sampling was repeated also in summer. Prevalence of resistant coli_xFFFE_form strains in August decreased a little, especially in case of EUCAST re_xFFFE_sistance breakpoints. On the other hand, in summer sludge from plant B, an increase of gentamicin and tetracycline resistance according to the US norm was observed. This can be connected with the high levels of antibiotics in summer influent water in this plant.” (p.443, para.2)",2-观察性数据,Observational,2-间接数据支持,Indirect empirical support,1-促进AMR,Promoting AMR,2-观察累积,Observational cumulative/seasonal,3-人造环境,Built or engineered environment,2026-01-11
EVID_184-M2,184,2,Birošová (2014),Pilot study of seasonal occurrence and distribution of antibiotics and drug resistant bacteria in wastewater treatment plants in Slovakia,Results and discussion-p.443-para.3,2-Results+Discussion整合,Results and discussion integration,2-环境介导,Environment-mediated pathways,2b-抗生素残留,2b-抗生素残留,其他-季节性,Coliforms,耐药率上升,其他-季节性（夏季）→高水平耐药菌在夏季污泥中更常见→（作者解释）污泥“再生”+亚抑制浓度抗生素暴露→耐药水平进一步上升,"“Antibiotic concentrations exceeding the resistance breakpoints were chosen. Results are summa_xFFFE_rized in Fig. 1. It is evident that the prevalence of tetracycline, chloram_xFFFE_phenicol and gentamicin high-level resistant strains in the summer sludge increased.” (p.443, para.3)",2-观察性数据,Observational,2-间接数据支持,Indirect empirical support,1-促进AMR,Promoting AMR,2-观察累积,Observational cumulative/seasonal,3-人造环境,Built or engineered environment,2026-01-11
EVID_184-M3,184,3,Birošová (2014),Pilot study of seasonal occurrence and distribution of antibiotics and drug resistant bacteria in wastewater treatment plants in Slovakia,Results and discussion-p.443-para.3,3-Discussion数据解释,Discussion interpretation,2-环境介导,Environment-mediated pathways,2b-抗生素残留,2b-抗生素残留,其他-季节性,Coliforms,耐药率上升,其他-季节性→（污泥生态过程）部分耐药微生物留存并形成新群体→与亚抑制浓度抗生素共同作用→两厂耐药水平上升,"“The combination of this fact and the presence of antibiotics in subinhibitory concentrations can lead to the increase of resistance in both plants.” (p.443, para.3)",5-理论推测,Theoretical/projection,3-理论推测,Theoretical support,1-促进AMR,Promoting AMR,4-未明确,Conceptual or unclear,3-人造环境,Built or engineered environment,2026-01-11
EVID_184-M4,184,4,Birošová (2014),Pilot study of seasonal occurrence and distribution of antibiotics and drug resistant bacteria in wastewater treatment plants in Slovakia,Results and discussion-p.443-para.4,3-Discussion数据解释,Discussion interpretation,3-生态社会介导,Socio-ecological mediation,3b-人用抗生素,3b-人用抗生素,其他-季节性,Coliforms,耐药率上升,其他-季节性（冬季）→冬季污水中环丙沙星浓度高→环境中选择压力增强→高水平耐药表型更易出现/维持,"“Such high prevalence of strains with high-level resistance to these two types of antibiotics can be also caused by high concentrations of cipro_xFFFE_floxacin in wastewater in February, as well as by frequent use of these antibiotics in Slovakia.” (p.443, para.4)",5-理论推测,Theoretical/projection,3-理论推测,Theoretical support,1-促进AMR,Promoting AMR,4-未明确,Conceptual or unclear,3-人造环境,Built or engineered environment,2026-01-11
EVID_184-M5,184,5,Birošová (2014),Pilot study of seasonal occurrence and distribution of antibiotics and drug resistant bacteria in wastewater treatment plants in Slovakia,Conclusions-p.443-para.6,2-Results+Discussion整合,Results and discussion integration,2-环境介导,Environment-mediated pathways,2b-抗生素残留,2b-抗生素残留,其他-季节性,Coliforms,耐药率上升,其他-季节性（夏季 vs 冬季）→污泥细菌在不同季节暴露/累积不同选择压力→夏季污泥中对多类抗生素的高水平耐药菌更多→耐药率上升,"“In summer sludge, the number of bacteria with high-level resistance to all tested antibiotics (ampicillin, ciprofloxacin, gentamicin, tetracycline, and chloramphenicol) increased compared to the winter sludge.” (p.443, para.6)",2-观察性数据,Observational,2-间接数据支持,Indirect empirical support,1-促进AMR,Promoting AMR,2-观察累积,Observational cumulative/seasonal,3-人造环境,Built or engineered environment,2026-01-11
EVID_184-M6,184,6,Birošová (2014),Pilot study of seasonal occurrence and distribution of antibiotics and drug resistant bacteria in wastewater treatment plants in Slovakia,Conclusions-p.443-para.6,4-Discussion理论推测,Discussion theoretical interpretation,2-环境介导,Environment-mediated pathways,2b-抗生素残留,2b-抗生素残留,其他-季节性,未明确,耐药率上升,其他-季节性/污染负荷变化→环境微生物群承受选择压力→耐药性发展（宏观机制陈述）,"“Increasing pollution of the environment generates selective pressure on global environmental microbiota resulting in the development of an_xFFFE_tibiotic resistance.” (p.443, para.6)",5-理论推测,Theoretical/projection,3-理论推测,Theoretical support,1-促进AMR,Promoting AMR,4-未明确,Conceptual or unclear,5-未明确,Mixed or unspecified,2026-01-11
EVID_188-M1,188,1,Bandy (2021),"ESBL Activity, MDR, and Carbapenem Resistance among Predominant Enterobacterales Isolated in 2019",Results-p.3-para.3,1-Results实验数据,Results,3-生态社会介导,Socio-ecological mediation,3b 人用抗生素,3b-人用抗生素,温度-季节平均温度变化,E.coli; K.pneumoniae,耐药率上升,冬季（Quarter 4/低温季节）→可能伴随冬季感染就诊增加与抗菌药物使用上升→选择压力增强→E.coli对imipenem耐药、K.pneumoniae对meropenem耐药显著升高,"“In E. coli and K. pneumoniae, seasonal variation in the antimicrobial resistance rate was observed for imipenem (2.55 (1.21–5.37); p < 0.01) and meropenem (2.18 (1.01–4.67); p < 0.04), respectively.” (p.3, para.3)",2-观察性数据,Observational,2-间接数据支持,Indirect empirical support,1-促进AMR,Promoting AMR,2-观察累积,Observational cumulative/seasonal,4-宿主体内,Within host / clinical,2026-01-11
EVID_188-M2,188,2,Bandy (2021),"ESBL Activity, MDR, and Carbapenem Resistance among Predominant Enterobacterales Isolated in 2019",Results-p.5-Table 4（E. coli Seasonality）,1-Results实验数据,Results,3-生态社会介导,Socio-ecological mediation,3b 人用抗生素,3b-人用抗生素,温度-季节平均温度变化,E.coli,耐药率上升,冬季（Quarter 4）→用药/感染负担增加→选择压力增强→E.coli对imipenem耐药在冬季更高（OR=2.55，p=0.01）→碳青霉烯耐药率上升,"“E. coli Seasonality … Quarter 4 … 15 42 … 2.55 (1.21–5.37) … 0.01 … Quarters 1, 2 and 3 … 21 150” (p.5, Table 4)",2-观察性数据,Observational,1-直接实验验证,Direct empirical support,1-促进AMR,Promoting AMR,2-观察累积,Observational cumulative/seasonal,4-宿主体内,Within host / clinical,2026-01-11
EVID_188-M3,188,3,Bandy (2021),"ESBL Activity, MDR, and Carbapenem Resistance among Predominant Enterobacterales Isolated in 2019",Results-p.5-Table 4（K. pneumoniae Seasonality）,1-Results实验数据,Results,3-生态社会介导,Socio-ecological mediation,3b 人用抗生素,3b-人用抗生素,温度-季节平均温度变化,K.pneumoniae,耐药率上升,冬季（Quarter 4）→抗菌药物压力增加→选择压力增强→K.pneumoniae对meropenem耐药在冬季显著更高（OR=2.18，p=0.04）→碳青霉烯耐药率上升,"“K. pneumoniae Quarter 4 … 29 11 … 2.18 (1.01–4.67) … 0.04 … Quarters 1, 2 and 3 … 87 72” (p.5, Table 4)",2-观察性数据,Observational,1-直接实验验证,Direct empirical support,1-促进AMR,Promoting AMR,2-观察累积,Observational cumulative/seasonal,4-宿主体内,Within host / clinical,2026-01-11
EVID_188-M4,188,4,Bandy (2021),"ESBL Activity, MDR, and Carbapenem Resistance among Predominant Enterobacterales Isolated in 2019",Results-p.3-para.2,1-Results实验数据,Results,3-生态社会介导,Socio-ecological mediation,3b 人用抗生素,3b-人用抗生素,温度-季节平均温度变化,Enterobacterales（E.coli; K.pneumoniae; P.mirabilis）,耐药率上升,季节变化（Q1 vs Q2-4）→与抗菌药物暴露季节差异相伴→ESBL菌在一年中分布存在显著差异（Q2-4显著低于Q1）→耐药结局呈季节性波动,"“The ESBL isolates were observed with significantly (p < 0.05) lesser frequency in the samples received in the second, third, and fourth quarters of the year compared to the first quarter (January–March) (Table 3).” (p.3, para.2)",2-观察性数据,Observational,2-间接数据支持,Indirect empirical support,4-不确定,Uncertain,2-观察累积,Observational cumulative/seasonal,4-宿主体内,Within host / clinical,2026-01-11
EVID_188-M5,188,5,Bandy (2021),"ESBL Activity, MDR, and Carbapenem Resistance among Predominant Enterobacterales Isolated in 2019",Discussion-p.7-para.3,3-Discussion数据解释,Discussion interpretation,3-生态社会介导,Socio-ecological mediation,3b 人用抗生素,3b-人用抗生素,温度-季节平均温度变化,Enterobacterales,耐药率上升,冬季（低温季节）→抗菌药物消耗更高→抗菌药物耐药增加→表现为ESBL分离率与碳青霉烯耐药的季节性变化,"“The high frequency of ESBL isolation in winter may be a result of higher antimicrobial consumption during these months. Seasonal variation in antimicrobial resistance has been previously reported [38].” (p.7, para.3)",2-观察性数据,Observational,3-理论推测,Theoretical support,1-促进AMR,Promoting AMR,2-观察累积,Observational cumulative/seasonal,4-宿主体内,Within host / clinical,2026-01-11
EVID_188-M6,188,6,Bandy (2021),"ESBL Activity, MDR, and Carbapenem Resistance among Predominant Enterobacterales Isolated in 2019",Discussion-p.8-para.2,3-Discussion数据解释,Discussion interpretation,3-生态社会介导,Socio-ecological mediation,3b-人用抗生素,3b-人用抗生素,温度-季节平均温度变化,Enterobacteriaceae,耐药率上升,冬季→抗菌药物消耗与抗菌药物耐药同时增加→解释碳青霉烯耐药的季节差异（imipenem/meropenem冬季更高）→耐药率上升,"“Although this phenomenon needs further exploration, this variation can be explained from the fact that both antibiotic consumption and antimicrobial resistance increases in the winter season [38]. Furthermore, the present study observed approximately 30% of the Enterobacteriaceae infections in winter, which may explain the different resistance rates towards carbapenems.” (p.8, para.2)",2-观察性数据,Observational,3-理论推测,Theoretical support,1-促进AMR,Promoting AMR,2-观察累积,Observational cumulative/seasonal,4-宿主体内,Within host / clinical,2026-01-11
EVID_189-M1,189,1,Aslam (2010),"Characterization of antimicrobial resistance and seasonal prevalence of Escherichia coli O157:H7 recovered from commercial feedlots in Alberta, Canada",Results-p.323-para.2,1-Results实验数据,Results,1-直接生物学效应,Direct biological mechanisms,2f-其他环境介导,1a-生长代谢,温度-季节平均温度变化,E.coli O157:H7,耐药率上升,温度季节变化→PFGE聚类在夏季（May–Sept）更集中出现特定簇（clusters 4/5多见于夏季）→提示温暖季节更利于特定菌株存活/传播→与耐药型扩散风险相关,"“Isolates that grouped in clusters 1, 3 and 6 were recovered essentially year-round, whereas those from clusters 4 and 5 (except one isolate in Jan) were mostly obtained during the summer months (May–Sept; Fig. 2).” (p.323, para.2)",2-观察性数据,Observational,2-间接数据支持,Indirect empirical support,4-不确定,Uncertain,2-观察累积,Observational cumulative/seasonal,3-人造环境,Built or engineered environment,2026-01-11
EVID_189-M2,189,2,Aslam (2010),"Characterization of antimicrobial resistance and seasonal prevalence of Escherichia coli O157:H7 recovered from commercial feedlots in Alberta, Canada",Results-p.323-para.2,1-Results实验数据,Results,2-环境介导,Environment-mediated pathways,2f-其他环境介导,2a-微生物群落,温度-季节平均温度变化,E.coli O157:H7,耐药性差异/不确定,温度季节变化（冬春寒冷 vs 夏秋温暖）→冬春环境压力筛选更耐受的克隆型→冬春菌株PFGE更相似（相关性高）而夏秋遗传多样性更高→提示温暖季节促进多型株存活/引入→潜在影响耐药谱多样性,"“Analysis of PFGE patterns of E. coli O157:H7 isolates obtained during winter and spring were closely related (P < 0.001), whereas those isolated in the summer and fall months were not (P > 0.05; data not shown).” (p.323, para.2)",2-观察性数据,Observational,2-间接数据支持,Indirect empirical support,4-不确定,Uncertain,2-观察累积,Observational cumulative/seasonal,3-人造环境,Built or engineered environment,2026-01-11
EVID_189-M3,189,3,Aslam (2010),"Characterization of antimicrobial resistance and seasonal prevalence of Escherichia coli O157:H7 recovered from commercial feedlots in Alberta, Canada",Results-p.323-para.3,1-Results实验数据,Results,3-生态社会介导,Socio-ecological mediation,3c-兽用抗生素,3c-兽用抗生素,温度-季节平均温度变化,E.coli O157:H7,耐药率上升,畜种饲养系统差异→抗生素使用强度不同→选择压力不同→E.coli O157:H7在不同饲养场AMR比例差异大（A 69%，C 38%，B仅1%）,"“About 69% and 38% of isolates from feedlot A and C, respectively, exhibited AMR (Table 1). Only 1 of the 91 isolates (1%) from feedlot B showed resistance to multiple antimicrobials.” (p.323, para.3)",2-观察性数据,Observational,2-间接数据支持,Indirect empirical support,4-不确定,Uncertain,2-观察累积,Observational cumulative/seasonal,3-人造环境,Built or engineered environment,2026-01-11
EVID_189-M4,189,4,Aslam (2010),"Characterization of antimicrobial resistance and seasonal prevalence of Escherichia coli O157:H7 recovered from commercial feedlots in Alberta, Canada",Discussion-p.325-para.1,3-Discussion数据解释,Discussion interpretation,3-生态社会介导,Socio-ecological mediation,3c-兽用抗生素,3c-兽用抗生素,降水-干旱/温度-季节平均温度变化,E.coli O157:H7,耐药率上升,干燥温和气候→动物疾病压力较低/抗生素使用更少→选择压力减弱→饲养场AMR更低（feedlot B最低）,"“The calves in feedlot B with lower AMR were sourced from large ranches with extensive animal rearing systems and with minimal if any antibiotic use. Also, a dry and mild climate than other two feedlots might have contributed to lower antibiotic use and thus less AMR.” (p.325, para.1)",2-观察性数据,Observational,3-理论推测,Theoretical support,2-抑制AMR,Suppressing AMR,2-观察累积,Observational cumulative/seasonal,3-人造环境,Built or engineered environment,2026-01-11
EVID_189-M5,189,5,Aslam (2010),"Characterization of antimicrobial resistance and seasonal prevalence of Escherichia coli O157:H7 recovered from commercial feedlots in Alberta, Canada",Discussion-p.324-para.5,3-Discussion数据解释,Discussion interpretation,2-环境介导,Environment-mediated pathways,2f-其他环境介导,2a-微生物群落,温度-季节平均温度变化,E.coli O157:H7,耐药性差异/不确定,冬季低温→部分菌株更能耐受低温/冻结环境→冬春残留菌群更“resident”且多样性下降→提示低温环境对菌株生态筛选→影响耐药菌持续存在,"“This appears to suggest that certain genetic types of E. coli O157:H7 can survive better than others during winter months. Previously, Bach et al. (2005b) documented differential survival among strains of E. coli O157:H7 that were exposed to freezing temperatures. These low-temperature resistant types of E. coli may constitute a resident population in cattle and account for the reduced genetic diversity of E. coli O157:H7 isolates during the winter and spring season.” (p.324, para.5)",2-观察性数据,Observational,3-理论推测,Theoretical support,4-不确定,Uncertain,2-观察累积,Observational cumulative/seasonal,3-人造环境,Built or engineered environment,2026-01-11
EVID_189-M6,189,6,Aslam (2010),"Characterization of antimicrobial resistance and seasonal prevalence of Escherichia coli O157:H7 recovered from commercial feedlots in Alberta, Canada",Discussion-p.324-para.6,3-Discussion数据解释,Discussion interpretation,2-环境介导,Environment-mediated pathways,2f-其他环境介导,1a-生长代谢；2a-微生物群落,温度-季节平均温度变化,E.coli O157:H7,耐药性差异/不确定,夏季温暖→环境更利于细菌生长与持续→更多PFGE类型能够存活→菌株多样性显著提高→可能增加不同耐药谱并存与传播机会,"“The majority of PFGE types of E. coli O157:H7 obtained during summer and fall seasons were unique. This could be because of survival of more PFGE types under environmental conditions that are more conducive for growth and persistence during the summer season.” (p.324, para.6)",2-观察性数据,Observational,3-理论推测,Theoretical support,4-不确定,Uncertain,2-观察累积,Observational cumulative/seasonal,3-人造环境,Built or engineered environment,2026-01-11
EVID_190-M1,190,1,Asencio Egea (2018),Trend and seasonality of community-acquired Escherichia coli antimicrobial resistance and its dynamic relationship with antimicrobial use assessed by ARIMA models,Results-p.504-para.2,1-Results实验数据,Results,3-生态社会介导,Socio-ecological mediation,2b-抗生素残留,3b-人用抗生素,其他-季节性,E.coli,耐药率上升,其他-季节性（秋冬）→社区处方抗生素使用/暴露季节变化→选择压力增强→社区获得性E.coli对AMC与CIP耐药在秋冬显著升高,"“Regarding seasonal variations, resistance to AMC and CIP increased significantly in autumn and winter—CIP in December (IRR: 1.27; 95% CI: 1.03–1.57; p = 0.025) and AMC in September (IRR: 1.30; 95% CI: 1.01–1.68; p = 0.039), October (IRR: 1.41; 95% CI: 1.10–1.81; p = 0.007) and December (IRR: 2.19; 95% CI: 1.03–1.70; p = 0.029).” (p.504, para.2)",2-观察性数据,Observational,2-间接数据支持,Indirect empirical support,1-促进AMR,Promoting AMR,2-观察累积,Observational cumulative/seasonal,3-人造环境,Built or engineered environment,2026-01-12
EVID_190-M2,190,2,Asencio Egea (2018),Trend and seasonality of community-acquired Escherichia coli antimicrobial resistance and its dynamic relationship with antimicrobial use assessed by ARIMA models,Results-p.504-para.3,1-Results实验数据,Results,3-生态社会介导,Socio-ecological mediation,3b-人用抗生素,3b-人用抗生素,其他-季节性,E.coli,耐药率上升,其他-季节性→秋冬/特定月份抗生素处方量上升（社区用药行为变化）→滞后2–12个月→社区获得性E.coli出现相应耐药,"“A positive relationship is seen between the prescription of these antimicrobials and the development of resistance in community-acquired E. coli, with a delay ranging from 2 to 12 months.” (p.504, para.3)",3-模型模拟,Model-based,1-直接实验验证,Direct empirical support,1-促进AMR,Promoting AMR,3-模型演化,Model/evolutionary,2-自然环境,Natural environment,2026-01-12
EVID_190-M3,190,3,Asencio Egea (2018),Trend and seasonality of community-acquired Escherichia coli antimicrobial resistance and its dynamic relationship with antimicrobial use assessed by ARIMA models,Results（Fig.1文字说明）-p.504-para.1,1-Results实验数据,Results,3-生态社会介导,Socio-ecological mediation,3b-人用抗生素,3b-人用抗生素,其他-季节性,E.coli,耐药率上升,其他-季节性/用药变化→社区处方阿莫西林-克拉维酸、复方新诺明、磷霉素增加→分别滞后12/7/10个月→对应耐药出现（模型显著相关）,"“Antimicrobials Delay (months) Measurement of association p Amoxicillin–clavulanic acid 12 1.92% 0.015 Ciprofloxacin 2 0.21% 0.32 Co-trimoxazole 7 24.4% 0.038 Fosfomycin 10 24.5% 0.024” (p.504, para.1; Fig. 1 table)",3-模型模拟,Model-based,1-直接实验验证,Direct empirical support,1-促进AMR,Promoting AMR,3-模型演化,Model/evolutionary,2-自然环境,Natural environment,2026-01-12
EVID_190-M4,190,4,Asencio Egea (2018),Trend and seasonality of community-acquired Escherichia coli antimicrobial resistance and its dynamic relationship with antimicrobial use assessed by ARIMA models,Discussion-p.505-para.4,3-Discussion数据解释,Discussion interpretation,3-生态社会介导,Socio-ecological mediation,3b-人用抗生素,3b-人用抗生素,其他-季节性,E.coli,耐药率上升,其他-季节性/社区抗生素使用增加→选择压力增强→预计7/10/12个月后耐药上升（基于模型预测）,"“According to our study, each increase by one unit in the use of SXT, F, and AMC is expected to result in an increase in resistance with delays of seven, 10 and 12 months, respectively.” (p.505, para.4)",3-模型模拟,Model-based,1-直接实验验证,Direct empirical support,1-促进AMR,Promoting AMR,3-模型演化,Model/evolutionary,2-自然环境,Natural environment,2026-01-12
EVID_190-M5,190,5,Asencio Egea (2018),Trend and seasonality of community-acquired Escherichia coli antimicrobial resistance and its dynamic relationship with antimicrobial use assessed by ARIMA models,Conclusion-p.505-para.7,2-Results+Discussion整合,Results and discussion integration,3-生态社会介导,Socio-ecological mediation,3b-人用抗生素,3b-人用抗生素,其他-季节性,E.coli,耐药率上升,其他-季节性/抗菌药使用↑→社区获得性E.coli耐药发展↑→延迟7–12个月出现耐药结局（综合结论）,"“In conclusion, we found a positive relationship between the use of the antimicrobials analysed and the development of resistance in community-acquired E. coli. This relationship was significant for AMC, SXT and F. The delay in the development of these forms of resistance ranged from seven to 12 months.” (p.505, para.7)",3-模型模拟,Model-based,1-直接实验验证,Direct empirical support,1-促进AMR,Promoting AMR,3-模型演化,Model/evolutionary,2-自然环境,Natural environment,2026-01-12
EVID_192-M1,192,1,Al Salah (2020),Hospital wastewaters: A reservoir and source of clinically relevant bacteria and antibiotic resistant genes dissemination in urban river under tropical conditions,Results and discussion-p.3-para.6,2-Results+Discussion整合,Results and discussion integration,2-环境介导,Environment-mediated pathways,2b-抗生素残留,2c-水文条件；2b-抗生素残留,降水-季节模式改变,E.coli; Enterobacteriaceae,耐药菌丰度增加,降水季节变化（湿季径流↑）→医院污水在湿季被runoff water稀释→干季稀释弱导致污染物/ARB浓缩→干季医院贡献的总菌与耐药菌（E.coli与Enterobacteriaceae）显著更高→耐药菌丰度增加,"“In the dry season, the hospital contributes substantial number of total and antibiotic resistant E. coli and Enterobacteriaceae to the surface water (p < 0.05); however, not in the wet season (p > 0.05). This can be explained by dilution of the effluent by the runoff water during the wet season.” (p.3, para.6)",2-观察性数据,Observational,2-间接数据支持,Indirect empirical support,1-促进AMR,Promoting AMR,2-观察累积,Observational cumulative/seasonal,2-自然环境,Natural environment,2026-01-12
EVID_192-M2,192,2,Al Salah (2020),Hospital wastewaters: A reservoir and source of clinically relevant bacteria and antibiotic resistant genes dissemination in urban river under tropical conditions,Results and discussion-p.4-para.4,2-Results+Discussion整合,Results and discussion integration,2-环境介导,Environment-mediated pathways,2b-抗生素残留,2c-水文条件；2b-抗生素残留,降水-季节模式改变,E.coli; Enterobacteriaceae,耐药菌丰度增加,降水减少（干季）→径流稀释效应下降→水体中可培养总菌与耐药菌水平更高→干季总体耐药菌丰度高于湿季,"“Overall the amounts of cultivable total and antibiotic resistant E. coli and Enterobacteriaceae in surface water were higher in dry season than in wet season, which could be attributed to the dilution by runoff as concluded by studies conducted under similar tropical conditions in Vietnam and India (Hoa et al., 2011; Pathak et al., 1993).” (p.4, para.4)",2-观察性数据,Observational,2-间接数据支持,Indirect empirical support,1-促进AMR,Promoting AMR,2-观察累积,Observational cumulative/seasonal,2-自然环境,Natural environment,2026-01-12
EVID_192-M3,192,3,Al Salah (2020),Hospital wastewaters: A reservoir and source of clinically relevant bacteria and antibiotic resistant genes dissemination in urban river under tropical conditions,Results and discussion-p.6-para.5,3-Discussion数据解释,Discussion interpretation,2-环境介导,Environment-mediated pathways,2b-抗生素残留,2b-抗生素残留,降水-季节模式改变,E.coli; Enterobacteriaceae; Enterococcus; Pseudomonas,耐药基因丰度增加,干季降雨少→污染物稀释弱/沉积物中污染富集→细菌标志物与ARG标准化丰度在干季更高→ARG丰度增加,"“The seasons have significant effect on cultivable total and antibiotic resistant E. coli and Enterobacteriaceae, relevant bacterial markers, and ARGs in the sediment. However, the seasons didn't have any significant effect in the propagation of cultivable total and antibiotic resistant E. coli and Enterobacteriaceae in surface water (p > 0.05). The normalized values of ARGs and bacterial markers generally are higher in the dry season.” (p.6, para.5)",2-观察性数据,Observational,2-间接数据支持,Indirect empirical support,1-促进AMR,Promoting AMR,2-观察累积,Observational cumulative/seasonal,2-自然环境,Natural environment,2026-01-12
EVID_192-M4,192,4,Al Salah (2020),Hospital wastewaters: A reservoir and source of clinically relevant bacteria and antibiotic resistant genes dissemination in urban river under tropical conditions,Conclusion-p.7-para.3,2-Results+Discussion整合,Results and discussion integration,2-环境介导,Environment-mediated pathways,2b-抗生素残留,2c-水文条件；2b-抗生素残留,降水-季节模式改变,E.coli; Enterobacteriaceae,耐药菌丰度增加,干季降雨少→医院污水不易被径流稀释→干季医院对地表水中总菌与耐药菌贡献更显著→耐药菌丰度增加,"“Also, the hospitals contribute significantly total and antibiotic resistant E. coli and Enterobacteriaceae to the pollution of surface waters with the same bacteria only in the dry season. The hospital effluents go under dilution from the runoff during the wet season, which limits the impact.” (p.7, para.3)",2-观察性数据,Observational,2-间接数据支持,Indirect empirical support,1-促进AMR,Promoting AMR,2-观察累积,Observational cumulative/seasonal,2-自然环境,Natural environment,2026-01-12
EVID_192-M5,192,5,Al Salah (2020),Hospital wastewaters: A reservoir and source of clinically relevant bacteria and antibiotic resistant genes dissemination in urban river under tropical conditions,Introduction-p.2-para.2,4-Discussion理论推测,Discussion theoretical interpretation,1-直接生物学效应,Direct biological mechanisms,1e-HGT转导,1c-水平基因转移（接合）,温度-季节平均温度变化,E.coli,耐药基因传播,热带温暖条件→HGT（质粒接合）速率更高→E.coli更易获得携带耐药基因质粒→耐药基因传播增强,"“Moreover, the situation worsens under tropical conditions compared to temperate climates because Horizontal Gene Transfer (HGT) occurs at a higher rate under tropical conditions. It has been demonstrated that E. coli received antibiotic resistance encoding plasmids at a much higher rate under tropical conditions compare to temperate climate (Devarajan et al., 2017).” (p.2, para.2)",5-理论推测,Theoretical/projection,4-文献综述总结,Review-based support,1-促进AMR,Promoting AMR,4-未明确,Conceptual or unclear,2-自然环境,Natural environment,2026-01-12
EVID_194-M1,194,1,Abdelfattah (2025),Antimicrobial drug use and its association with antimicrobial resistance in fecal commensals from cows on California dairies,Results-p.7-para.3,1-Results实验数据,Results,3-生态社会介导,Socio-ecological mediation,3a-疾病负担,3b-人用抗生素（感染增加）,其他-季节性,E.coli,耐药率上升,其他-季节性（冬季 vs 夏季）→季节相关环境/管理差异与疾病压力变化→粪便E.coli对多种药物耐药发生概率更高→耐药率上升,"""The odds of resistance against ceftiofur, tetracycline, or trimethoprim-sulfamethoxazole in fecal E. coli were significantly higher in the winter than in the summer (p < 0.05)."" (p.7, para.3)",2-观察性数据,Observational,2-间接数据支持,Indirect empirical support,1-促进AMR,Promoting AMR,2-观察累积,Observational cumulative/seasonal,3-人造环境,Built or engineered environment,2026-01-12
EVID_194-M2,194,2,Abdelfattah (2025),Antimicrobial drug use and its association with antimicrobial resistance in fecal commensals from cows on California dairies,Results-p.13-para.4,1-Results实验数据,Results,3-生态社会介导,Socio-ecological mediation,3c-兽用抗生素,3c-兽用抗生素,其他-季节性,E.coli,耐药率上升,其他-季节性（跨季节饲养/疾病谱差异）→兽用抗菌药物治疗行为与暴露模式改变→与耐药表型（四环素耐药）发生概率升高相关→耐药率上升,"""Systemic administration of ceftiofur hydrochloride IM for treatment of lameness and unknown disease conditions during lactation was significantly associated with higher odds of tetracycline-resistant E. coli (p = 0.02)."" (p.13, para.4)",2-观察性数据,Observational,2-间接数据支持,Indirect empirical support,1-促进AMR,Promoting AMR,2-观察累积,Observational cumulative/seasonal,3-人造环境,Built or engineered environment,2026-01-12
EVID_194-M3,194,3,Abdelfattah (2025),Antimicrobial drug use and its association with antimicrobial resistance in fecal commensals from cows on California dairies,Results-p.7-para.4,1-Results实验数据,Results,3-生态社会介导,Socio-ecological mediation,3a-疾病负担,3c-兽用抗生素,其他-季节性,Enterococcus spp.; Streptococcus spp.,耐药率上升,其他-季节性（夏季 vs 冬季）→季节相关环境与饲养条件差异→粪便ES对多类药物耐药发生概率在夏季更高→耐药率上升,"""The odds of resistance against tetracycline, florfenicol, tilmicosin, tildipirosin, or tiamulin in fecal ES were significantly higher in the summer than in the winter (p < 0.01)."" (p.7, para.4)",2-观察性数据,Observational,2-间接数据支持,Indirect empirical support,1-促进AMR,Promoting AMR,2-观察累积,Observational cumulative/seasonal,3-人造环境,Built or engineered environment,2026-01-12
EVID_194-M4,194,4,Abdelfattah (2025),Antimicrobial drug use and its association with antimicrobial resistance in fecal commensals from cows on California dairies,Discussion-p.13-para.2,4-Discussion理论推测,Discussion theoretical interpretation,3-生态社会介导,Socio-ecological mediation,3a-疾病负担,3b-人用抗生素（感染增加）,其他-季节性,E.coli,耐药率上升,其他-季节性（冬季）→“temperature differences”与随季节变化的用药/疾病负担增加→冬季E.coli更易表现对多药耐药→耐药率上升,"""Our study reports on differences in resistance between the two seasons within the study period. Specifically, E. coli isolated from fecal samples in dairy farms during the study’s winter season were more resistant to ceftiofur, tetracycline, or trimethoprim-sulfamethoxazole than E. coli recovered during the summer. Possible reasons for the increased occurrence of AMR in E. coli during the winter season are the influence of temperature differences and AMD use."" (p.13, para.2)",5-理论推测,Theoretical/projection,3-理论推测,Theoretical support,1-促进AMR,Promoting AMR,4-未明确,Conceptual or unclear,3-人造环境,Built or engineered environment,2026-01-12
EVID_194-M5,194,5,Abdelfattah (2025),Antimicrobial drug use and its association with antimicrobial resistance in fecal commensals from cows on California dairies,Discussion-p.13-para.3,3-Discussion数据解释,Discussion interpretation,3-生态社会介导,Socio-ecological mediation,2f-其他环境介导,3f-农业实践,其他-季节性,E.coli,耐药率上升,其他-季节性（地区气候差异：更温和/更多降水 vs 更高温/更少降雨）→影响奶牛饲养环境与管理（如放牧暴露、圈舍形式）→区域间AMR差异→耐药率上升,"""The regional differences in AMR could also be attributed to the regional differences in climate and its associated management practices, such as exposure to pasture. Compared to southern regions, the NCA climate is milder and has more precipitation,1 allowing cows on one of the NCA dairies to be exclusively on pasture, on a second dairy with some pasture access, while the third had no access to pasture. In contrast, the higher temperatures and lower rainfall in NSJV and GSCA limited their dairy cow housing to dry lots or free stall pens."" (p.13, para.3)",5-理论推测,Theoretical/projection,3-理论推测,Theoretical support,4-不确定,Uncertain,4-未明确,Conceptual or unclear,3-人造环境,Built or engineered environment,2026-01-12
EVID_196-M1,196,1,Abatih (2009),"Regional, Seasonal, and Temporal Variations in the Prevalence of Antimicrobial-Resistant Escherichia coli Isolated from Pigs at Slaughter in Denmark (1997–2005)",Results-p.311-para.3,1-Results实验数据,Results,3-生态社会介导,Socio-ecological mediation,3c-兽用抗生素,3c-兽用抗生素,温度-季节性变化,E.coli,耐药菌分离率上升,温度-季节性变化（冬季）→（同年仅季节变量显著）冬季相对春季/秋季的耐药分离风险显著更高（OR升高）→耐药菌分离率上升,"“For this year, only season was found to have a significant effect on the prevalence of ampicillin-resistant E. coli ( p < 0.05). The odds ratios obtained from the model suggested that in 1999 ampicillin-resistant E. coli was more likely to occur in the winter months as compared to the spring months (OR ¼ 8.1; 95% CI: 2.3, 28.6). In addition, ampicillin-resistant E. coli was more likely to be isolated in the winter months as compared to the autumn months (OR ¼ 5.1; 95% CI: 1.6, 15.9).” (p.311, para.3)",2-观察性数据,Observational,2-间接数据支持,Indirect empirical support,1-促进AMR,Promoting AMR,2-观察累积,Observational cumulative/seasonal,3-人造环境,Built or engineered environment,2026-01-12
EVID_196-M2,196,2,Abatih (2009),"Regional, Seasonal, and Temporal Variations in the Prevalence of Antimicrobial-Resistant Escherichia coli Isolated from Pigs at Slaughter in Denmark (1997–2005)",Results-p.311-para.4,1-Results实验数据,Results,3-生态社会介导,Socio-ecological mediation,3c-兽用抗生素,3c-兽用抗生素,温度-季节性变化,E.coli,耐药菌分离率上升,温度-季节性变化（冬季）→1997/1999年冬季相对夏季/春季/秋季的耐药发生优势比更高→冬季耐药分离率上升,"“The occurrence of resistance was about 2.2 times more likely in the winter months as compared to the summer months in 1997. Also in 1999 the odds of resistance occurring were about four, two, and eight times higher in the winter months as compared to the spring, summer, and autumn months, respectively (Table 3).” (p.311, para.4)",2-观察性数据,Observational,2-间接数据支持,Indirect empirical support,1-促进AMR,Promoting AMR,2-观察累积,Observational cumulative/seasonal,3-人造环境,Built or engineered environment,2026-01-12
EVID_196-M3,196,3,Abatih (2009),"Regional, Seasonal, and Temporal Variations in the Prevalence of Antimicrobial-Resistant Escherichia coli Isolated from Pigs at Slaughter in Denmark (1997–2005)",Results-p.317-para.1,1-Results实验数据,Results,3-生态社会介导,Socio-ecological mediation,3c-兽用抗生素,3c-兽用抗生素,温度-季节性变化,E.coli,耐药菌分离率上升,温度-季节性变化（冬季 vs 其他季节）→不同季节间耐药菌分离概率存在显著差异（冬季对照）→耐药菌分离率发生季节性波动,"“The estimated odds ratios suggested that resistant E. coli was more likely to be isolated in the winter months as compared to spring (OR ¼ 3.9; 95% CI: 1.9, 7.9), summer (OR ¼ 3.7; 95% CI: 1.8, 7.5), and autumn months (OR ¼ 7.8; 95% CI: 3.4, 17.9).” (p.317, para.1)",2-观察性数据,Observational,2-间接数据支持,Indirect empirical support,1-促进AMR,Promoting AMR,2-观察累积,Observational cumulative/seasonal,3-人造环境,Built or engineered environment,2026-01-12
EVID_196-M4,196,4,Abatih (2009),"Regional, Seasonal, and Temporal Variations in the Prevalence of Antimicrobial-Resistant Escherichia coli Isolated from Pigs at Slaughter in Denmark (1997–2005)",Discussion-p.317-para.1,4-Discussion理论推测,Discussion theoretical interpretation,3-生态社会介导,Socio-ecological mediation,3c-兽用抗生素,3c-兽用抗生素,温度-季节性变化,E.coli,耐药菌分离率上升,温度-季节性变化（冬季）→猪冬季呼吸道感染用药增加→抗菌药物选择压力增加→冬季分离到耐药E.coli的可能性更高→耐药菌分离率上升,"“The estimated odds ratios suggested that the likelihood of isolation of ampicillin- and streptomycin-resistant E. coli was higher in the winter months as compared to the other seasons. This could be explained by the increase in antimicrobial selective pressure resulting from an increase in the consumption of antimicrobial agents prescribed for respiratory infections in the winter months for pigs.” (p.317, para.1)",5-理论推测,Theoretical/projection,3-理论推测,Theoretical support,1-促进AMR,Promoting AMR,4-未明确,Conceptual or unclear,3-人造环境,Built or engineered environment,2026-01-12
EVID_196-M5,196,5,Abatih (2009),"Regional, Seasonal, and Temporal Variations in the Prevalence of Antimicrobial-Resistant Escherichia coli Isolated from Pigs at Slaughter in Denmark (1997–2005)",Discussion-p.318-para.3,3-Discussion数据解释,Discussion interpretation,3-生态社会介导,Socio-ecological mediation,3c-兽用抗生素,3c-兽用抗生素,温度-季节性变化,E.coli,耐药菌分离率上升,温度-季节性变化（冬季）→（空间差异叠加）冬季与特定地区（southern Jutland）与更高耐药发生风险相关→高风险时空聚集→耐药菌分离率上升,"“Also, we found that the winter months and the southern part of Jutland were associated with an increased risk for the occurrence of resistant E. coli.” (p.318, para.3)",2-观察性数据,Observational,2-间接数据支持,Indirect empirical support,1-促进AMR,Promoting AMR,2-观察累积,Observational cumulative/seasonal,3-人造环境,Built or engineered environment,2026-01-12
